Command line invocation:
    /Applications/Xcode.app/Contents/Developer/usr/bin/xcodebuild build -project NEXUSStudyPad.xcodeproj -scheme NEXUSStudyPad -configuration Release -destination "generic/platform=iOS Simulator" -derivedDataPath .build/Phase2Release CODE_SIGNING_ALLOWED=NO

Build settings from command line:
    CODE_SIGNING_ALLOWED = NO

ComputePackagePrebuildTargetDependencyGraph

Prepare packages

CreateBuildRequest

SendProjectDescription

CreateBuildOperation

ComputeTargetDependencyGraph
note: Building targets in dependency order
note: Target dependency graph (1 target)
    Target 'NEXUSStudyPad' in project 'NEXUSStudyPad' (no dependencies)

GatherProvisioningInputs

CreateBuildDescription

ExecuteExternalTool /Applications/Xcode.app/Contents/Developer/Toolchains/XcodeDefault.xctoolchain/usr/bin/clang -v -E -dM -isysroot /Applications/Xcode.app/Contents/Developer/Platforms/iPhoneSimulator.platform/Developer/SDKs/iPhoneSimulator26.5.sdk -x c -c /dev/null

ExecuteExternalTool /Applications/Xcode.app/Contents/Developer/usr/bin/xcstringstool compile --dry-run --output-directory /Users/mecid/Desktop/OKUL /projeler/NEXUS/NEXUSStudyPad/.build/Phase2Release/Build/Intermediates.noindex/NEXUSStudyPad.build/Release-iphonesimulator/NEXUSStudyPad.build /Users/mecid/Desktop/OKUL /projeler/NEXUS/NEXUSStudyPad/NEXUSStudyPad/Resources/Localizable.xcstrings

ExecuteExternalTool /Applications/Xcode.app/Contents/Developer/usr/bin/actool --print-asset-tag-combinations --output-format xml1 /Users/mecid/Desktop/OKUL /projeler/NEXUS/NEXUSStudyPad/NEXUSStudyPad/Resources/Assets.xcassets

ExecuteExternalTool /Applications/Xcode.app/Contents/Developer/usr/bin/actool --version --output-format xml1

ExecuteExternalTool /Applications/Xcode.app/Contents/Developer/Toolchains/XcodeDefault.xctoolchain/usr/bin/swiftc --version

ExecuteExternalTool /Applications/Xcode.app/Contents/Developer/Toolchains/XcodeDefault.xctoolchain/usr/bin/ld -version_details

Build description signature: 3ef7af652886f41c2c86f1fd02f63957
Build description path: /Users/mecid/Desktop/OKUL /projeler/NEXUS/NEXUSStudyPad/.build/Phase2Release/Build/Intermediates.noindex/XCBuildData/3ef7af652886f41c2c86f1fd02f63957.xcbuilddata
ClangStatCache /Applications/Xcode.app/Contents/Developer/Toolchains/XcodeDefault.xctoolchain/usr/bin/clang-stat-cache /Applications/Xcode.app/Contents/Developer/Platforms/iPhoneSimulator.platform/Developer/SDKs/iPhoneSimulator26.5.sdk /Users/mecid/Desktop/OKUL\ /projeler/NEXUS/NEXUSStudyPad/.build/Phase2Release/SDKStatCaches.noindex/iphonesimulator26.5-23F81a-6cfe768891a92b912361537c460fe42b.sdkstatcache
    cd /Users/mecid/Desktop/OKUL\ /projeler/NEXUS/NEXUSStudyPad/NEXUSStudyPad.xcodeproj
    /Applications/Xcode.app/Contents/Developer/Toolchains/XcodeDefault.xctoolchain/usr/bin/clang-stat-cache /Applications/Xcode.app/Contents/Developer/Platforms/iPhoneSimulator.platform/Developer/SDKs/iPhoneSimulator26.5.sdk -o /Users/mecid/Desktop/OKUL\ /projeler/NEXUS/NEXUSStudyPad/.build/Phase2Release/SDKStatCaches.noindex/iphonesimulator26.5-23F81a-6cfe768891a92b912361537c460fe42b.sdkstatcache

CreateBuildDirectory /Users/mecid/Desktop/OKUL\ /projeler/NEXUS/NEXUSStudyPad/.build/Phase2Release/Build/Products
    cd /Users/mecid/Desktop/OKUL\ /projeler/NEXUS/NEXUSStudyPad/NEXUSStudyPad.xcodeproj
    builtin-create-build-directory /Users/mecid/Desktop/OKUL\ /projeler/NEXUS/NEXUSStudyPad/.build/Phase2Release/Build/Products

CreateBuildDirectory /Users/mecid/Desktop/OKUL\ /projeler/NEXUS/NEXUSStudyPad/.build/Phase2Release/Build/Intermediates.noindex
    cd /Users/mecid/Desktop/OKUL\ /projeler/NEXUS/NEXUSStudyPad/NEXUSStudyPad.xcodeproj
    builtin-create-build-directory /Users/mecid/Desktop/OKUL\ /projeler/NEXUS/NEXUSStudyPad/.build/Phase2Release/Build/Intermediates.noindex

CreateBuildDirectory /Users/mecid/Desktop/OKUL\ /projeler/NEXUS/NEXUSStudyPad/.build/Phase2Release/Build/Intermediates.noindex/SwiftExplicitPrecompiledModules
    cd /Users/mecid/Desktop/OKUL\ /projeler/NEXUS/NEXUSStudyPad/NEXUSStudyPad.xcodeproj
    builtin-create-build-directory /Users/mecid/Desktop/OKUL\ /projeler/NEXUS/NEXUSStudyPad/.build/Phase2Release/Build/Intermediates.noindex/SwiftExplicitPrecompiledModules

CreateBuildDirectory /Users/mecid/Desktop/OKUL\ /projeler/NEXUS/NEXUSStudyPad/.build/Phase2Release/Build/Intermediates.noindex/ExplicitPrecompiledModules
    cd /Users/mecid/Desktop/OKUL\ /projeler/NEXUS/NEXUSStudyPad/NEXUSStudyPad.xcodeproj
    builtin-create-build-directory /Users/mecid/Desktop/OKUL\ /projeler/NEXUS/NEXUSStudyPad/.build/Phase2Release/Build/Intermediates.noindex/ExplicitPrecompiledModules

WriteAuxiliaryFile /Users/mecid/Desktop/OKUL\ /projeler/NEXUS/NEXUSStudyPad/.build/Phase2Release/Build/Intermediates.noindex/NEXUSStudyPad.build/Release-iphonesimulator/NEXUSStudyPad-1461429eb36fd68e752e3d5e378957f1-VFS-iphonesimulator/all-product-headers.yaml
    cd /Users/mecid/Desktop/OKUL\ /projeler/NEXUS/NEXUSStudyPad/NEXUSStudyPad.xcodeproj
    write-file /Users/mecid/Desktop/OKUL\ /projeler/NEXUS/NEXUSStudyPad/.build/Phase2Release/Build/Intermediates.noindex/NEXUSStudyPad.build/Release-iphonesimulator/NEXUSStudyPad-1461429eb36fd68e752e3d5e378957f1-VFS-iphonesimulator/all-product-headers.yaml

CreateBuildDirectory /Users/mecid/Desktop/OKUL\ /projeler/NEXUS/NEXUSStudyPad/.build/Phase2Release/Build/Intermediates.noindex/EagerLinkingTBDs/Release-iphonesimulator
    cd /Users/mecid/Desktop/OKUL\ /projeler/NEXUS/NEXUSStudyPad/NEXUSStudyPad.xcodeproj
    builtin-create-build-directory /Users/mecid/Desktop/OKUL\ /projeler/NEXUS/NEXUSStudyPad/.build/Phase2Release/Build/Intermediates.noindex/EagerLinkingTBDs/Release-iphonesimulator

CreateBuildDirectory /Users/mecid/Desktop/OKUL\ /projeler/NEXUS/NEXUSStudyPad/.build/Phase2Release/Build/Products/Release-iphonesimulator
    cd /Users/mecid/Desktop/OKUL\ /projeler/NEXUS/NEXUSStudyPad/NEXUSStudyPad.xcodeproj
    builtin-create-build-directory /Users/mecid/Desktop/OKUL\ /projeler/NEXUS/NEXUSStudyPad/.build/Phase2Release/Build/Products/Release-iphonesimulator

WriteAuxiliaryFile /Users/mecid/Desktop/OKUL\ /projeler/NEXUS/NEXUSStudyPad/.build/Phase2Release/Build/Intermediates.noindex/NEXUSStudyPad.build/Release-iphonesimulator/NEXUSStudyPad.build/empty-NEXUSStudyPad.plist (in target 'NEXUSStudyPad' from project 'NEXUSStudyPad')
    cd /Users/mecid/Desktop/OKUL\ /projeler/NEXUS/NEXUSStudyPad
    write-file /Users/mecid/Desktop/OKUL\ /projeler/NEXUS/NEXUSStudyPad/.build/Phase2Release/Build/Intermediates.noindex/NEXUSStudyPad.build/Release-iphonesimulator/NEXUSStudyPad.build/empty-NEXUSStudyPad.plist

WriteAuxiliaryFile /Users/mecid/Desktop/OKUL\ /projeler/NEXUS/NEXUSStudyPad/.build/Phase2Release/Build/Intermediates.noindex/NEXUSStudyPad.build/Release-iphonesimulator/NEXUSStudyPad.build/Objects-normal/x86_64/NEXUSStudyPad_const_extract_protocols.json (in target 'NEXUSStudyPad' from project 'NEXUSStudyPad')
    cd /Users/mecid/Desktop/OKUL\ /projeler/NEXUS/NEXUSStudyPad
    write-file /Users/mecid/Desktop/OKUL\ /projeler/NEXUS/NEXUSStudyPad/.build/Phase2Release/Build/Intermediates.noindex/NEXUSStudyPad.build/Release-iphonesimulator/NEXUSStudyPad.build/Objects-normal/x86_64/NEXUSStudyPad_const_extract_protocols.json

WriteAuxiliaryFile /Users/mecid/Desktop/OKUL\ /projeler/NEXUS/NEXUSStudyPad/.build/Phase2Release/Build/Intermediates.noindex/NEXUSStudyPad.build/Release-iphonesimulator/NEXUSStudyPad.build/Objects-normal/x86_64/NEXUSStudyPad.SwiftFileList (in target 'NEXUSStudyPad' from project 'NEXUSStudyPad')
    cd /Users/mecid/Desktop/OKUL\ /projeler/NEXUS/NEXUSStudyPad
    write-file /Users/mecid/Desktop/OKUL\ /projeler/NEXUS/NEXUSStudyPad/.build/Phase2Release/Build/Intermediates.noindex/NEXUSStudyPad.build/Release-iphonesimulator/NEXUSStudyPad.build/Objects-normal/x86_64/NEXUSStudyPad.SwiftFileList

WriteAuxiliaryFile /Users/mecid/Desktop/OKUL\ /projeler/NEXUS/NEXUSStudyPad/.build/Phase2Release/Build/Intermediates.noindex/NEXUSStudyPad.build/Release-iphonesimulator/NEXUSStudyPad.build/Objects-normal/x86_64/NEXUSStudyPad.SwiftConstValuesFileList (in target 'NEXUSStudyPad' from project 'NEXUSStudyPad')
    cd /Users/mecid/Desktop/OKUL\ /projeler/NEXUS/NEXUSStudyPad
    write-file /Users/mecid/Desktop/OKUL\ /projeler/NEXUS/NEXUSStudyPad/.build/Phase2Release/Build/Intermediates.noindex/NEXUSStudyPad.build/Release-iphonesimulator/NEXUSStudyPad.build/Objects-normal/x86_64/NEXUSStudyPad.SwiftConstValuesFileList

WriteAuxiliaryFile /Users/mecid/Desktop/OKUL\ /projeler/NEXUS/NEXUSStudyPad/.build/Phase2Release/Build/Intermediates.noindex/NEXUSStudyPad.build/Release-iphonesimulator/NEXUSStudyPad.build/Objects-normal/x86_64/NEXUSStudyPad.LinkFileList (in target 'NEXUSStudyPad' from project 'NEXUSStudyPad')
    cd /Users/mecid/Desktop/OKUL\ /projeler/NEXUS/NEXUSStudyPad
    write-file /Users/mecid/Desktop/OKUL\ /projeler/NEXUS/NEXUSStudyPad/.build/Phase2Release/Build/Intermediates.noindex/NEXUSStudyPad.build/Release-iphonesimulator/NEXUSStudyPad.build/Objects-normal/x86_64/NEXUSStudyPad.LinkFileList

WriteAuxiliaryFile /Users/mecid/Desktop/OKUL\ /projeler/NEXUS/NEXUSStudyPad/.build/Phase2Release/Build/Intermediates.noindex/NEXUSStudyPad.build/Release-iphonesimulator/NEXUSStudyPad.build/Objects-normal/x86_64/NEXUSStudyPad-OutputFileMap.json (in target 'NEXUSStudyPad' from project 'NEXUSStudyPad')
    cd /Users/mecid/Desktop/OKUL\ /projeler/NEXUS/NEXUSStudyPad
    write-file /Users/mecid/Desktop/OKUL\ /projeler/NEXUS/NEXUSStudyPad/.build/Phase2Release/Build/Intermediates.noindex/NEXUSStudyPad.build/Release-iphonesimulator/NEXUSStudyPad.build/Objects-normal/x86_64/NEXUSStudyPad-OutputFileMap.json

WriteAuxiliaryFile /Users/mecid/Desktop/OKUL\ /projeler/NEXUS/NEXUSStudyPad/.build/Phase2Release/Build/Intermediates.noindex/NEXUSStudyPad.build/Release-iphonesimulator/NEXUSStudyPad.build/Objects-normal/arm64/NEXUSStudyPad_const_extract_protocols.json (in target 'NEXUSStudyPad' from project 'NEXUSStudyPad')
    cd /Users/mecid/Desktop/OKUL\ /projeler/NEXUS/NEXUSStudyPad
    write-file /Users/mecid/Desktop/OKUL\ /projeler/NEXUS/NEXUSStudyPad/.build/Phase2Release/Build/Intermediates.noindex/NEXUSStudyPad.build/Release-iphonesimulator/NEXUSStudyPad.build/Objects-normal/arm64/NEXUSStudyPad_const_extract_protocols.json

WriteAuxiliaryFile /Users/mecid/Desktop/OKUL\ /projeler/NEXUS/NEXUSStudyPad/.build/Phase2Release/Build/Intermediates.noindex/NEXUSStudyPad.build/Release-iphonesimulator/NEXUSStudyPad.build/Objects-normal/arm64/NEXUSStudyPad.SwiftFileList (in target 'NEXUSStudyPad' from project 'NEXUSStudyPad')
    cd /Users/mecid/Desktop/OKUL\ /projeler/NEXUS/NEXUSStudyPad
    write-file /Users/mecid/Desktop/OKUL\ /projeler/NEXUS/NEXUSStudyPad/.build/Phase2Release/Build/Intermediates.noindex/NEXUSStudyPad.build/Release-iphonesimulator/NEXUSStudyPad.build/Objects-normal/arm64/NEXUSStudyPad.SwiftFileList

WriteAuxiliaryFile /Users/mecid/Desktop/OKUL\ /projeler/NEXUS/NEXUSStudyPad/.build/Phase2Release/Build/Intermediates.noindex/NEXUSStudyPad.build/Release-iphonesimulator/NEXUSStudyPad.build/Objects-normal/arm64/NEXUSStudyPad.SwiftConstValuesFileList (in target 'NEXUSStudyPad' from project 'NEXUSStudyPad')
    cd /Users/mecid/Desktop/OKUL\ /projeler/NEXUS/NEXUSStudyPad
    write-file /Users/mecid/Desktop/OKUL\ /projeler/NEXUS/NEXUSStudyPad/.build/Phase2Release/Build/Intermediates.noindex/NEXUSStudyPad.build/Release-iphonesimulator/NEXUSStudyPad.build/Objects-normal/arm64/NEXUSStudyPad.SwiftConstValuesFileList

WriteAuxiliaryFile /Users/mecid/Desktop/OKUL\ /projeler/NEXUS/NEXUSStudyPad/.build/Phase2Release/Build/Intermediates.noindex/NEXUSStudyPad.build/Release-iphonesimulator/NEXUSStudyPad.build/Objects-normal/arm64/NEXUSStudyPad.LinkFileList (in target 'NEXUSStudyPad' from project 'NEXUSStudyPad')
    cd /Users/mecid/Desktop/OKUL\ /projeler/NEXUS/NEXUSStudyPad
    write-file /Users/mecid/Desktop/OKUL\ /projeler/NEXUS/NEXUSStudyPad/.build/Phase2Release/Build/Intermediates.noindex/NEXUSStudyPad.build/Release-iphonesimulator/NEXUSStudyPad.build/Objects-normal/arm64/NEXUSStudyPad.LinkFileList

WriteAuxiliaryFile /Users/mecid/Desktop/OKUL\ /projeler/NEXUS/NEXUSStudyPad/.build/Phase2Release/Build/Intermediates.noindex/NEXUSStudyPad.build/Release-iphonesimulator/NEXUSStudyPad.build/Objects-normal/arm64/NEXUSStudyPad-OutputFileMap.json (in target 'NEXUSStudyPad' from project 'NEXUSStudyPad')
    cd /Users/mecid/Desktop/OKUL\ /projeler/NEXUS/NEXUSStudyPad
    write-file /Users/mecid/Desktop/OKUL\ /projeler/NEXUS/NEXUSStudyPad/.build/Phase2Release/Build/Intermediates.noindex/NEXUSStudyPad.build/Release-iphonesimulator/NEXUSStudyPad.build/Objects-normal/arm64/NEXUSStudyPad-OutputFileMap.json

WriteAuxiliaryFile /Users/mecid/Desktop/OKUL\ /projeler/NEXUS/NEXUSStudyPad/.build/Phase2Release/Build/Intermediates.noindex/NEXUSStudyPad.build/Release-iphonesimulator/NEXUSStudyPad.build/NEXUSStudyPad.hmap (in target 'NEXUSStudyPad' from project 'NEXUSStudyPad')
    cd /Users/mecid/Desktop/OKUL\ /projeler/NEXUS/NEXUSStudyPad
    write-file /Users/mecid/Desktop/OKUL\ /projeler/NEXUS/NEXUSStudyPad/.build/Phase2Release/Build/Intermediates.noindex/NEXUSStudyPad.build/Release-iphonesimulator/NEXUSStudyPad.build/NEXUSStudyPad.hmap

WriteAuxiliaryFile /Users/mecid/Desktop/OKUL\ /projeler/NEXUS/NEXUSStudyPad/.build/Phase2Release/Build/Intermediates.noindex/NEXUSStudyPad.build/Release-iphonesimulator/NEXUSStudyPad.build/NEXUSStudyPad.DependencyStaticMetadataFileList (in target 'NEXUSStudyPad' from project 'NEXUSStudyPad')
    cd /Users/mecid/Desktop/OKUL\ /projeler/NEXUS/NEXUSStudyPad
    write-file /Users/mecid/Desktop/OKUL\ /projeler/NEXUS/NEXUSStudyPad/.build/Phase2Release/Build/Intermediates.noindex/NEXUSStudyPad.build/Release-iphonesimulator/NEXUSStudyPad.build/NEXUSStudyPad.DependencyStaticMetadataFileList

WriteAuxiliaryFile /Users/mecid/Desktop/OKUL\ /projeler/NEXUS/NEXUSStudyPad/.build/Phase2Release/Build/Intermediates.noindex/NEXUSStudyPad.build/Release-iphonesimulator/NEXUSStudyPad.build/NEXUSStudyPad.DependencyMetadataFileList (in target 'NEXUSStudyPad' from project 'NEXUSStudyPad')
    cd /Users/mecid/Desktop/OKUL\ /projeler/NEXUS/NEXUSStudyPad
    write-file /Users/mecid/Desktop/OKUL\ /projeler/NEXUS/NEXUSStudyPad/.build/Phase2Release/Build/Intermediates.noindex/NEXUSStudyPad.build/Release-iphonesimulator/NEXUSStudyPad.build/NEXUSStudyPad.DependencyMetadataFileList

WriteAuxiliaryFile /Users/mecid/Desktop/OKUL\ /projeler/NEXUS/NEXUSStudyPad/.build/Phase2Release/Build/Intermediates.noindex/NEXUSStudyPad.build/Release-iphonesimulator/NEXUSStudyPad.build/NEXUSStudyPad-project-headers.hmap (in target 'NEXUSStudyPad' from project 'NEXUSStudyPad')
    cd /Users/mecid/Desktop/OKUL\ /projeler/NEXUS/NEXUSStudyPad
    write-file /Users/mecid/Desktop/OKUL\ /projeler/NEXUS/NEXUSStudyPad/.build/Phase2Release/Build/Intermediates.noindex/NEXUSStudyPad.build/Release-iphonesimulator/NEXUSStudyPad.build/NEXUSStudyPad-project-headers.hmap

WriteAuxiliaryFile /Users/mecid/Desktop/OKUL\ /projeler/NEXUS/NEXUSStudyPad/.build/Phase2Release/Build/Intermediates.noindex/NEXUSStudyPad.build/Release-iphonesimulator/NEXUSStudyPad.build/NEXUSStudyPad-own-target-headers.hmap (in target 'NEXUSStudyPad' from project 'NEXUSStudyPad')
    cd /Users/mecid/Desktop/OKUL\ /projeler/NEXUS/NEXUSStudyPad
    write-file /Users/mecid/Desktop/OKUL\ /projeler/NEXUS/NEXUSStudyPad/.build/Phase2Release/Build/Intermediates.noindex/NEXUSStudyPad.build/Release-iphonesimulator/NEXUSStudyPad.build/NEXUSStudyPad-own-target-headers.hmap

WriteAuxiliaryFile /Users/mecid/Desktop/OKUL\ /projeler/NEXUS/NEXUSStudyPad/.build/Phase2Release/Build/Intermediates.noindex/NEXUSStudyPad.build/Release-iphonesimulator/NEXUSStudyPad.build/NEXUSStudyPad-generated-files.hmap (in target 'NEXUSStudyPad' from project 'NEXUSStudyPad')
    cd /Users/mecid/Desktop/OKUL\ /projeler/NEXUS/NEXUSStudyPad
    write-file /Users/mecid/Desktop/OKUL\ /projeler/NEXUS/NEXUSStudyPad/.build/Phase2Release/Build/Intermediates.noindex/NEXUSStudyPad.build/Release-iphonesimulator/NEXUSStudyPad.build/NEXUSStudyPad-generated-files.hmap

WriteAuxiliaryFile /Users/mecid/Desktop/OKUL\ /projeler/NEXUS/NEXUSStudyPad/.build/Phase2Release/Build/Intermediates.noindex/NEXUSStudyPad.build/Release-iphonesimulator/NEXUSStudyPad.build/NEXUSStudyPad-all-target-headers.hmap (in target 'NEXUSStudyPad' from project 'NEXUSStudyPad')
    cd /Users/mecid/Desktop/OKUL\ /projeler/NEXUS/NEXUSStudyPad
    write-file /Users/mecid/Desktop/OKUL\ /projeler/NEXUS/NEXUSStudyPad/.build/Phase2Release/Build/Intermediates.noindex/NEXUSStudyPad.build/Release-iphonesimulator/NEXUSStudyPad.build/NEXUSStudyPad-all-target-headers.hmap

WriteAuxiliaryFile /Users/mecid/Desktop/OKUL\ /projeler/NEXUS/NEXUSStudyPad/.build/Phase2Release/Build/Intermediates.noindex/NEXUSStudyPad.build/Release-iphonesimulator/NEXUSStudyPad.build/NEXUSStudyPad-all-non-framework-target-headers.hmap (in target 'NEXUSStudyPad' from project 'NEXUSStudyPad')
    cd /Users/mecid/Desktop/OKUL\ /projeler/NEXUS/NEXUSStudyPad
    write-file /Users/mecid/Desktop/OKUL\ /projeler/NEXUS/NEXUSStudyPad/.build/Phase2Release/Build/Intermediates.noindex/NEXUSStudyPad.build/Release-iphonesimulator/NEXUSStudyPad.build/NEXUSStudyPad-all-non-framework-target-headers.hmap

MkDir /Users/mecid/Desktop/OKUL\ /projeler/NEXUS/NEXUSStudyPad/.build/Phase2Release/Build/Products/Release-iphonesimulator/NEXUSStudyPad.app (in target 'NEXUSStudyPad' from project 'NEXUSStudyPad')
    cd /Users/mecid/Desktop/OKUL\ /projeler/NEXUS/NEXUSStudyPad
    /bin/mkdir -p /Users/mecid/Desktop/OKUL\ /projeler/NEXUS/NEXUSStudyPad/.build/Phase2Release/Build/Products/Release-iphonesimulator/NEXUSStudyPad.app

MkDir /Users/mecid/Desktop/OKUL\ /projeler/NEXUS/NEXUSStudyPad/.build/Phase2Release/Build/Intermediates.noindex/NEXUSStudyPad.build/Release-iphonesimulator/NEXUSStudyPad.build/assetcatalog_output/thinned (in target 'NEXUSStudyPad' from project 'NEXUSStudyPad')
    cd /Users/mecid/Desktop/OKUL\ /projeler/NEXUS/NEXUSStudyPad
    /bin/mkdir -p /Users/mecid/Desktop/OKUL\ /projeler/NEXUS/NEXUSStudyPad/.build/Phase2Release/Build/Intermediates.noindex/NEXUSStudyPad.build/Release-iphonesimulator/NEXUSStudyPad.build/assetcatalog_output/thinned

MkDir /Users/mecid/Desktop/OKUL\ /projeler/NEXUS/NEXUSStudyPad/.build/Phase2Release/Build/Intermediates.noindex/NEXUSStudyPad.build/Release-iphonesimulator/NEXUSStudyPad.build/assetcatalog_output/unthinned (in target 'NEXUSStudyPad' from project 'NEXUSStudyPad')
    cd /Users/mecid/Desktop/OKUL\ /projeler/NEXUS/NEXUSStudyPad
    /bin/mkdir -p /Users/mecid/Desktop/OKUL\ /projeler/NEXUS/NEXUSStudyPad/.build/Phase2Release/Build/Intermediates.noindex/NEXUSStudyPad.build/Release-iphonesimulator/NEXUSStudyPad.build/assetcatalog_output/unthinned

GenerateAssetSymbols /Users/mecid/Desktop/OKUL\ /projeler/NEXUS/NEXUSStudyPad/NEXUSStudyPad/Resources/Assets.xcassets (in target 'NEXUSStudyPad' from project 'NEXUSStudyPad')
    cd /Users/mecid/Desktop/OKUL\ /projeler/NEXUS/NEXUSStudyPad
    /Applications/Xcode.app/Contents/Developer/usr/bin/actool /Users/mecid/Desktop/OKUL\ /projeler/NEXUS/NEXUSStudyPad/NEXUSStudyPad/Resources/Assets.xcassets --compile /Users/mecid/Desktop/OKUL\ /projeler/NEXUS/NEXUSStudyPad/.build/Phase2Release/Build/Products/Release-iphonesimulator/NEXUSStudyPad.app --output-format human-readable-text --notices --warnings --export-dependency-info /Users/mecid/Desktop/OKUL\ /projeler/NEXUS/NEXUSStudyPad/.build/Phase2Release/Build/Intermediates.noindex/NEXUSStudyPad.build/Release-iphonesimulator/NEXUSStudyPad.build/assetcatalog_dependencies --output-partial-info-plist /Users/mecid/Desktop/OKUL\ /projeler/NEXUS/NEXUSStudyPad/.build/Phase2Release/Build/Intermediates.noindex/NEXUSStudyPad.build/Release-iphonesimulator/NEXUSStudyPad.build/assetcatalog_generated_info.plist --app-icon AppIcon --accent-color AccentColor --compress-pngs --enable-on-demand-resources YES --development-region tr --target-device ipad --minimum-deployment-target 17.0 --platform iphonesimulator --bundle-identifier com.nexus.studypad --generate-swift-asset-symbol-extensions NO --generate-swift-asset-symbols /Users/mecid/Desktop/OKUL\ /projeler/NEXUS/NEXUSStudyPad/.build/Phase2Release/Build/Intermediates.noindex/NEXUSStudyPad.build/Release-iphonesimulator/NEXUSStudyPad.build/DerivedSources/GeneratedAssetSymbols.swift --generate-objc-asset-symbols /Users/mecid/Desktop/OKUL\ /projeler/NEXUS/NEXUSStudyPad/.build/Phase2Release/Build/Intermediates.noindex/NEXUSStudyPad.build/Release-iphonesimulator/NEXUSStudyPad.build/DerivedSources/GeneratedAssetSymbols.h --generate-asset-symbol-index /Users/mecid/Desktop/OKUL\ /projeler/NEXUS/NEXUSStudyPad/.build/Phase2Release/Build/Intermediates.noindex/NEXUSStudyPad.build/Release-iphonesimulator/NEXUSStudyPad.build/DerivedSources/GeneratedAssetSymbols-Index.plist
/* com.apple.actool.compilation-results */
/Users/mecid/Desktop/OKUL /projeler/NEXUS/NEXUSStudyPad/.build/Phase2Release/Build/Intermediates.noindex/NEXUSStudyPad.build/Release-iphonesimulator/NEXUSStudyPad.build/DerivedSources/GeneratedAssetSymbols-Index.plist
/Users/mecid/Desktop/OKUL /projeler/NEXUS/NEXUSStudyPad/.build/Phase2Release/Build/Intermediates.noindex/NEXUSStudyPad.build/Release-iphonesimulator/NEXUSStudyPad.build/DerivedSources/GeneratedAssetSymbols.h
/Users/mecid/Desktop/OKUL /projeler/NEXUS/NEXUSStudyPad/.build/Phase2Release/Build/Intermediates.noindex/NEXUSStudyPad.build/Release-iphonesimulator/NEXUSStudyPad.build/DerivedSources/GeneratedAssetSymbols.swift


CompileXCStrings /Users/mecid/Desktop/OKUL\ /projeler/NEXUS/NEXUSStudyPad/.build/Phase2Release/Build/Intermediates.noindex/NEXUSStudyPad.build/Release-iphonesimulator/NEXUSStudyPad.build/ /Users/mecid/Desktop/OKUL\ /projeler/NEXUS/NEXUSStudyPad/NEXUSStudyPad/Resources/Localizable.xcstrings (in target 'NEXUSStudyPad' from project 'NEXUSStudyPad')
    cd /Users/mecid/Desktop/OKUL\ /projeler/NEXUS/NEXUSStudyPad
    /Applications/Xcode.app/Contents/Developer/usr/bin/xcstringstool compile --output-directory /Users/mecid/Desktop/OKUL\ /projeler/NEXUS/NEXUSStudyPad/.build/Phase2Release/Build/Intermediates.noindex/NEXUSStudyPad.build/Release-iphonesimulator/NEXUSStudyPad.build /Users/mecid/Desktop/OKUL\ /projeler/NEXUS/NEXUSStudyPad/NEXUSStudyPad/Resources/Localizable.xcstrings

CompileAssetCatalogVariant thinned /Users/mecid/Desktop/OKUL\ /projeler/NEXUS/NEXUSStudyPad/.build/Phase2Release/Build/Products/Release-iphonesimulator/NEXUSStudyPad.app /Users/mecid/Desktop/OKUL\ /projeler/NEXUS/NEXUSStudyPad/NEXUSStudyPad/Resources/Assets.xcassets (in target 'NEXUSStudyPad' from project 'NEXUSStudyPad')
    cd /Users/mecid/Desktop/OKUL\ /projeler/NEXUS/NEXUSStudyPad
    /Applications/Xcode.app/Contents/Developer/usr/bin/actool /Users/mecid/Desktop/OKUL\ /projeler/NEXUS/NEXUSStudyPad/NEXUSStudyPad/Resources/Assets.xcassets --compile /Users/mecid/Desktop/OKUL\ /projeler/NEXUS/NEXUSStudyPad/.build/Phase2Release/Build/Intermediates.noindex/NEXUSStudyPad.build/Release-iphonesimulator/NEXUSStudyPad.build/assetcatalog_output/thinned --output-format human-readable-text --notices --warnings --export-dependency-info /Users/mecid/Desktop/OKUL\ /projeler/NEXUS/NEXUSStudyPad/.build/Phase2Release/Build/Intermediates.noindex/NEXUSStudyPad.build/Release-iphonesimulator/NEXUSStudyPad.build/assetcatalog_dependencies_thinned --output-partial-info-plist /Users/mecid/Desktop/OKUL\ /projeler/NEXUS/NEXUSStudyPad/.build/Phase2Release/Build/Intermediates.noindex/NEXUSStudyPad.build/Release-iphonesimulator/NEXUSStudyPad.build/assetcatalog_generated_info.plist_thinned --app-icon AppIcon --accent-color AccentColor --compress-pngs --enable-on-demand-resources YES --development-region tr --target-device ipad --minimum-deployment-target 17.0 --platform iphonesimulator
/* com.apple.actool.compilation-results */
/Users/mecid/Desktop/OKUL /projeler/NEXUS/NEXUSStudyPad/.build/Phase2Release/Build/Intermediates.noindex/NEXUSStudyPad.build/Release-iphonesimulator/NEXUSStudyPad.build/assetcatalog_generated_info.plist_thinned
/Users/mecid/Desktop/OKUL /projeler/NEXUS/NEXUSStudyPad/.build/Phase2Release/Build/Intermediates.noindex/NEXUSStudyPad.build/Release-iphonesimulator/NEXUSStudyPad.build/assetcatalog_output/thinned/AppIcon60x60@2x.png
/Users/mecid/Desktop/OKUL /projeler/NEXUS/NEXUSStudyPad/.build/Phase2Release/Build/Intermediates.noindex/NEXUSStudyPad.build/Release-iphonesimulator/NEXUSStudyPad.build/assetcatalog_output/thinned/AppIcon76x76@2x~ipad.png
/Users/mecid/Desktop/OKUL /projeler/NEXUS/NEXUSStudyPad/.build/Phase2Release/Build/Intermediates.noindex/NEXUSStudyPad.build/Release-iphonesimulator/NEXUSStudyPad.build/assetcatalog_output/thinned/Assets.car


CopyStringsFile /Users/mecid/Desktop/OKUL\ /projeler/NEXUS/NEXUSStudyPad/.build/Phase2Release/Build/Products/Release-iphonesimulator/NEXUSStudyPad.app/en.lproj/Localizable.strings /Users/mecid/Desktop/OKUL\ /projeler/NEXUS/NEXUSStudyPad/.build/Phase2Release/Build/Intermediates.noindex/NEXUSStudyPad.build/Release-iphonesimulator/NEXUSStudyPad.build/en.lproj/Localizable.strings (in target 'NEXUSStudyPad' from project 'NEXUSStudyPad')
    cd /Users/mecid/Desktop/OKUL\ /projeler/NEXUS/NEXUSStudyPad
    builtin-copyStrings --validate --outputencoding binary --outfilename Localizable.strings --outdir /Users/mecid/Desktop/OKUL\ /projeler/NEXUS/NEXUSStudyPad/.build/Phase2Release/Build/Products/Release-iphonesimulator/NEXUSStudyPad.app/en.lproj -- /Users/mecid/Desktop/OKUL\ /projeler/NEXUS/NEXUSStudyPad/.build/Phase2Release/Build/Intermediates.noindex/NEXUSStudyPad.build/Release-iphonesimulator/NEXUSStudyPad.build/en.lproj/Localizable.strings
/Users/mecid/Desktop/OKUL /projeler/NEXUS/NEXUSStudyPad/.build/Phase2Release/Build/Intermediates.noindex/NEXUSStudyPad.build/Release-iphonesimulator/NEXUSStudyPad.build/en.lproj/Localizable.strings:1:1: note: detected encoding of input file as Unicode (UTF-8) (in target 'NEXUSStudyPad' from project 'NEXUSStudyPad')

CopyStringsFile /Users/mecid/Desktop/OKUL\ /projeler/NEXUS/NEXUSStudyPad/.build/Phase2Release/Build/Products/Release-iphonesimulator/NEXUSStudyPad.app/ar.lproj/Localizable.strings /Users/mecid/Desktop/OKUL\ /projeler/NEXUS/NEXUSStudyPad/.build/Phase2Release/Build/Intermediates.noindex/NEXUSStudyPad.build/Release-iphonesimulator/NEXUSStudyPad.build/ar.lproj/Localizable.strings (in target 'NEXUSStudyPad' from project 'NEXUSStudyPad')
    cd /Users/mecid/Desktop/OKUL\ /projeler/NEXUS/NEXUSStudyPad
    builtin-copyStrings --validate --outputencoding binary --outfilename Localizable.strings --outdir /Users/mecid/Desktop/OKUL\ /projeler/NEXUS/NEXUSStudyPad/.build/Phase2Release/Build/Products/Release-iphonesimulator/NEXUSStudyPad.app/ar.lproj -- /Users/mecid/Desktop/OKUL\ /projeler/NEXUS/NEXUSStudyPad/.build/Phase2Release/Build/Intermediates.noindex/NEXUSStudyPad.build/Release-iphonesimulator/NEXUSStudyPad.build/ar.lproj/Localizable.strings
/Users/mecid/Desktop/OKUL /projeler/NEXUS/NEXUSStudyPad/.build/Phase2Release/Build/Intermediates.noindex/NEXUSStudyPad.build/Release-iphonesimulator/NEXUSStudyPad.build/ar.lproj/Localizable.strings:1:1: note: detected encoding of input file as Unicode (UTF-8) (in target 'NEXUSStudyPad' from project 'NEXUSStudyPad')

SwiftDriver NEXUSStudyPad normal arm64 com.apple.xcode.tools.swift.compiler (in target 'NEXUSStudyPad' from project 'NEXUSStudyPad')
    cd /Users/mecid/Desktop/OKUL\ /projeler/NEXUS/NEXUSStudyPad
    builtin-SwiftDriver -- /Applications/Xcode.app/Contents/Developer/Toolchains/XcodeDefault.xctoolchain/usr/bin/swiftc -module-name NEXUSStudyPad -O -whole-module-optimization @/Users/mecid/Desktop/OKUL\ /projeler/NEXUS/NEXUSStudyPad/.build/Phase2Release/Build/Intermediates.noindex/NEXUSStudyPad.build/Release-iphonesimulator/NEXUSStudyPad.build/Objects-normal/arm64/NEXUSStudyPad.SwiftFileList -strict-concurrency\=targeted -enable-bare-slash-regex -enable-experimental-feature DebugDescriptionMacro -sdk /Applications/Xcode.app/Contents/Developer/Platforms/iPhoneSimulator.platform/Developer/SDKs/iPhoneSimulator26.5.sdk -target arm64-apple-ios17.0-simulator -g -module-cache-path /Users/mecid/Desktop/OKUL\ /projeler/NEXUS/NEXUSStudyPad/.build/Phase2Release/ModuleCache.noindex -Xfrontend -serialize-debugging-options -swift-version 5 -I /Users/mecid/Desktop/OKUL\ /projeler/NEXUS/NEXUSStudyPad/.build/Phase2Release/Build/Products/Release-iphonesimulator -F /Users/mecid/Desktop/OKUL\ /projeler/NEXUS/NEXUSStudyPad/.build/Phase2Release/Build/Products/Release-iphonesimulator -emit-localized-strings -emit-localized-strings-path /Users/mecid/Desktop/OKUL\ /projeler/NEXUS/NEXUSStudyPad/.build/Phase2Release/Build/Intermediates.noindex/NEXUSStudyPad.build/Release-iphonesimulator/NEXUSStudyPad.build/Objects-normal/arm64 -c -num-threads 11 -Xcc -ivfsstatcache -Xcc /Users/mecid/Desktop/OKUL\ /projeler/NEXUS/NEXUSStudyPad/.build/Phase2Release/SDKStatCaches.noindex/iphonesimulator26.5-23F81a-6cfe768891a92b912361537c460fe42b.sdkstatcache -output-file-map /Users/mecid/Desktop/OKUL\ /projeler/NEXUS/NEXUSStudyPad/.build/Phase2Release/Build/Intermediates.noindex/NEXUSStudyPad.build/Release-iphonesimulator/NEXUSStudyPad.build/Objects-normal/arm64/NEXUSStudyPad-OutputFileMap.json -use-frontend-parseable-output -save-temps -no-color-diagnostics -explicit-module-build -module-cache-path /Users/mecid/Desktop/OKUL\ /projeler/NEXUS/NEXUSStudyPad/.build/Phase2Release/Build/Intermediates.noindex/SwiftExplicitPrecompiledModules -clang-scanner-module-cache-path /Users/mecid/Desktop/OKUL\ /projeler/NEXUS/NEXUSStudyPad/.build/Phase2Release/ModuleCache.noindex -sdk-module-cache-path /Users/mecid/Desktop/OKUL\ /projeler/NEXUS/NEXUSStudyPad/.build/Phase2Release/ModuleCache.noindex -serialize-diagnostics -emit-dependencies -emit-module -emit-module-path /Users/mecid/Desktop/OKUL\ /projeler/NEXUS/NEXUSStudyPad/.build/Phase2Release/Build/Intermediates.noindex/NEXUSStudyPad.build/Release-iphonesimulator/NEXUSStudyPad.build/Objects-normal/arm64/NEXUSStudyPad.swiftmodule -validate-clang-modules-once -clang-build-session-file /Users/mecid/Desktop/OKUL\ /projeler/NEXUS/NEXUSStudyPad/.build/Phase2Release/ModuleCache.noindex/Session.modulevalidation -Xcc -I/Users/mecid/Desktop/OKUL\ /projeler/NEXUS/NEXUSStudyPad/.build/Phase2Release/Build/Intermediates.noindex/NEXUSStudyPad.build/Release-iphonesimulator/NEXUSStudyPad.build/swift-overrides.hmap -emit-const-values -Xfrontend -const-gather-protocols-file -Xfrontend /Users/mecid/Desktop/OKUL\ /projeler/NEXUS/NEXUSStudyPad/.build/Phase2Release/Build/Intermediates.noindex/NEXUSStudyPad.build/Release-iphonesimulator/NEXUSStudyPad.build/Objects-normal/arm64/NEXUSStudyPad_const_extract_protocols.json -Xcc -iquote -Xcc /Users/mecid/Desktop/OKUL\ /projeler/NEXUS/NEXUSStudyPad/.build/Phase2Release/Build/Intermediates.noindex/NEXUSStudyPad.build/Release-iphonesimulator/NEXUSStudyPad.build/NEXUSStudyPad-generated-files.hmap -Xcc -I/Users/mecid/Desktop/OKUL\ /projeler/NEXUS/NEXUSStudyPad/.build/Phase2Release/Build/Intermediates.noindex/NEXUSStudyPad.build/Release-iphonesimulator/NEXUSStudyPad.build/NEXUSStudyPad-own-target-headers.hmap -Xcc -I/Users/mecid/Desktop/OKUL\ /projeler/NEXUS/NEXUSStudyPad/.build/Phase2Release/Build/Intermediates.noindex/NEXUSStudyPad.build/Release-iphonesimulator/NEXUSStudyPad.build/NEXUSStudyPad-all-target-headers.hmap -Xcc -iquote -Xcc /Users/mecid/Desktop/OKUL\ /projeler/NEXUS/NEXUSStudyPad/.build/Phase2Release/Build/Intermediates.noindex/NEXUSStudyPad.build/Release-iphonesimulator/NEXUSStudyPad.build/NEXUSStudyPad-project-headers.hmap -Xcc -I/Users/mecid/Desktop/OKUL\ /projeler/NEXUS/NEXUSStudyPad/.build/Phase2Release/Build/Products/Release-iphonesimulator/include -Xcc -I/Users/mecid/Desktop/OKUL\ /projeler/NEXUS/NEXUSStudyPad/.build/Phase2Release/Build/Intermediates.noindex/NEXUSStudyPad.build/Release-iphonesimulator/NEXUSStudyPad.build/DerivedSources-normal/arm64 -Xcc -I/Users/mecid/Desktop/OKUL\ /projeler/NEXUS/NEXUSStudyPad/.build/Phase2Release/Build/Intermediates.noindex/NEXUSStudyPad.build/Release-iphonesimulator/NEXUSStudyPad.build/DerivedSources/arm64 -Xcc -I/Users/mecid/Desktop/OKUL\ /projeler/NEXUS/NEXUSStudyPad/.build/Phase2Release/Build/Intermediates.noindex/NEXUSStudyPad.build/Release-iphonesimulator/NEXUSStudyPad.build/DerivedSources -emit-objc-header -emit-objc-header-path /Users/mecid/Desktop/OKUL\ /projeler/NEXUS/NEXUSStudyPad/.build/Phase2Release/Build/Intermediates.noindex/NEXUSStudyPad.build/Release-iphonesimulator/NEXUSStudyPad.build/Objects-normal/arm64/NEXUSStudyPad-Swift.h -working-directory /Users/mecid/Desktop/OKUL\ /projeler/NEXUS/NEXUSStudyPad -no-emit-module-separately-wmo

SwiftDriver NEXUSStudyPad normal x86_64 com.apple.xcode.tools.swift.compiler (in target 'NEXUSStudyPad' from project 'NEXUSStudyPad')
    cd /Users/mecid/Desktop/OKUL\ /projeler/NEXUS/NEXUSStudyPad
    builtin-SwiftDriver -- /Applications/Xcode.app/Contents/Developer/Toolchains/XcodeDefault.xctoolchain/usr/bin/swiftc -module-name NEXUSStudyPad -O -whole-module-optimization @/Users/mecid/Desktop/OKUL\ /projeler/NEXUS/NEXUSStudyPad/.build/Phase2Release/Build/Intermediates.noindex/NEXUSStudyPad.build/Release-iphonesimulator/NEXUSStudyPad.build/Objects-normal/x86_64/NEXUSStudyPad.SwiftFileList -strict-concurrency\=targeted -enable-bare-slash-regex -enable-experimental-feature DebugDescriptionMacro -sdk /Applications/Xcode.app/Contents/Developer/Platforms/iPhoneSimulator.platform/Developer/SDKs/iPhoneSimulator26.5.sdk -target x86_64-apple-ios17.0-simulator -g -module-cache-path /Users/mecid/Desktop/OKUL\ /projeler/NEXUS/NEXUSStudyPad/.build/Phase2Release/ModuleCache.noindex -Xfrontend -serialize-debugging-options -swift-version 5 -I /Users/mecid/Desktop/OKUL\ /projeler/NEXUS/NEXUSStudyPad/.build/Phase2Release/Build/Products/Release-iphonesimulator -F /Users/mecid/Desktop/OKUL\ /projeler/NEXUS/NEXUSStudyPad/.build/Phase2Release/Build/Products/Release-iphonesimulator -emit-localized-strings -emit-localized-strings-path /Users/mecid/Desktop/OKUL\ /projeler/NEXUS/NEXUSStudyPad/.build/Phase2Release/Build/Intermediates.noindex/NEXUSStudyPad.build/Release-iphonesimulator/NEXUSStudyPad.build/Objects-normal/x86_64 -c -num-threads 11 -Xcc -ivfsstatcache -Xcc /Users/mecid/Desktop/OKUL\ /projeler/NEXUS/NEXUSStudyPad/.build/Phase2Release/SDKStatCaches.noindex/iphonesimulator26.5-23F81a-6cfe768891a92b912361537c460fe42b.sdkstatcache -output-file-map /Users/mecid/Desktop/OKUL\ /projeler/NEXUS/NEXUSStudyPad/.build/Phase2Release/Build/Intermediates.noindex/NEXUSStudyPad.build/Release-iphonesimulator/NEXUSStudyPad.build/Objects-normal/x86_64/NEXUSStudyPad-OutputFileMap.json -use-frontend-parseable-output -save-temps -no-color-diagnostics -explicit-module-build -module-cache-path /Users/mecid/Desktop/OKUL\ /projeler/NEXUS/NEXUSStudyPad/.build/Phase2Release/Build/Intermediates.noindex/SwiftExplicitPrecompiledModules -clang-scanner-module-cache-path /Users/mecid/Desktop/OKUL\ /projeler/NEXUS/NEXUSStudyPad/.build/Phase2Release/ModuleCache.noindex -sdk-module-cache-path /Users/mecid/Desktop/OKUL\ /projeler/NEXUS/NEXUSStudyPad/.build/Phase2Release/ModuleCache.noindex -serialize-diagnostics -emit-dependencies -emit-module -emit-module-path /Users/mecid/Desktop/OKUL\ /projeler/NEXUS/NEXUSStudyPad/.build/Phase2Release/Build/Intermediates.noindex/NEXUSStudyPad.build/Release-iphonesimulator/NEXUSStudyPad.build/Objects-normal/x86_64/NEXUSStudyPad.swiftmodule -validate-clang-modules-once -clang-build-session-file /Users/mecid/Desktop/OKUL\ /projeler/NEXUS/NEXUSStudyPad/.build/Phase2Release/ModuleCache.noindex/Session.modulevalidation -Xcc -I/Users/mecid/Desktop/OKUL\ /projeler/NEXUS/NEXUSStudyPad/.build/Phase2Release/Build/Intermediates.noindex/NEXUSStudyPad.build/Release-iphonesimulator/NEXUSStudyPad.build/swift-overrides.hmap -emit-const-values -Xfrontend -const-gather-protocols-file -Xfrontend /Users/mecid/Desktop/OKUL\ /projeler/NEXUS/NEXUSStudyPad/.build/Phase2Release/Build/Intermediates.noindex/NEXUSStudyPad.build/Release-iphonesimulator/NEXUSStudyPad.build/Objects-normal/x86_64/NEXUSStudyPad_const_extract_protocols.json -Xcc -iquote -Xcc /Users/mecid/Desktop/OKUL\ /projeler/NEXUS/NEXUSStudyPad/.build/Phase2Release/Build/Intermediates.noindex/NEXUSStudyPad.build/Release-iphonesimulator/NEXUSStudyPad.build/NEXUSStudyPad-generated-files.hmap -Xcc -I/Users/mecid/Desktop/OKUL\ /projeler/NEXUS/NEXUSStudyPad/.build/Phase2Release/Build/Intermediates.noindex/NEXUSStudyPad.build/Release-iphonesimulator/NEXUSStudyPad.build/NEXUSStudyPad-own-target-headers.hmap -Xcc -I/Users/mecid/Desktop/OKUL\ /projeler/NEXUS/NEXUSStudyPad/.build/Phase2Release/Build/Intermediates.noindex/NEXUSStudyPad.build/Release-iphonesimulator/NEXUSStudyPad.build/NEXUSStudyPad-all-target-headers.hmap -Xcc -iquote -Xcc /Users/mecid/Desktop/OKUL\ /projeler/NEXUS/NEXUSStudyPad/.build/Phase2Release/Build/Intermediates.noindex/NEXUSStudyPad.build/Release-iphonesimulator/NEXUSStudyPad.build/NEXUSStudyPad-project-headers.hmap -Xcc -I/Users/mecid/Desktop/OKUL\ /projeler/NEXUS/NEXUSStudyPad/.build/Phase2Release/Build/Products/Release-iphonesimulator/include -Xcc -I/Users/mecid/Desktop/OKUL\ /projeler/NEXUS/NEXUSStudyPad/.build/Phase2Release/Build/Intermediates.noindex/NEXUSStudyPad.build/Release-iphonesimulator/NEXUSStudyPad.build/DerivedSources-normal/x86_64 -Xcc -I/Users/mecid/Desktop/OKUL\ /projeler/NEXUS/NEXUSStudyPad/.build/Phase2Release/Build/Intermediates.noindex/NEXUSStudyPad.build/Release-iphonesimulator/NEXUSStudyPad.build/DerivedSources/x86_64 -Xcc -I/Users/mecid/Desktop/OKUL\ /projeler/NEXUS/NEXUSStudyPad/.build/Phase2Release/Build/Intermediates.noindex/NEXUSStudyPad.build/Release-iphonesimulator/NEXUSStudyPad.build/DerivedSources -emit-objc-header -emit-objc-header-path /Users/mecid/Desktop/OKUL\ /projeler/NEXUS/NEXUSStudyPad/.build/Phase2Release/Build/Intermediates.noindex/NEXUSStudyPad.build/Release-iphonesimulator/NEXUSStudyPad.build/Objects-normal/x86_64/NEXUSStudyPad-Swift.h -working-directory /Users/mecid/Desktop/OKUL\ /projeler/NEXUS/NEXUSStudyPad -no-emit-module-separately-wmo

SwiftDriver\ Compilation NEXUSStudyPad normal x86_64 com.apple.xcode.tools.swift.compiler (in target 'NEXUSStudyPad' from project 'NEXUSStudyPad')
    cd /Users/mecid/Desktop/OKUL\ /projeler/NEXUS/NEXUSStudyPad
    builtin-Swift-Compilation -- /Applications/Xcode.app/Contents/Developer/Toolchains/XcodeDefault.xctoolchain/usr/bin/swiftc -module-name NEXUSStudyPad -O -whole-module-optimization @/Users/mecid/Desktop/OKUL\ /projeler/NEXUS/NEXUSStudyPad/.build/Phase2Release/Build/Intermediates.noindex/NEXUSStudyPad.build/Release-iphonesimulator/NEXUSStudyPad.build/Objects-normal/x86_64/NEXUSStudyPad.SwiftFileList -strict-concurrency\=targeted -enable-bare-slash-regex -enable-experimental-feature DebugDescriptionMacro -sdk /Applications/Xcode.app/Contents/Developer/Platforms/iPhoneSimulator.platform/Developer/SDKs/iPhoneSimulator26.5.sdk -target x86_64-apple-ios17.0-simulator -g -module-cache-path /Users/mecid/Desktop/OKUL\ /projeler/NEXUS/NEXUSStudyPad/.build/Phase2Release/ModuleCache.noindex -Xfrontend -serialize-debugging-options -swift-version 5 -I /Users/mecid/Desktop/OKUL\ /projeler/NEXUS/NEXUSStudyPad/.build/Phase2Release/Build/Products/Release-iphonesimulator -F /Users/mecid/Desktop/OKUL\ /projeler/NEXUS/NEXUSStudyPad/.build/Phase2Release/Build/Products/Release-iphonesimulator -emit-localized-strings -emit-localized-strings-path /Users/mecid/Desktop/OKUL\ /projeler/NEXUS/NEXUSStudyPad/.build/Phase2Release/Build/Intermediates.noindex/NEXUSStudyPad.build/Release-iphonesimulator/NEXUSStudyPad.build/Objects-normal/x86_64 -c -num-threads 11 -Xcc -ivfsstatcache -Xcc /Users/mecid/Desktop/OKUL\ /projeler/NEXUS/NEXUSStudyPad/.build/Phase2Release/SDKStatCaches.noindex/iphonesimulator26.5-23F81a-6cfe768891a92b912361537c460fe42b.sdkstatcache -output-file-map /Users/mecid/Desktop/OKUL\ /projeler/NEXUS/NEXUSStudyPad/.build/Phase2Release/Build/Intermediates.noindex/NEXUSStudyPad.build/Release-iphonesimulator/NEXUSStudyPad.build/Objects-normal/x86_64/NEXUSStudyPad-OutputFileMap.json -use-frontend-parseable-output -save-temps -no-color-diagnostics -explicit-module-build -module-cache-path /Users/mecid/Desktop/OKUL\ /projeler/NEXUS/NEXUSStudyPad/.build/Phase2Release/Build/Intermediates.noindex/SwiftExplicitPrecompiledModules -clang-scanner-module-cache-path /Users/mecid/Desktop/OKUL\ /projeler/NEXUS/NEXUSStudyPad/.build/Phase2Release/ModuleCache.noindex -sdk-module-cache-path /Users/mecid/Desktop/OKUL\ /projeler/NEXUS/NEXUSStudyPad/.build/Phase2Release/ModuleCache.noindex -serialize-diagnostics -emit-dependencies -emit-module -emit-module-path /Users/mecid/Desktop/OKUL\ /projeler/NEXUS/NEXUSStudyPad/.build/Phase2Release/Build/Intermediates.noindex/NEXUSStudyPad.build/Release-iphonesimulator/NEXUSStudyPad.build/Objects-normal/x86_64/NEXUSStudyPad.swiftmodule -validate-clang-modules-once -clang-build-session-file /Users/mecid/Desktop/OKUL\ /projeler/NEXUS/NEXUSStudyPad/.build/Phase2Release/ModuleCache.noindex/Session.modulevalidation -Xcc -I/Users/mecid/Desktop/OKUL\ /projeler/NEXUS/NEXUSStudyPad/.build/Phase2Release/Build/Intermediates.noindex/NEXUSStudyPad.build/Release-iphonesimulator/NEXUSStudyPad.build/swift-overrides.hmap -emit-const-values -Xfrontend -const-gather-protocols-file -Xfrontend /Users/mecid/Desktop/OKUL\ /projeler/NEXUS/NEXUSStudyPad/.build/Phase2Release/Build/Intermediates.noindex/NEXUSStudyPad.build/Release-iphonesimulator/NEXUSStudyPad.build/Objects-normal/x86_64/NEXUSStudyPad_const_extract_protocols.json -Xcc -iquote -Xcc /Users/mecid/Desktop/OKUL\ /projeler/NEXUS/NEXUSStudyPad/.build/Phase2Release/Build/Intermediates.noindex/NEXUSStudyPad.build/Release-iphonesimulator/NEXUSStudyPad.build/NEXUSStudyPad-generated-files.hmap -Xcc -I/Users/mecid/Desktop/OKUL\ /projeler/NEXUS/NEXUSStudyPad/.build/Phase2Release/Build/Intermediates.noindex/NEXUSStudyPad.build/Release-iphonesimulator/NEXUSStudyPad.build/NEXUSStudyPad-own-target-headers.hmap -Xcc -I/Users/mecid/Desktop/OKUL\ /projeler/NEXUS/NEXUSStudyPad/.build/Phase2Release/Build/Intermediates.noindex/NEXUSStudyPad.build/Release-iphonesimulator/NEXUSStudyPad.build/NEXUSStudyPad-all-target-headers.hmap -Xcc -iquote -Xcc /Users/mecid/Desktop/OKUL\ /projeler/NEXUS/NEXUSStudyPad/.build/Phase2Release/Build/Intermediates.noindex/NEXUSStudyPad.build/Release-iphonesimulator/NEXUSStudyPad.build/NEXUSStudyPad-project-headers.hmap -Xcc -I/Users/mecid/Desktop/OKUL\ /projeler/NEXUS/NEXUSStudyPad/.build/Phase2Release/Build/Products/Release-iphonesimulator/include -Xcc -I/Users/mecid/Desktop/OKUL\ /projeler/NEXUS/NEXUSStudyPad/.build/Phase2Release/Build/Intermediates.noindex/NEXUSStudyPad.build/Release-iphonesimulator/NEXUSStudyPad.build/DerivedSources-normal/x86_64 -Xcc -I/Users/mecid/Desktop/OKUL\ /projeler/NEXUS/NEXUSStudyPad/.build/Phase2Release/Build/Intermediates.noindex/NEXUSStudyPad.build/Release-iphonesimulator/NEXUSStudyPad.build/DerivedSources/x86_64 -Xcc -I/Users/mecid/Desktop/OKUL\ /projeler/NEXUS/NEXUSStudyPad/.build/Phase2Release/Build/Intermediates.noindex/NEXUSStudyPad.build/Release-iphonesimulator/NEXUSStudyPad.build/DerivedSources -emit-objc-header -emit-objc-header-path /Users/mecid/Desktop/OKUL\ /projeler/NEXUS/NEXUSStudyPad/.build/Phase2Release/Build/Intermediates.noindex/NEXUSStudyPad.build/Release-iphonesimulator/NEXUSStudyPad.build/Objects-normal/x86_64/NEXUSStudyPad-Swift.h -working-directory /Users/mecid/Desktop/OKUL\ /projeler/NEXUS/NEXUSStudyPad -no-emit-module-separately-wmo

SwiftExplicitDependencyGeneratePcm x86_64 /Users/mecid/Desktop/OKUL\ /projeler/NEXUS/NEXUSStudyPad/.build/Phase2Release/ModuleCache.noindex/_Builtin_stdarg-AXEPGD4FI1E3145O9YNK5L05L.pcm

SwiftExplicitDependencyGeneratePcm x86_64 /Users/mecid/Desktop/OKUL\ /projeler/NEXUS/NEXUSStudyPad/.build/Phase2Release/ModuleCache.noindex/_SwiftConcurrencyShims-6IMAA9TJEA9AO5U7QOZPNRI54.pcm

SwiftExplicitDependencyGeneratePcm x86_64 /Users/mecid/Desktop/OKUL\ /projeler/NEXUS/NEXUSStudyPad/.build/Phase2Release/ModuleCache.noindex/_AvailabilityInternal-8R09ONGKDWGYPT4CC55SMY5LZ.pcm

SwiftExplicitDependencyGeneratePcm x86_64 /Users/mecid/Desktop/OKUL\ /projeler/NEXUS/NEXUSStudyPad/.build/Phase2Release/ModuleCache.noindex/_Builtin_float-AQG999NF2JVHHWOC7XQKLZIQL.pcm

SwiftExplicitDependencyGeneratePcm x86_64 /Users/mecid/Desktop/OKUL\ /projeler/NEXUS/NEXUSStudyPad/.build/Phase2Release/ModuleCache.noindex/SwiftShims-9UF8ZIGDFJREQYQVSDLBKNQC.pcm

SwiftExplicitDependencyGeneratePcm x86_64 /Users/mecid/Desktop/OKUL\ /projeler/NEXUS/NEXUSStudyPad/.build/Phase2Release/ModuleCache.noindex/DeveloperToolsSupport-AYPTWVWIGQ44JL1HQ1YUI3RG8.pcm

SwiftExplicitDependencyGeneratePcm x86_64 /Users/mecid/Desktop/OKUL\ /projeler/NEXUS/NEXUSStudyPad/.build/Phase2Release/ModuleCache.noindex/ptrauth-BWA0CU433PQRL67NHB4KVDQ2R.pcm

SwiftExplicitDependencyGeneratePcm x86_64 /Users/mecid/Desktop/OKUL\ /projeler/NEXUS/NEXUSStudyPad/.build/Phase2Release/ModuleCache.noindex/_Builtin_stdbool-DZARCSSJ22O4HMJRWGWK37O9N.pcm

SwiftExplicitDependencyGeneratePcm x86_64 /Users/mecid/Desktop/OKUL\ /projeler/NEXUS/NEXUSStudyPad/.build/Phase2Release/ModuleCache.noindex/ptrcheck-7VA0KKJ7MZUOAHCRL2K3WXR90.pcm

SwiftExplicitDependencyGeneratePcm x86_64 /Users/mecid/Desktop/OKUL\ /projeler/NEXUS/NEXUSStudyPad/.build/Phase2Release/ModuleCache.noindex/_Builtin_stddef-3SJ9ZI698W48NBKY2R7V162IW.pcm

SwiftExplicitDependencyGeneratePcm arm64 /Users/mecid/Desktop/OKUL\ /projeler/NEXUS/NEXUSStudyPad/.build/Phase2Release/ModuleCache.noindex/ptrauth-1LFESLOMIJ602J16NNR5RHFM2.pcm

SwiftExplicitDependencyGeneratePcm arm64 /Users/mecid/Desktop/OKUL\ /projeler/NEXUS/NEXUSStudyPad/.build/Phase2Release/ModuleCache.noindex/_Builtin_stdarg-79DQTOJE83J691RJG18HDOQLA.pcm

SwiftExplicitDependencyGeneratePcm arm64 /Users/mecid/Desktop/OKUL\ /projeler/NEXUS/NEXUSStudyPad/.build/Phase2Release/ModuleCache.noindex/_Builtin_float-2EC2DTXYD7YOYX4K13BFN08YN.pcm

SwiftExplicitDependencyGeneratePcm arm64 /Users/mecid/Desktop/OKUL\ /projeler/NEXUS/NEXUSStudyPad/.build/Phase2Release/ModuleCache.noindex/_Builtin_stddef-DCGW741DHP3PP3P706X587X7C.pcm

SwiftExplicitDependencyGeneratePcm arm64 /Users/mecid/Desktop/OKUL\ /projeler/NEXUS/NEXUSStudyPad/.build/Phase2Release/ModuleCache.noindex/ptrcheck-4BQROG76Z1TEDXI7ULHITF2TF.pcm

SwiftExplicitDependencyGeneratePcm arm64 /Users/mecid/Desktop/OKUL\ /projeler/NEXUS/NEXUSStudyPad/.build/Phase2Release/ModuleCache.noindex/SwiftShims-7X58Y1PL5EBRF687UE1R4YRTA.pcm

SwiftExplicitDependencyGeneratePcm arm64 /Users/mecid/Desktop/OKUL\ /projeler/NEXUS/NEXUSStudyPad/.build/Phase2Release/ModuleCache.noindex/_SwiftConcurrencyShims-58H9OHLEA76208B69AM39ZYA5.pcm

SwiftExplicitDependencyGeneratePcm arm64 /Users/mecid/Desktop/OKUL\ /projeler/NEXUS/NEXUSStudyPad/.build/Phase2Release/ModuleCache.noindex/_Builtin_stdbool-2XNPAGE7E7FBSKB3MGTJ8938Y.pcm

SwiftExplicitDependencyGeneratePcm x86_64 /Users/mecid/Desktop/OKUL\ /projeler/NEXUS/NEXUSStudyPad/.build/Phase2Release/ModuleCache.noindex/_DarwinFoundation1-2D82A7UZT12DQZAMQLUT5SGRM.pcm

SwiftExplicitDependencyGeneratePcm arm64 /Users/mecid/Desktop/OKUL\ /projeler/NEXUS/NEXUSStudyPad/.build/Phase2Release/ModuleCache.noindex/_AvailabilityInternal-1UTGNHG20MAVTASX4FXROK0WU.pcm

SwiftExplicitDependencyGeneratePcm arm64 /Users/mecid/Desktop/OKUL\ /projeler/NEXUS/NEXUSStudyPad/.build/Phase2Release/ModuleCache.noindex/DeveloperToolsSupport-9DXMG3DFLPPKUV4C3W62793CH.pcm

SwiftDriver\ Compilation NEXUSStudyPad normal arm64 com.apple.xcode.tools.swift.compiler (in target 'NEXUSStudyPad' from project 'NEXUSStudyPad')
    cd /Users/mecid/Desktop/OKUL\ /projeler/NEXUS/NEXUSStudyPad
    builtin-Swift-Compilation -- /Applications/Xcode.app/Contents/Developer/Toolchains/XcodeDefault.xctoolchain/usr/bin/swiftc -module-name NEXUSStudyPad -O -whole-module-optimization @/Users/mecid/Desktop/OKUL\ /projeler/NEXUS/NEXUSStudyPad/.build/Phase2Release/Build/Intermediates.noindex/NEXUSStudyPad.build/Release-iphonesimulator/NEXUSStudyPad.build/Objects-normal/arm64/NEXUSStudyPad.SwiftFileList -strict-concurrency\=targeted -enable-bare-slash-regex -enable-experimental-feature DebugDescriptionMacro -sdk /Applications/Xcode.app/Contents/Developer/Platforms/iPhoneSimulator.platform/Developer/SDKs/iPhoneSimulator26.5.sdk -target arm64-apple-ios17.0-simulator -g -module-cache-path /Users/mecid/Desktop/OKUL\ /projeler/NEXUS/NEXUSStudyPad/.build/Phase2Release/ModuleCache.noindex -Xfrontend -serialize-debugging-options -swift-version 5 -I /Users/mecid/Desktop/OKUL\ /projeler/NEXUS/NEXUSStudyPad/.build/Phase2Release/Build/Products/Release-iphonesimulator -F /Users/mecid/Desktop/OKUL\ /projeler/NEXUS/NEXUSStudyPad/.build/Phase2Release/Build/Products/Release-iphonesimulator -emit-localized-strings -emit-localized-strings-path /Users/mecid/Desktop/OKUL\ /projeler/NEXUS/NEXUSStudyPad/.build/Phase2Release/Build/Intermediates.noindex/NEXUSStudyPad.build/Release-iphonesimulator/NEXUSStudyPad.build/Objects-normal/arm64 -c -num-threads 11 -Xcc -ivfsstatcache -Xcc /Users/mecid/Desktop/OKUL\ /projeler/NEXUS/NEXUSStudyPad/.build/Phase2Release/SDKStatCaches.noindex/iphonesimulator26.5-23F81a-6cfe768891a92b912361537c460fe42b.sdkstatcache -output-file-map /Users/mecid/Desktop/OKUL\ /projeler/NEXUS/NEXUSStudyPad/.build/Phase2Release/Build/Intermediates.noindex/NEXUSStudyPad.build/Release-iphonesimulator/NEXUSStudyPad.build/Objects-normal/arm64/NEXUSStudyPad-OutputFileMap.json -use-frontend-parseable-output -save-temps -no-color-diagnostics -explicit-module-build -module-cache-path /Users/mecid/Desktop/OKUL\ /projeler/NEXUS/NEXUSStudyPad/.build/Phase2Release/Build/Intermediates.noindex/SwiftExplicitPrecompiledModules -clang-scanner-module-cache-path /Users/mecid/Desktop/OKUL\ /projeler/NEXUS/NEXUSStudyPad/.build/Phase2Release/ModuleCache.noindex -sdk-module-cache-path /Users/mecid/Desktop/OKUL\ /projeler/NEXUS/NEXUSStudyPad/.build/Phase2Release/ModuleCache.noindex -serialize-diagnostics -emit-dependencies -emit-module -emit-module-path /Users/mecid/Desktop/OKUL\ /projeler/NEXUS/NEXUSStudyPad/.build/Phase2Release/Build/Intermediates.noindex/NEXUSStudyPad.build/Release-iphonesimulator/NEXUSStudyPad.build/Objects-normal/arm64/NEXUSStudyPad.swiftmodule -validate-clang-modules-once -clang-build-session-file /Users/mecid/Desktop/OKUL\ /projeler/NEXUS/NEXUSStudyPad/.build/Phase2Release/ModuleCache.noindex/Session.modulevalidation -Xcc -I/Users/mecid/Desktop/OKUL\ /projeler/NEXUS/NEXUSStudyPad/.build/Phase2Release/Build/Intermediates.noindex/NEXUSStudyPad.build/Release-iphonesimulator/NEXUSStudyPad.build/swift-overrides.hmap -emit-const-values -Xfrontend -const-gather-protocols-file -Xfrontend /Users/mecid/Desktop/OKUL\ /projeler/NEXUS/NEXUSStudyPad/.build/Phase2Release/Build/Intermediates.noindex/NEXUSStudyPad.build/Release-iphonesimulator/NEXUSStudyPad.build/Objects-normal/arm64/NEXUSStudyPad_const_extract_protocols.json -Xcc -iquote -Xcc /Users/mecid/Desktop/OKUL\ /projeler/NEXUS/NEXUSStudyPad/.build/Phase2Release/Build/Intermediates.noindex/NEXUSStudyPad.build/Release-iphonesimulator/NEXUSStudyPad.build/NEXUSStudyPad-generated-files.hmap -Xcc -I/Users/mecid/Desktop/OKUL\ /projeler/NEXUS/NEXUSStudyPad/.build/Phase2Release/Build/Intermediates.noindex/NEXUSStudyPad.build/Release-iphonesimulator/NEXUSStudyPad.build/NEXUSStudyPad-own-target-headers.hmap -Xcc -I/Users/mecid/Desktop/OKUL\ /projeler/NEXUS/NEXUSStudyPad/.build/Phase2Release/Build/Intermediates.noindex/NEXUSStudyPad.build/Release-iphonesimulator/NEXUSStudyPad.build/NEXUSStudyPad-all-target-headers.hmap -Xcc -iquote -Xcc /Users/mecid/Desktop/OKUL\ /projeler/NEXUS/NEXUSStudyPad/.build/Phase2Release/Build/Intermediates.noindex/NEXUSStudyPad.build/Release-iphonesimulator/NEXUSStudyPad.build/NEXUSStudyPad-project-headers.hmap -Xcc -I/Users/mecid/Desktop/OKUL\ /projeler/NEXUS/NEXUSStudyPad/.build/Phase2Release/Build/Products/Release-iphonesimulator/include -Xcc -I/Users/mecid/Desktop/OKUL\ /projeler/NEXUS/NEXUSStudyPad/.build/Phase2Release/Build/Intermediates.noindex/NEXUSStudyPad.build/Release-iphonesimulator/NEXUSStudyPad.build/DerivedSources-normal/arm64 -Xcc -I/Users/mecid/Desktop/OKUL\ /projeler/NEXUS/NEXUSStudyPad/.build/Phase2Release/Build/Intermediates.noindex/NEXUSStudyPad.build/Release-iphonesimulator/NEXUSStudyPad.build/DerivedSources/arm64 -Xcc -I/Users/mecid/Desktop/OKUL\ /projeler/NEXUS/NEXUSStudyPad/.build/Phase2Release/Build/Intermediates.noindex/NEXUSStudyPad.build/Release-iphonesimulator/NEXUSStudyPad.build/DerivedSources -emit-objc-header -emit-objc-header-path /Users/mecid/Desktop/OKUL\ /projeler/NEXUS/NEXUSStudyPad/.build/Phase2Release/Build/Intermediates.noindex/NEXUSStudyPad.build/Release-iphonesimulator/NEXUSStudyPad.build/Objects-normal/arm64/NEXUSStudyPad-Swift.h -working-directory /Users/mecid/Desktop/OKUL\ /projeler/NEXUS/NEXUSStudyPad -no-emit-module-separately-wmo

SwiftExplicitDependencyGeneratePcm x86_64 /Users/mecid/Desktop/OKUL\ /projeler/NEXUS/NEXUSStudyPad/.build/Phase2Release/ModuleCache.noindex/_Builtin_limits-2E2GAANTW15KO87JZPBRO3H2M.pcm

SwiftExplicitDependencyGeneratePcm x86_64 /Users/mecid/Desktop/OKUL\ /projeler/NEXUS/NEXUSStudyPad/.build/Phase2Release/ModuleCache.noindex/_DarwinFoundation2-91OHCGX0H6BISUARR8XJFK2SW.pcm

SwiftExplicitDependencyGeneratePcm arm64 /Users/mecid/Desktop/OKUL\ /projeler/NEXUS/NEXUSStudyPad/.build/Phase2Release/ModuleCache.noindex/_DarwinFoundation1-7QVRBXQKZ3PEGQAOLWQIRT245.pcm

SwiftExplicitDependencyGeneratePcm arm64 /Users/mecid/Desktop/OKUL\ /projeler/NEXUS/NEXUSStudyPad/.build/Phase2Release/ModuleCache.noindex/_Builtin_limits-26ERV91TLUXPWYQICZM6IJE47.pcm

SwiftExplicitDependencyGeneratePcm arm64 /Users/mecid/Desktop/OKUL\ /projeler/NEXUS/NEXUSStudyPad/.build/Phase2Release/ModuleCache.noindex/_DarwinFoundation2-12TT3ATC6SJ07GOUBJIZV8VSE.pcm

SwiftExplicitDependencyGeneratePcm x86_64 /Users/mecid/Desktop/OKUL\ /projeler/NEXUS/NEXUSStudyPad/.build/Phase2Release/ModuleCache.noindex/sys_types-C6KBT8J9SRMHWHYMS0YJIY5VQ.pcm

SwiftExplicitDependencyGeneratePcm x86_64 /Users/mecid/Desktop/OKUL\ /projeler/NEXUS/NEXUSStudyPad/.build/Phase2Release/ModuleCache.noindex/_Builtin_stdint-4QR40RGK439Y6FZJXYN3S87W4.pcm

SwiftExplicitDependencyGeneratePcm x86_64 /Users/mecid/Desktop/OKUL\ /projeler/NEXUS/NEXUSStudyPad/.build/Phase2Release/ModuleCache.noindex/_Builtin_tgmath-CO79EKD7WN47H89ZAWVM01RUE.pcm

SwiftExplicitDependencyGeneratePcm x86_64 /Users/mecid/Desktop/OKUL\ /projeler/NEXUS/NEXUSStudyPad/.build/Phase2Release/ModuleCache.noindex/_Builtin_stdatomic-CID5ZJ0L7X859PFPLENXYUJVJ.pcm

SwiftExplicitDependencyGeneratePcm x86_64 /Users/mecid/Desktop/OKUL\ /projeler/NEXUS/NEXUSStudyPad/.build/Phase2Release/ModuleCache.noindex/_DarwinFoundation3-CQ6MJ3HJ72IJYVBT3ECO2Q79W.pcm

SwiftExplicitDependencyGeneratePcm arm64 /Users/mecid/Desktop/OKUL\ /projeler/NEXUS/NEXUSStudyPad/.build/Phase2Release/ModuleCache.noindex/_Builtin_stdint-9DUBNE7VAXN7O3ABRMI6BVPLU.pcm

SwiftExplicitDependencyGeneratePcm arm64 /Users/mecid/Desktop/OKUL\ /projeler/NEXUS/NEXUSStudyPad/.build/Phase2Release/ModuleCache.noindex/_Builtin_tgmath-CE0BKW08KTWDBTHX0L8X8RCMN.pcm

SwiftExplicitDependencyGeneratePcm arm64 /Users/mecid/Desktop/OKUL\ /projeler/NEXUS/NEXUSStudyPad/.build/Phase2Release/ModuleCache.noindex/sys_types-6ZZTCQUHCOQKIAK9DOSID57EA.pcm

SwiftExplicitDependencyGeneratePcm x86_64 /Users/mecid/Desktop/OKUL\ /projeler/NEXUS/NEXUSStudyPad/.build/Phase2Release/ModuleCache.noindex/_Builtin_inttypes-8TDT0UOMB5ZIK3UZLNJR36JPL.pcm

SwiftExplicitDependencyGeneratePcm x86_64 /Users/mecid/Desktop/OKUL\ /projeler/NEXUS/NEXUSStudyPad/.build/Phase2Release/ModuleCache.noindex/_Builtin_intrinsics-C51GSQ1O7Y07KR5KSNA4N0LQF.pcm

SwiftExplicitDependencyGeneratePcm arm64 /Users/mecid/Desktop/OKUL\ /projeler/NEXUS/NEXUSStudyPad/.build/Phase2Release/ModuleCache.noindex/_Builtin_stdatomic-C1XFXHIH78OBUKYXSKQ7TZ0PJ.pcm

SwiftExplicitDependencyGeneratePcm arm64 /Users/mecid/Desktop/OKUL\ /projeler/NEXUS/NEXUSStudyPad/.build/Phase2Release/ModuleCache.noindex/_Builtin_intrinsics-DMOPYXSJAUDDZQI2JRO00HQRP.pcm

SwiftExplicitDependencyGeneratePcm arm64 /Users/mecid/Desktop/OKUL\ /projeler/NEXUS/NEXUSStudyPad/.build/Phase2Release/ModuleCache.noindex/_DarwinFoundation3-BJYKZ0F1DNIRDP4FUP9QCC4GT.pcm

SwiftExplicitDependencyGeneratePcm x86_64 /Users/mecid/Desktop/OKUL\ /projeler/NEXUS/NEXUSStudyPad/.build/Phase2Release/ModuleCache.noindex/Darwin-BUD1YWI1682VYYEJUONRWR77D.pcm

SwiftExplicitDependencyGeneratePcm arm64 /Users/mecid/Desktop/OKUL\ /projeler/NEXUS/NEXUSStudyPad/.build/Phase2Release/ModuleCache.noindex/_Builtin_inttypes-5DOBOKTGQQN8KRWYVX9XL6DJH.pcm

SwiftExplicitDependencyGeneratePcm arm64 /Users/mecid/Desktop/OKUL\ /projeler/NEXUS/NEXUSStudyPad/.build/Phase2Release/ModuleCache.noindex/Darwin-9OOFQ2BL20OIVGR6GTKDROWSF.pcm

SwiftExplicitDependencyGeneratePcm arm64 /Users/mecid/Desktop/OKUL\ /projeler/NEXUS/NEXUSStudyPad/.build/Phase2Release/ModuleCache.noindex/simd-7Y3H0C4LV0T80Y7ZI0D9QOVS1.pcm

SwiftExplicitDependencyGeneratePcm x86_64 /Users/mecid/Desktop/OKUL\ /projeler/NEXUS/NEXUSStudyPad/.build/Phase2Release/ModuleCache.noindex/ObjectiveC-7XV99DKQDIKEWR4X0Y8REFYP3.pcm

SwiftExplicitDependencyGeneratePcm x86_64 /Users/mecid/Desktop/OKUL\ /projeler/NEXUS/NEXUSStudyPad/.build/Phase2Release/ModuleCache.noindex/MachO-Y004KNZJ6FJ4BZHMFNRU72KQ.pcm

SwiftExplicitDependencyGeneratePcm x86_64 /Users/mecid/Desktop/OKUL\ /projeler/NEXUS/NEXUSStudyPad/.build/Phase2Release/ModuleCache.noindex/simd-3R731H84Z80NE0QJ512Y0A5HA.pcm

SwiftExplicitDependencyGeneratePcm x86_64 /Users/mecid/Desktop/OKUL\ /projeler/NEXUS/NEXUSStudyPad/.build/Phase2Release/ModuleCache.noindex/os_object-4DGFDTTBJWTZ37NW05IQEAZN3.pcm

SwiftExplicitDependencyGeneratePcm arm64 /Users/mecid/Desktop/OKUL\ /projeler/NEXUS/NEXUSStudyPad/.build/Phase2Release/ModuleCache.noindex/MachO-46OHHE2541CPSYOO79AP70GWL.pcm

SwiftExplicitDependencyGeneratePcm arm64 /Users/mecid/Desktop/OKUL\ /projeler/NEXUS/NEXUSStudyPad/.build/Phase2Release/ModuleCache.noindex/ObjectiveC-45MMPOZZBVQA55EMIL7AG885O.pcm

SwiftExplicitDependencyGeneratePcm x86_64 /Users/mecid/Desktop/OKUL\ /projeler/NEXUS/NEXUSStudyPad/.build/Phase2Release/ModuleCache.noindex/os_workgroup-3M9TN4PE1TD7F4XKM9Z6XJM5G.pcm

SwiftExplicitDependencyGeneratePcm x86_64 /Users/mecid/Desktop/OKUL\ /projeler/NEXUS/NEXUSStudyPad/.build/Phase2Release/ModuleCache.noindex/Dispatch-T53EJA3H4408LPVCEVOTHAOV.pcm

SwiftExplicitDependencyGeneratePcm arm64 /Users/mecid/Desktop/OKUL\ /projeler/NEXUS/NEXUSStudyPad/.build/Phase2Release/ModuleCache.noindex/os_object-2NHEEOBFPF255VIC5EI8U2SX7.pcm

SwiftExplicitDependencyGeneratePcm x86_64 /Users/mecid/Desktop/OKUL\ /projeler/NEXUS/NEXUSStudyPad/.build/Phase2Release/ModuleCache.noindex/CoreFoundation-E46EHLSNW72YQOCWRQJM9ZOGG.pcm

SwiftExplicitDependencyGeneratePcm x86_64 /Users/mecid/Desktop/OKUL\ /projeler/NEXUS/NEXUSStudyPad/.build/Phase2Release/ModuleCache.noindex/XPC-34NAAV7FMKGEWPU80L78DFT3T.pcm

SwiftExplicitDependencyGeneratePcm x86_64 /Users/mecid/Desktop/OKUL\ /projeler/NEXUS/NEXUSStudyPad/.build/Phase2Release/ModuleCache.noindex/dnssd-58QXT5F7J0YIG3YL3GZAC86XG.pcm

SwiftExplicitDependencyGeneratePcm arm64 /Users/mecid/Desktop/OKUL\ /projeler/NEXUS/NEXUSStudyPad/.build/Phase2Release/ModuleCache.noindex/os_workgroup-DLWLAE3C7CQKN33AFV463D0HR.pcm

SwiftExplicitDependencyGeneratePcm x86_64 /Users/mecid/Desktop/OKUL\ /projeler/NEXUS/NEXUSStudyPad/.build/Phase2Release/ModuleCache.noindex/os-9D769ZOLM34AY1ZAGJGX8G9KD.pcm

SwiftExplicitDependencyGeneratePcm arm64 /Users/mecid/Desktop/OKUL\ /projeler/NEXUS/NEXUSStudyPad/.build/Phase2Release/ModuleCache.noindex/Dispatch-67BA8PIM37MWD1E48SEASJE84.pcm

SwiftExplicitDependencyGeneratePcm x86_64 /Users/mecid/Desktop/OKUL\ /projeler/NEXUS/NEXUSStudyPad/.build/Phase2Release/ModuleCache.noindex/CoreAudioTypes-A4FM7T2I8VG6GP2QSYKA2EX07.pcm

SwiftExplicitDependencyGeneratePcm x86_64 /Users/mecid/Desktop/OKUL\ /projeler/NEXUS/NEXUSStudyPad/.build/Phase2Release/ModuleCache.noindex/CFNetwork-85OD78L0H8X26O6MERDSMC56D.pcm

SwiftExplicitDependencyGeneratePcm x86_64 /Users/mecid/Desktop/OKUL\ /projeler/NEXUS/NEXUSStudyPad/.build/Phase2Release/ModuleCache.noindex/Security-9E7JVLJAJFJQYRT2L50RG7PBP.pcm

SwiftExplicitDependencyGeneratePcm x86_64 /Users/mecid/Desktop/OKUL\ /projeler/NEXUS/NEXUSStudyPad/.build/Phase2Release/ModuleCache.noindex/CoreGraphics-UBM17YD034QT2UYH885AZQME.pcm

SwiftExplicitDependencyGeneratePcm arm64 /Users/mecid/Desktop/OKUL\ /projeler/NEXUS/NEXUSStudyPad/.build/Phase2Release/ModuleCache.noindex/Spatial-7E9KTQX20DIFWJ5Y1W5YT2PV1.pcm

SwiftExplicitDependencyGeneratePcm x86_64 /Users/mecid/Desktop/OKUL\ /projeler/NEXUS/NEXUSStudyPad/.build/Phase2Release/ModuleCache.noindex/CoreAudio-A0FNR4OXAKU4937FABZBRDWKE.pcm

SwiftExplicitDependencyGeneratePcm arm64 /Users/mecid/Desktop/OKUL\ /projeler/NEXUS/NEXUSStudyPad/.build/Phase2Release/ModuleCache.noindex/XPC-C9B3OF22WPZFJ2MTF5H5KYF8D.pcm

SwiftExplicitDependencyGeneratePcm arm64 /Users/mecid/Desktop/OKUL\ /projeler/NEXUS/NEXUSStudyPad/.build/Phase2Release/ModuleCache.noindex/CoreFoundation-8PNAO9AE93Z3CY73BPNT9F7EL.pcm

SwiftExplicitDependencyGeneratePcm arm64 /Users/mecid/Desktop/OKUL\ /projeler/NEXUS/NEXUSStudyPad/.build/Phase2Release/ModuleCache.noindex/dnssd-CBA8SD576NR94AR7T6KQU8TP7.pcm

SwiftExplicitDependencyGeneratePcm x86_64 /Users/mecid/Desktop/OKUL\ /projeler/NEXUS/NEXUSStudyPad/.build/Phase2Release/ModuleCache.noindex/Foundation-4CAPKQPQSK1WUBGNW559XJ2JR.pcm

SwiftExplicitDependencyGeneratePcm arm64 /Users/mecid/Desktop/OKUL\ /projeler/NEXUS/NEXUSStudyPad/.build/Phase2Release/ModuleCache.noindex/os-A7CXZUC1JGYS96NAUBDDDTNG0.pcm

SwiftExplicitDependencyGeneratePcm x86_64 /Users/mecid/Desktop/OKUL\ /projeler/NEXUS/NEXUSStudyPad/.build/Phase2Release/ModuleCache.noindex/CoreText-A4OMSD0TD4VCOQV75IG4EGZVF.pcm

SwiftExplicitDependencyGeneratePcm x86_64 /Users/mecid/Desktop/OKUL\ /projeler/NEXUS/NEXUSStudyPad/.build/Phase2Release/ModuleCache.noindex/ImageIO-5NV2X8VPEMBYSPCG36I5JBTKG.pcm

SwiftExplicitDependencyGeneratePcm x86_64 /Users/mecid/Desktop/OKUL\ /projeler/NEXUS/NEXUSStudyPad/.build/Phase2Release/ModuleCache.noindex/Spatial-7QK61VGD0YXGHKK145H0ICBF4.pcm

SwiftExplicitDependencyGeneratePcm arm64 /Users/mecid/Desktop/OKUL\ /projeler/NEXUS/NEXUSStudyPad/.build/Phase2Release/ModuleCache.noindex/CFNetwork-6UL5JMZYVDS35D5KSGTKQDQVK.pcm

SwiftExplicitDependencyGeneratePcm arm64 /Users/mecid/Desktop/OKUL\ /projeler/NEXUS/NEXUSStudyPad/.build/Phase2Release/ModuleCache.noindex/Security-2H4FKL6OSV55P0X2VKOQMF4DA.pcm

SwiftExplicitDependencyGeneratePcm arm64 /Users/mecid/Desktop/OKUL\ /projeler/NEXUS/NEXUSStudyPad/.build/Phase2Release/ModuleCache.noindex/CoreGraphics-AC372Z5PQPYCF81ZD6Y69NNTL.pcm

SwiftExplicitDependencyGeneratePcm arm64 /Users/mecid/Desktop/OKUL\ /projeler/NEXUS/NEXUSStudyPad/.build/Phase2Release/ModuleCache.noindex/CoreAudioTypes-1QHBZRSH4CEWQNN7V1N3BYFFV.pcm

SwiftExplicitDependencyGeneratePcm arm64 /Users/mecid/Desktop/OKUL\ /projeler/NEXUS/NEXUSStudyPad/.build/Phase2Release/ModuleCache.noindex/CoreAudio-9MF70FHWN1D22BTR1RV3T2OUV.pcm

SwiftExplicitDependencyGeneratePcm arm64 /Users/mecid/Desktop/OKUL\ /projeler/NEXUS/NEXUSStudyPad/.build/Phase2Release/ModuleCache.noindex/Foundation-EBYL6HJSAMK346040N2P8PYC3.pcm

SwiftExplicitDependencyGeneratePcm arm64 /Users/mecid/Desktop/OKUL\ /projeler/NEXUS/NEXUSStudyPad/.build/Phase2Release/ModuleCache.noindex/CoreText-LLBU4MXTJFNJIFA7KMYZ1XQX.pcm

SwiftExplicitDependencyGeneratePcm arm64 /Users/mecid/Desktop/OKUL\ /projeler/NEXUS/NEXUSStudyPad/.build/Phase2Release/ModuleCache.noindex/ImageIO-OQX94PRYMSDWA6I6TQUVAPM.pcm

SwiftExplicitDependencyGeneratePcm x86_64 /Users/mecid/Desktop/OKUL\ /projeler/NEXUS/NEXUSStudyPad/.build/Phase2Release/ModuleCache.noindex/DataDetection-5XV2ZKIBX328U7NSSHNS990J5.pcm

SwiftExplicitDependencyGeneratePcm x86_64 /Users/mecid/Desktop/OKUL\ /projeler/NEXUS/NEXUSStudyPad/.build/Phase2Release/ModuleCache.noindex/UserNotifications-BARZ9HF1V7KJ6S2CGP5T1RROX.pcm

SwiftExplicitDependencyGeneratePcm x86_64 /Users/mecid/Desktop/OKUL\ /projeler/NEXUS/NEXUSStudyPad/.build/Phase2Release/ModuleCache.noindex/IOSurface-1XA9XVTQD8TCLU73SUNVSA4RV.pcm

SwiftExplicitDependencyGeneratePcm x86_64 /Users/mecid/Desktop/OKUL\ /projeler/NEXUS/NEXUSStudyPad/.build/Phase2Release/ModuleCache.noindex/Network-CFZI2AKG0GZ1ZFNATNTXAWBU.pcm

SwiftExplicitDependencyGeneratePcm x86_64 /Users/mecid/Desktop/OKUL\ /projeler/NEXUS/NEXUSStudyPad/.build/Phase2Release/ModuleCache.noindex/CoreMIDI-AI11GHCACCE63LUCXXYPSIB1E.pcm

SwiftExplicitDependencyGeneratePcm x86_64 /Users/mecid/Desktop/OKUL\ /projeler/NEXUS/NEXUSStudyPad/.build/Phase2Release/ModuleCache.noindex/OpenGLES-66QTEHBQB6DVNWDJHTL52EZ5I.pcm

SwiftExplicitDependencyGeneratePcm x86_64 /Users/mecid/Desktop/OKUL\ /projeler/NEXUS/NEXUSStudyPad/.build/Phase2Release/ModuleCache.noindex/FileProvider-3HK0A23KPR6817P1I3IBMQ3EV.pcm

SwiftExplicitDependencyGeneratePcm x86_64 /Users/mecid/Desktop/OKUL\ /projeler/NEXUS/NEXUSStudyPad/.build/Phase2Release/ModuleCache.noindex/CoreTransferable-3M1GCK1BP2OG4BH6EXQUTEUSF.pcm

SwiftExplicitDependencyGeneratePcm x86_64 /Users/mecid/Desktop/OKUL\ /projeler/NEXUS/NEXUSStudyPad/.build/Phase2Release/ModuleCache.noindex/UniformTypeIdentifiers-7K7J6LYF3YDB4REU5M9AP0M15.pcm

SwiftExplicitDependencyGeneratePcm x86_64 /Users/mecid/Desktop/OKUL\ /projeler/NEXUS/NEXUSStudyPad/.build/Phase2Release/ModuleCache.noindex/UIUtilities-DA7W489ISW5QF5DNS9CTNXEDF.pcm

SwiftExplicitDependencyGeneratePcm x86_64 /Users/mecid/Desktop/OKUL\ /projeler/NEXUS/NEXUSStudyPad/.build/Phase2Release/ModuleCache.noindex/CoreData-7UD88YQF7DOBBF6RHGER6XK3L.pcm

SwiftExplicitDependencyGeneratePcm x86_64 /Users/mecid/Desktop/OKUL\ /projeler/NEXUS/NEXUSStudyPad/.build/Phase2Release/ModuleCache.noindex/Symbols-726JH8ONH924OUP5G0QPPFA50.pcm

SwiftExplicitDependencyGeneratePcm x86_64 /Users/mecid/Desktop/OKUL\ /projeler/NEXUS/NEXUSStudyPad/.build/Phase2Release/ModuleCache.noindex/Accessibility-3ROZKP17SGYNKH7TXT6S5LYOG.pcm

SwiftExplicitDependencyGeneratePcm x86_64 /Users/mecid/Desktop/OKUL\ /projeler/NEXUS/NEXUSStudyPad/.build/Phase2Release/ModuleCache.noindex/Metal-4B8ZH4YAH74F2MEGG7OKUY9BV.pcm

SwiftExplicitDependencyGeneratePcm x86_64 /Users/mecid/Desktop/OKUL\ /projeler/NEXUS/NEXUSStudyPad/.build/Phase2Release/ModuleCache.noindex/AudioToolbox-6LDZKPAR8OK6N6WL63LYGA80P.pcm

SwiftExplicitDependencyGeneratePcm x86_64 /Users/mecid/Desktop/OKUL\ /projeler/NEXUS/NEXUSStudyPad/.build/Phase2Release/ModuleCache.noindex/ModelIO-BS0SWG5ZI19845JEXNHXA6J5C.pcm

SwiftExplicitDependencyGeneratePcm x86_64 /Users/mecid/Desktop/OKUL\ /projeler/NEXUS/NEXUSStudyPad/.build/Phase2Release/ModuleCache.noindex/OSLog-7IAYL1HNY7FW2YCI135GDQA0M.pcm

SwiftExplicitDependencyGeneratePcm x86_64 /Users/mecid/Desktop/OKUL\ /projeler/NEXUS/NEXUSStudyPad/.build/Phase2Release/ModuleCache.noindex/AVRouting-3FW09AH92ZZC1F0QE26LWI9SD.pcm

SwiftExplicitDependencyGeneratePcm arm64 /Users/mecid/Desktop/OKUL\ /projeler/NEXUS/NEXUSStudyPad/.build/Phase2Release/ModuleCache.noindex/FileProvider-6PISRSQ6RGAYSS2REYGNR5AV0.pcm

SwiftExplicitDependencyGeneratePcm arm64 /Users/mecid/Desktop/OKUL\ /projeler/NEXUS/NEXUSStudyPad/.build/Phase2Release/ModuleCache.noindex/UniformTypeIdentifiers-6DOOSP84GJN2FSIU1U6AI2PAN.pcm

SwiftExplicitDependencyGeneratePcm arm64 /Users/mecid/Desktop/OKUL\ /projeler/NEXUS/NEXUSStudyPad/.build/Phase2Release/ModuleCache.noindex/CoreMIDI-3A7FGDTM7PIWGHX23P47099BF.pcm

SwiftExplicitDependencyGeneratePcm arm64 /Users/mecid/Desktop/OKUL\ /projeler/NEXUS/NEXUSStudyPad/.build/Phase2Release/ModuleCache.noindex/CoreTransferable-AIBYQVSOXJ5X5Y6OXYDN1RG3F.pcm

SwiftExplicitDependencyGeneratePcm arm64 /Users/mecid/Desktop/OKUL\ /projeler/NEXUS/NEXUSStudyPad/.build/Phase2Release/ModuleCache.noindex/OpenGLES-19EJPMYD0IVGRVSFM9EFRQZP3.pcm

SwiftExplicitDependencyGeneratePcm arm64 /Users/mecid/Desktop/OKUL\ /projeler/NEXUS/NEXUSStudyPad/.build/Phase2Release/ModuleCache.noindex/DataDetection-4ZEEVRSVDQIOAWSO4NFNWIWYP.pcm

SwiftExplicitDependencyGeneratePcm arm64 /Users/mecid/Desktop/OKUL\ /projeler/NEXUS/NEXUSStudyPad/.build/Phase2Release/ModuleCache.noindex/UIUtilities-WFTM7QG42TRO5KPWLMHYGHAS.pcm

SwiftExplicitDependencyGeneratePcm arm64 /Users/mecid/Desktop/OKUL\ /projeler/NEXUS/NEXUSStudyPad/.build/Phase2Release/ModuleCache.noindex/Symbols-6CM1G0F1NZY1NFG1J91I9BUQ7.pcm

SwiftExplicitDependencyGeneratePcm arm64 /Users/mecid/Desktop/OKUL\ /projeler/NEXUS/NEXUSStudyPad/.build/Phase2Release/ModuleCache.noindex/IOSurface-3EAEM4UB0GA9MX9KRKG5L4TTK.pcm

SwiftExplicitDependencyGeneratePcm arm64 /Users/mecid/Desktop/OKUL\ /projeler/NEXUS/NEXUSStudyPad/.build/Phase2Release/ModuleCache.noindex/OSLog-ACE1CD8O5BRHC3HA2DL6DFQMJ.pcm

SwiftExplicitDependencyGeneratePcm arm64 /Users/mecid/Desktop/OKUL\ /projeler/NEXUS/NEXUSStudyPad/.build/Phase2Release/ModuleCache.noindex/Network-641SV118PVF9RYHWM3CIQ9LUU.pcm

SwiftExplicitDependencyGeneratePcm arm64 /Users/mecid/Desktop/OKUL\ /projeler/NEXUS/NEXUSStudyPad/.build/Phase2Release/ModuleCache.noindex/Accessibility-CXLQKPMUIMJ55SABELADDZUN1.pcm

SwiftExplicitDependencyGeneratePcm x86_64 /Users/mecid/Desktop/OKUL\ /projeler/NEXUS/NEXUSStudyPad/.build/Phase2Release/ModuleCache.noindex/CoreVideo-3UMTU0REZ23K7K4RYCCUQ7JXR.pcm

SwiftExplicitDependencyGeneratePcm arm64 /Users/mecid/Desktop/OKUL\ /projeler/NEXUS/NEXUSStudyPad/.build/Phase2Release/ModuleCache.noindex/ModelIO-4G8PD868SIQLQ2UFEJ5JEDTIT.pcm

SwiftExplicitDependencyGeneratePcm arm64 /Users/mecid/Desktop/OKUL\ /projeler/NEXUS/NEXUSStudyPad/.build/Phase2Release/ModuleCache.noindex/UserNotifications-C47ALLDVGBEB0S98I2JJF6AXF.pcm

SwiftExplicitDependencyGeneratePcm arm64 /Users/mecid/Desktop/OKUL\ /projeler/NEXUS/NEXUSStudyPad/.build/Phase2Release/ModuleCache.noindex/CoreData-DNSRBIH05XK0OKXYQELC7GFN4.pcm

SwiftExplicitDependencyGeneratePcm arm64 /Users/mecid/Desktop/OKUL\ /projeler/NEXUS/NEXUSStudyPad/.build/Phase2Release/ModuleCache.noindex/Metal-6QQ6GE4OET1APHXB3RHK0UU6A.pcm

SwiftExplicitDependencyGeneratePcm arm64 /Users/mecid/Desktop/OKUL\ /projeler/NEXUS/NEXUSStudyPad/.build/Phase2Release/ModuleCache.noindex/AudioToolbox-7H5RR9GWJJBN3G1PQ1J37XH82.pcm

SwiftExplicitDependencyGeneratePcm x86_64 /Users/mecid/Desktop/OKUL\ /projeler/NEXUS/NEXUSStudyPad/.build/Phase2Release/ModuleCache.noindex/CoreImage-AG73V6S60AB8ONVZWB3M80AVY.pcm

SwiftExplicitDependencyGeneratePcm x86_64 /Users/mecid/Desktop/OKUL\ /projeler/NEXUS/NEXUSStudyPad/.build/Phase2Release/ModuleCache.noindex/QuartzCore-A8WIZKYXIXQ8CYL888Q1SCDLU.pcm

SwiftExplicitDependencyGeneratePcm x86_64 /Users/mecid/Desktop/OKUL\ /projeler/NEXUS/NEXUSStudyPad/.build/Phase2Release/ModuleCache.noindex/CoreMedia-32KUMKYKV99VBDGZ18KNIL4CX.pcm

SwiftExplicitDependencyGeneratePcm arm64 /Users/mecid/Desktop/OKUL\ /projeler/NEXUS/NEXUSStudyPad/.build/Phase2Release/ModuleCache.noindex/AVRouting-EICTBKFBLI3EJO37X4Q5QNI1U.pcm

SwiftExplicitDependencyGeneratePcm x86_64 /Users/mecid/Desktop/OKUL\ /projeler/NEXUS/NEXUSStudyPad/.build/Phase2Release/ModuleCache.noindex/SwiftUICore-574TWCN1IX9A593G3W90OEC4N.pcm

SwiftExplicitDependencyGeneratePcm x86_64 /Users/mecid/Desktop/OKUL\ /projeler/NEXUS/NEXUSStudyPad/.build/Phase2Release/ModuleCache.noindex/MediaToolbox-CAX941QW3A99D33SJWFSTJEUC.pcm

SwiftExplicitDependencyGeneratePcm x86_64 /Users/mecid/Desktop/OKUL\ /projeler/NEXUS/NEXUSStudyPad/.build/Phase2Release/ModuleCache.noindex/AVFAudio-50CEZXZ7ERWN0TNQNSAMOSAJG.pcm

SwiftExplicitDependencyGeneratePcm x86_64 /Users/mecid/Desktop/OKUL\ /projeler/NEXUS/NEXUSStudyPad/.build/Phase2Release/ModuleCache.noindex/UIKit-BNK76COBHLGZUW8J9CIPXNN2Y.pcm

SwiftExplicitDependencyGeneratePcm arm64 /Users/mecid/Desktop/OKUL\ /projeler/NEXUS/NEXUSStudyPad/.build/Phase2Release/ModuleCache.noindex/CoreVideo-5NJF2B5E6YD2Q6K7EB6A7HNXU.pcm

SwiftExplicitDependencyGeneratePcm arm64 /Users/mecid/Desktop/OKUL\ /projeler/NEXUS/NEXUSStudyPad/.build/Phase2Release/ModuleCache.noindex/CoreMedia-720K7AT2LJ0V8PBLF8ECZ785N.pcm

SwiftExplicitDependencyGeneratePcm arm64 /Users/mecid/Desktop/OKUL\ /projeler/NEXUS/NEXUSStudyPad/.build/Phase2Release/ModuleCache.noindex/CoreImage-A32VS23RAJDG9Y6K2HW8YIEDA.pcm

SwiftExplicitDependencyGeneratePcm arm64 /Users/mecid/Desktop/OKUL\ /projeler/NEXUS/NEXUSStudyPad/.build/Phase2Release/ModuleCache.noindex/QuartzCore-16HO8GU0J068IBPM5X3OHC1MX.pcm

SwiftExplicitDependencyGeneratePcm x86_64 /Users/mecid/Desktop/OKUL\ /projeler/NEXUS/NEXUSStudyPad/.build/Phase2Release/ModuleCache.noindex/AVFoundation-3BZQICHQJMGAPI3QI0D2S2J61.pcm

SwiftExplicitDependencyGeneratePcm arm64 /Users/mecid/Desktop/OKUL\ /projeler/NEXUS/NEXUSStudyPad/.build/Phase2Release/ModuleCache.noindex/SwiftUICore-EQNU1MVRD5MZ33O9KV0INQPZU.pcm

SwiftExplicitDependencyGeneratePcm arm64 /Users/mecid/Desktop/OKUL\ /projeler/NEXUS/NEXUSStudyPad/.build/Phase2Release/ModuleCache.noindex/MediaToolbox-DTTZWRBHPHQ3S933YGDBSIF5Y.pcm

SwiftExplicitDependencyGeneratePcm arm64 /Users/mecid/Desktop/OKUL\ /projeler/NEXUS/NEXUSStudyPad/.build/Phase2Release/ModuleCache.noindex/AVFAudio-BXFYKRSZO0IBOJJGQK78MCXMP.pcm

LinkAssetCatalog /Users/mecid/Desktop/OKUL\ /projeler/NEXUS/NEXUSStudyPad/NEXUSStudyPad/Resources/Assets.xcassets (in target 'NEXUSStudyPad' from project 'NEXUSStudyPad')
    cd /Users/mecid/Desktop/OKUL\ /projeler/NEXUS/NEXUSStudyPad
    builtin-linkAssetCatalog --thinned /Users/mecid/Desktop/OKUL\ /projeler/NEXUS/NEXUSStudyPad/.build/Phase2Release/Build/Intermediates.noindex/NEXUSStudyPad.build/Release-iphonesimulator/NEXUSStudyPad.build/assetcatalog_output/thinned --thinned-dependencies /Users/mecid/Desktop/OKUL\ /projeler/NEXUS/NEXUSStudyPad/.build/Phase2Release/Build/Intermediates.noindex/NEXUSStudyPad.build/Release-iphonesimulator/NEXUSStudyPad.build/assetcatalog_dependencies_thinned --thinned-info-plist-content /Users/mecid/Desktop/OKUL\ /projeler/NEXUS/NEXUSStudyPad/.build/Phase2Release/Build/Intermediates.noindex/NEXUSStudyPad.build/Release-iphonesimulator/NEXUSStudyPad.build/assetcatalog_generated_info.plist_thinned --unthinned /Users/mecid/Desktop/OKUL\ /projeler/NEXUS/NEXUSStudyPad/.build/Phase2Release/Build/Intermediates.noindex/NEXUSStudyPad.build/Release-iphonesimulator/NEXUSStudyPad.build/assetcatalog_output/unthinned --unthinned-dependencies /Users/mecid/Desktop/OKUL\ /projeler/NEXUS/NEXUSStudyPad/.build/Phase2Release/Build/Intermediates.noindex/NEXUSStudyPad.build/Release-iphonesimulator/NEXUSStudyPad.build/assetcatalog_dependencies_unthinned --unthinned-info-plist-content /Users/mecid/Desktop/OKUL\ /projeler/NEXUS/NEXUSStudyPad/.build/Phase2Release/Build/Intermediates.noindex/NEXUSStudyPad.build/Release-iphonesimulator/NEXUSStudyPad.build/assetcatalog_generated_info.plist_unthinned --output /Users/mecid/Desktop/OKUL\ /projeler/NEXUS/NEXUSStudyPad/.build/Phase2Release/Build/Products/Release-iphonesimulator/NEXUSStudyPad.app --plist-output /Users/mecid/Desktop/OKUL\ /projeler/NEXUS/NEXUSStudyPad/.build/Phase2Release/Build/Intermediates.noindex/NEXUSStudyPad.build/Release-iphonesimulator/NEXUSStudyPad.build/assetcatalog_generated_info.plist
note: Emplaced /Users/mecid/Desktop/OKUL /projeler/NEXUS/NEXUSStudyPad/.build/Phase2Release/Build/Products/Release-iphonesimulator/NEXUSStudyPad.app/AppIcon76x76@2x~ipad.png (in target 'NEXUSStudyPad' from project 'NEXUSStudyPad')
note: Emplaced /Users/mecid/Desktop/OKUL /projeler/NEXUS/NEXUSStudyPad/.build/Phase2Release/Build/Products/Release-iphonesimulator/NEXUSStudyPad.app/AppIcon60x60@2x.png (in target 'NEXUSStudyPad' from project 'NEXUSStudyPad')
note: Emplaced /Users/mecid/Desktop/OKUL /projeler/NEXUS/NEXUSStudyPad/.build/Phase2Release/Build/Products/Release-iphonesimulator/NEXUSStudyPad.app/Assets.car (in target 'NEXUSStudyPad' from project 'NEXUSStudyPad')

ProcessInfoPlistFile /Users/mecid/Desktop/OKUL\ /projeler/NEXUS/NEXUSStudyPad/.build/Phase2Release/Build/Products/Release-iphonesimulator/NEXUSStudyPad.app/Info.plist /Users/mecid/Desktop/OKUL\ /projeler/NEXUS/NEXUSStudyPad/.build/Phase2Release/Build/Intermediates.noindex/NEXUSStudyPad.build/Release-iphonesimulator/NEXUSStudyPad.build/empty-NEXUSStudyPad.plist (in target 'NEXUSStudyPad' from project 'NEXUSStudyPad')
    cd /Users/mecid/Desktop/OKUL\ /projeler/NEXUS/NEXUSStudyPad
    builtin-infoPlistUtility /Users/mecid/Desktop/OKUL\ /projeler/NEXUS/NEXUSStudyPad/.build/Phase2Release/Build/Intermediates.noindex/NEXUSStudyPad.build/Release-iphonesimulator/NEXUSStudyPad.build/empty-NEXUSStudyPad.plist -producttype com.apple.product-type.application -genpkginfo /Users/mecid/Desktop/OKUL\ /projeler/NEXUS/NEXUSStudyPad/.build/Phase2Release/Build/Products/Release-iphonesimulator/NEXUSStudyPad.app/PkgInfo -expandbuildsettings -format binary -platform iphonesimulator -additionalcontentfile /Users/mecid/Desktop/OKUL\ /projeler/NEXUS/NEXUSStudyPad/.build/Phase2Release/Build/Intermediates.noindex/NEXUSStudyPad.build/Release-iphonesimulator/NEXUSStudyPad.build/assetcatalog_generated_info.plist -o /Users/mecid/Desktop/OKUL\ /projeler/NEXUS/NEXUSStudyPad/.build/Phase2Release/Build/Products/Release-iphonesimulator/NEXUSStudyPad.app/Info.plist

SwiftExplicitDependencyGeneratePcm arm64 /Users/mecid/Desktop/OKUL\ /projeler/NEXUS/NEXUSStudyPad/.build/Phase2Release/ModuleCache.noindex/UIKit-BK6K6UW1LADUQZVGO14JHBMX1.pcm

SwiftExplicitDependencyGeneratePcm arm64 /Users/mecid/Desktop/OKUL\ /projeler/NEXUS/NEXUSStudyPad/.build/Phase2Release/ModuleCache.noindex/AVFoundation-AXQ650GQ7PEBLW6WIL2B8HGPP.pcm

SwiftExplicitDependencyGeneratePcm x86_64 /Users/mecid/Desktop/OKUL\ /projeler/NEXUS/NEXUSStudyPad/.build/Phase2Release/ModuleCache.noindex/PDFKit-D2Y1C5RWCW0PHFICE5E2NDRTV.pcm

SwiftExplicitDependencyGeneratePcm x86_64 /Users/mecid/Desktop/OKUL\ /projeler/NEXUS/NEXUSStudyPad/.build/Phase2Release/ModuleCache.noindex/SwiftUI-8UIIEMSQ0TBW2Q5ZYLLY7886O.pcm

SwiftExplicitDependencyGeneratePcm x86_64 /Users/mecid/Desktop/OKUL\ /projeler/NEXUS/NEXUSStudyPad/.build/Phase2Release/ModuleCache.noindex/PencilKit-4WNN4HMR4V6OD1SKXNJ7Z30D8.pcm

SwiftExplicitDependencyGeneratePcm x86_64 /Users/mecid/Desktop/OKUL\ /projeler/NEXUS/NEXUSStudyPad/.build/Phase2Release/ModuleCache.noindex/MetalKit-5AQTCSXH0JMMTCEDE1NI89D32.pcm

SwiftCompile normal x86_64 Compiling\ NEXUSStudyPadApp.swift,\ RootView.swift,\ PencilCanvasView.swift,\ TerminalStates.swift,\ AppRoute.swift,\ PadDesignSystem.swift,\ CourseViews.swift,\ DocumentViews.swift,\ PDFKitViews.swift,\ HomeView.swift,\ HomeViewModel.swift,\ LectureViews.swift,\ NoteViews.swift,\ TaskViews.swift,\ TransferView.swift,\ StudyModels.swift,\ PersistenceController.swift,\ AudioRecordingService.swift,\ DocumentImportService.swift,\ StudyPadTransferService.swift,\ GeneratedAssetSymbols.swift /Users/mecid/Desktop/OKUL\ /projeler/NEXUS/NEXUSStudyPad/NEXUSStudyPad/App/NEXUSStudyPadApp.swift /Users/mecid/Desktop/OKUL\ /projeler/NEXUS/NEXUSStudyPad/NEXUSStudyPad/App/RootView.swift /Users/mecid/Desktop/OKUL\ /projeler/NEXUS/NEXUSStudyPad/NEXUSStudyPad/Components/PencilCanvasView.swift /Users/mecid/Desktop/OKUL\ /projeler/NEXUS/NEXUSStudyPad/NEXUSStudyPad/Components/TerminalStates.swift /Users/mecid/Desktop/OKUL\ /projeler/NEXUS/NEXUSStudyPad/NEXUSStudyPad/Core/AppRoute.swift /Users/mecid/Desktop/OKUL\ /projeler/NEXUS/NEXUSStudyPad/NEXUSStudyPad/DesignSystem/PadDesignSystem.swift /Users/mecid/Desktop/OKUL\ /projeler/NEXUS/NEXUSStudyPad/NEXUSStudyPad/Features/Courses/CourseViews.swift /Users/mecid/Desktop/OKUL\ /projeler/NEXUS/NEXUSStudyPad/NEXUSStudyPad/Features/Documents/DocumentViews.swift /Users/mecid/Desktop/OKUL\ /projeler/NEXUS/NEXUSStudyPad/NEXUSStudyPad/Features/Documents/PDFKitViews.swift /Users/mecid/Desktop/OKUL\ /projeler/NEXUS/NEXUSStudyPad/NEXUSStudyPad/Features/Home/HomeView.swift /Users/mecid/Desktop/OKUL\ /projeler/NEXUS/NEXUSStudyPad/NEXUSStudyPad/Features/Home/HomeViewModel.swift /Users/mecid/Desktop/OKUL\ /projeler/NEXUS/NEXUSStudyPad/NEXUSStudyPad/Features/Lectures/LectureViews.swift /Users/mecid/Desktop/OKUL\ /projeler/NEXUS/NEXUSStudyPad/NEXUSStudyPad/Features/Notes/NoteViews.swift /Users/mecid/Desktop/OKUL\ /projeler/NEXUS/NEXUSStudyPad/NEXUSStudyPad/Features/Tasks/TaskViews.swift /Users/mecid/Desktop/OKUL\ /projeler/NEXUS/NEXUSStudyPad/NEXUSStudyPad/Features/Transfer/TransferView.swift /Users/mecid/Desktop/OKUL\ /projeler/NEXUS/NEXUSStudyPad/NEXUSStudyPad/Models/StudyModels.swift /Users/mecid/Desktop/OKUL\ /projeler/NEXUS/NEXUSStudyPad/NEXUSStudyPad/Persistence/PersistenceController.swift /Users/mecid/Desktop/OKUL\ /projeler/NEXUS/NEXUSStudyPad/NEXUSStudyPad/Services/AudioRecordingService.swift /Users/mecid/Desktop/OKUL\ /projeler/NEXUS/NEXUSStudyPad/NEXUSStudyPad/Services/DocumentImportService.swift /Users/mecid/Desktop/OKUL\ /projeler/NEXUS/NEXUSStudyPad/NEXUSStudyPad/Services/StudyPadTransferService.swift /Users/mecid/Desktop/OKUL\ /projeler/NEXUS/NEXUSStudyPad/.build/Phase2Release/Build/Intermediates.noindex/NEXUSStudyPad.build/Release-iphonesimulator/NEXUSStudyPad.build/DerivedSources/GeneratedAssetSymbols.swift /Applications/Xcode.app/Contents/Developer/Toolchains/XcodeDefault.xctoolchain/usr/lib/swift/iphonesimulator/prebuilt-modules/26.5/Metal.swiftmodule/x86_64-apple-ios-simulator.swiftmodule /Applications/Xcode.app/Contents/Developer/Toolchains/XcodeDefault.xctoolchain/usr/lib/swift/iphonesimulator/prebuilt-modules/26.5/QuartzCore.swiftmodule/x86_64-apple-ios-simulator.swiftmodule /Applications/Xcode.app/Contents/Developer/Toolchains/XcodeDefault.xctoolchain/usr/lib/swift/iphonesimulator/prebuilt-modules/26.5/Symbols.swiftmodule/x86_64-apple-ios-simulator.swiftmodule /Applications/Xcode.app/Contents/Developer/Toolchains/XcodeDefault.xctoolchain/usr/lib/swift/iphonesimulator/prebuilt-modules/26.5/CoreText.swiftmodule/x86_64-apple-ios-simulator.swiftmodule /Applications/Xcode.app/Contents/Developer/Toolchains/XcodeDefault.xctoolchain/usr/lib/swift/iphonesimulator/prebuilt-modules/26.5/SwiftData.swiftmodule/x86_64-apple-ios-simulator.swiftmodule /Applications/Xcode.app/Contents/Developer/Toolchains/XcodeDefault.xctoolchain/usr/lib/swift/iphonesimulator/prebuilt-modules/26.5/_SwiftData_SwiftUI.swiftmodule/x86_64-apple-ios-simulator.swiftmodule /Applications/Xcode.app/Contents/Developer/Toolchains/XcodeDefault.xctoolchain/usr/lib/swift/iphonesimulator/prebuilt-modules/26.5/DataDetection.swiftmodule/x86_64-apple-ios-simulator.swiftmodule /Applications/Xcode.app/Contents/Developer/Toolchains/XcodeDefault.xctoolchain/usr/lib/swift/iphonesimulator/prebuilt-modules/26.5/SwiftUICore.swiftmodule/x86_64-apple-ios-simulator.swiftmodule /Applications/Xcode.app/Contents/Developer/Toolchains/XcodeDefault.xctoolchain/usr/lib/swift/iphonesimulator/prebuilt-modules/26.5/Synchronization.swiftmodule/x86_64-apple-ios-simulator.swiftmodule /Applications/Xcode.app/Contents/Developer/Toolchains/XcodeDefault.xctoolchain/usr/lib/swift/iphonesimulator/prebuilt-modules/26.5/Foundation.swiftmodule/x86_64-apple-ios-simulator.swiftmodule /Applications/Xcode.app/Contents/Developer/Toolchains/XcodeDefault.xctoolchain/usr/lib/swift/iphonesimulator/prebuilt-modules/26.5/CoreImage.swiftmodule/x86_64-apple-ios-simulator.swiftmodule /Applications/Xcode.app/Contents/Developer/Toolchains/XcodeDefault.xctoolchain/usr/lib/swift/iphonesimulator/prebuilt-modules/26.5/Accessibility.swiftmodule/x86_64-apple-ios-simulator.swiftmodule /Applications/Xcode.app/Contents/Developer/Toolchains/XcodeDefault.xctoolchain/usr/lib/swift/iphonesimulator/prebuilt-modules/26.5/UniformTypeIdentifiers.swiftmodule/x86_64-apple-ios-simulator.swiftmodule /Applications/Xcode.app/Contents/Developer/Toolchains/XcodeDefault.xctoolchain/usr/lib/swift/iphonesimulator/prebuilt-modules/26.5/System.swiftmodule/x86_64-apple-ios-simulator.swiftmodule /Applications/Xcode.app/Contents/Developer/Toolchains/XcodeDefault.xctoolchain/usr/lib/swift/iphonesimulator/prebuilt-modules/26.5/AudioToolbox.swiftmodule/x86_64-apple-ios-simulator.swiftmodule /Applications/Xcode.app/Contents/Developer/Toolchains/XcodeDefault.xctoolchain/usr/lib/swift/iphonesimulator/prebuilt-modules/26.5/Observation.swiftmodule/x86_64-apple-ios-simulator.swiftmodule /Applications/Xcode.app/Contents/Developer/Toolchains/XcodeDefault.xctoolchain/usr/lib/swift/iphonesimulator/prebuilt-modules/26.5/AVFoundation.swiftmodule/x86_64-apple-ios-simulator.swiftmodule /Applications/Xcode.app/Contents/Developer/Toolchains/XcodeDefault.xctoolchain/usr/lib/swift/iphonesimulator/prebuilt-modules/26.5/FileProvider.swiftmodule/x86_64-apple-ios-simulator.swiftmodule /Applications/Xcode.app/Contents/Developer/Toolchains/XcodeDefault.xctoolchain/usr/lib/swift/iphonesimulator/prebuilt-modules/26.5/MetalKit.swiftmodule/x86_64-apple-ios-simulator.swiftmodule /Applications/Xcode.app/Contents/Developer/Toolchains/XcodeDefault.xctoolchain/usr/lib/swift/iphonesimulator/prebuilt-modules/26.5/CoreMIDI.swiftmodule/x86_64-apple-ios-simulator.swiftmodule /Applications/Xcode.app/Contents/Developer/Toolchains/XcodeDefault.xctoolchain/usr/lib/swift/iphonesimulator/prebuilt-modules/26.5/_DarwinFoundation1.swiftmodule/x86_64-apple-ios-simulator.swiftmodule /Applications/Xcode.app/Contents/Developer/Toolchains/XcodeDefault.xctoolchain/usr/lib/swift/iphonesimulator/prebuilt-modules/26.5/_DarwinFoundation3.swiftmodule/x86_64-apple-ios-simulator.swiftmodule /Applications/Xcode.app/Contents/Developer/Toolchains/XcodeDefault.xctoolchain/usr/lib/swift/iphonesimulator/prebuilt-modules/26.5/CoreMedia.swiftmodule/x86_64-apple-ios-simulator.swiftmodule /Applications/Xcode.app/Contents/Developer/Toolchains/XcodeDefault.xctoolchain/usr/lib/swift/iphonesimulator/prebuilt-modules/26.5/ObjectiveC.swiftmodule/x86_64-apple-ios-simulator.swiftmodule /Applications/Xcode.app/Contents/Developer/Toolchains/XcodeDefault.xctoolchain/usr/lib/swift/iphonesimulator/prebuilt-modules/26.5/XPC.swiftmodule/x86_64-apple-ios-simulator.swiftmodule /Applications/Xcode.app/Contents/Developer/Toolchains/XcodeDefault.xctoolchain/usr/lib/swift/iphonesimulator/prebuilt-modules/26.5/Darwin.swiftmodule/x86_64-apple-ios-simulator.swiftmodule /Applications/Xcode.app/Contents/Developer/Toolchains/XcodeDefault.xctoolchain/usr/lib/swift/iphonesimulator/prebuilt-modules/26.5/_StringProcessing.swiftmodule/x86_64-apple-ios-simulator.swiftmodule /Applications/Xcode.app/Contents/Developer/Toolchains/XcodeDefault.xctoolchain/usr/lib/swift/iphonesimulator/prebuilt-modules/26.5/UIKit.swiftmodule/x86_64-apple-ios-simulator.swiftmodule /Applications/Xcode.app/Contents/Developer/Toolchains/XcodeDefault.xctoolchain/usr/lib/swift/iphonesimulator/prebuilt-modules/26.5/_DarwinFoundation2.swiftmodule/x86_64-apple-ios-simulator.swiftmodule /Applications/Xcode.app/Contents/Developer/Toolchains/XcodeDefault.xctoolchain/usr/lib/swift/iphonesimulator/prebuilt-modules/26.5/os.swiftmodule/x86_64-apple-ios-simulator.swiftmodule /Applications/Xcode.app/Contents/Developer/Toolchains/XcodeDefault.xctoolchain/usr/lib/swift/iphonesimulator/prebuilt-modules/26.5/CoreGraphics.swiftmodule/x86_64-apple-ios-simulator.swiftmodule /Applications/Xcode.app/Contents/Developer/Toolchains/XcodeDefault.xctoolchain/usr/lib/swift/iphonesimulator/prebuilt-modules/26.5/CoreAudio.swiftmodule/x86_64-apple-ios-simulator.swiftmodule /Applications/Xcode.app/Contents/Developer/Toolchains/XcodeDefault.xctoolchain/usr/lib/swift/iphonesimulator/prebuilt-modules/26.5/PDFKit.swiftmodule/x86_64-apple-ios-simulator.swiftmodule /Applications/Xcode.app/Contents/Developer/Toolchains/XcodeDefault.xctoolchain/usr/lib/swift/iphonesimulator/prebuilt-modules/26.5/Dispatch.swiftmodule/x86_64-apple-ios-simulator.swiftmodule /Applications/Xcode.app/Contents/Developer/Toolchains/XcodeDefault.xctoolchain/usr/lib/swift/iphonesimulator/prebuilt-modules/26.5/Combine.swiftmodule/x86_64-apple-ios-simulator.swiftmodule /Applications/Xcode.app/Contents/Developer/Toolchains/XcodeDefault.xctoolchain/usr/lib/swift/iphonesimulator/prebuilt-modules/26.5/simd.swiftmodule/x86_64-apple-ios-simulator.swiftmodule /Applications/Xcode.app/Contents/Developer/Toolchains/XcodeDefault.xctoolchain/usr/lib/swift/iphonesimulator/prebuilt-modules/26.5/CoreTransferable.swiftmodule/x86_64-apple-ios-simulator.swiftmodule /Applications/Xcode.app/Contents/Developer/Toolchains/XcodeDefault.xctoolchain/usr/lib/swift/iphonesimulator/prebuilt-modules/26.5/PencilKit.swiftmodule/x86_64-apple-ios-simulator.swiftmodule /Applications/Xcode.app/Contents/Developer/Toolchains/XcodeDefault.xctoolchain/usr/lib/swift/iphonesimulator/prebuilt-modules/26.5/ModelIO.swiftmodule/x86_64-apple-ios-simulator.swiftmodule /Applications/Xcode.app/Contents/Developer/Toolchains/XcodeDefault.xctoolchain/usr/lib/swift/iphonesimulator/prebuilt-modules/26.5/_Concurrency.swiftmodule/x86_64-apple-ios-simulator.swiftmodule /Applications/Xcode.app/Contents/Developer/Toolchains/XcodeDefault.xctoolchain/usr/lib/swift/iphonesimulator/prebuilt-modules/26.5/AVFAudio.swiftmodule/x86_64-apple-ios-simulator.swiftmodule /Applications/Xcode.app/Contents/Developer/Toolchains/XcodeDefault.xctoolchain/usr/lib/swift/iphonesimulator/prebuilt-modules/26.5/DeveloperToolsSupport.swiftmodule/x86_64-apple-ios-simulator.swiftmodule /Applications/Xcode.app/Contents/Developer/Toolchains/XcodeDefault.xctoolchain/usr/lib/swift/iphonesimulator/prebuilt-modules/26.5/CoreData.swiftmodule/x86_64-apple-ios-simulator.swiftmodule /Applications/Xcode.app/Contents/Developer/Toolchains/XcodeDefault.xctoolchain/usr/lib/swift/iphonesimulator/prebuilt-modules/26.5/CoreVideo.swiftmodule/x86_64-apple-ios-simulator.swiftmodule /Applications/Xcode.app/Contents/Developer/Toolchains/XcodeDefault.xctoolchain/usr/lib/swift/iphonesimulator/prebuilt-modules/26.5/Swift.swiftmodule/x86_64-apple-ios-simulator.swiftmodule /Applications/Xcode.app/Contents/Developer/Toolchains/XcodeDefault.xctoolchain/usr/lib/swift/iphonesimulator/prebuilt-modules/26.5/SwiftUI.swiftmodule/x86_64-apple-ios-simulator.swiftmodule /Applications/Xcode.app/Contents/Developer/Toolchains/XcodeDefault.xctoolchain/usr/lib/swift/iphonesimulator/prebuilt-modules/26.5/CoreFoundation.swiftmodule/x86_64-apple-ios-simulator.swiftmodule /Applications/Xcode.app/Contents/Developer/Toolchains/XcodeDefault.xctoolchain/usr/lib/swift/iphonesimulator/prebuilt-modules/26.5/Spatial.swiftmodule/x86_64-apple-ios-simulator.swiftmodule /Applications/Xcode.app/Contents/Developer/Toolchains/XcodeDefault.xctoolchain/usr/lib/swift/iphonesimulator/prebuilt-modules/26.5/_Builtin_float.swiftmodule/x86_64-apple-ios-simulator.swiftmodule /Applications/Xcode.app/Contents/Developer/Toolchains/XcodeDefault.xctoolchain/usr/lib/swift/iphonesimulator/prebuilt-modules/26.5/OSLog.swiftmodule/x86_64-apple-ios-simulator.swiftmodule /Users/mecid/Desktop/OKUL\ /projeler/NEXUS/NEXUSStudyPad/.build/Phase2Release/ModuleCache.noindex/CoreAudio-A0FNR4OXAKU4937FABZBRDWKE.pcm /Users/mecid/Desktop/OKUL\ /projeler/NEXUS/NEXUSStudyPad/.build/Phase2Release/ModuleCache.noindex/OpenGLES-66QTEHBQB6DVNWDJHTL52EZ5I.pcm /Users/mecid/Desktop/OKUL\ /projeler/NEXUS/NEXUSStudyPad/.build/Phase2Release/ModuleCache.noindex/_AvailabilityInternal-8R09ONGKDWGYPT4CC55SMY5LZ.pcm /Users/mecid/Desktop/OKUL\ /projeler/NEXUS/NEXUSStudyPad/.build/Phase2Release/ModuleCache.noindex/ObjectiveC-7XV99DKQDIKEWR4X0Y8REFYP3.pcm /Users/mecid/Desktop/OKUL\ /projeler/NEXUS/NEXUSStudyPad/.build/Phase2Release/ModuleCache.noindex/Security-9E7JVLJAJFJQYRT2L50RG7PBP.pcm /Users/mecid/Desktop/OKUL\ /projeler/NEXUS/NEXUSStudyPad/.build/Phase2Release/ModuleCache.noindex/SwiftShims-9UF8ZIGDFJREQYQVSDLBKNQC.pcm /Users/mecid/Desktop/OKUL\ /projeler/NEXUS/NEXUSStudyPad/.build/Phase2Release/ModuleCache.noindex/_SwiftConcurrencyShims-6IMAA9TJEA9AO5U7QOZPNRI54.pcm /Users/mecid/Desktop/OKUL\ /projeler/NEXUS/NEXUSStudyPad/.build/Phase2Release/ModuleCache.noindex/_DarwinFoundation1-2D82A7UZT12DQZAMQLUT5SGRM.pcm /Users/mecid/Desktop/OKUL\ /projeler/NEXUS/NEXUSStudyPad/.build/Phase2Release/ModuleCache.noindex/SwiftUI-8UIIEMSQ0TBW2Q5ZYLLY7886O.pcm /Users/mecid/Desktop/OKUL\ /projeler/NEXUS/NEXUSStudyPad/.build/Phase2Release/ModuleCache.noindex/_DarwinFoundation3-CQ6MJ3HJ72IJYVBT3ECO2Q79W.pcm /Users/mecid/Desktop/OKUL\ /projeler/NEXUS/NEXUSStudyPad/.build/Phase2Release/ModuleCache.noindex/_Builtin_limits-2E2GAANTW15KO87JZPBRO3H2M.pcm /Users/mecid/Desktop/OKUL\ /projeler/NEXUS/NEXUSStudyPad/.build/Phase2Release/ModuleCache.noindex/Spatial-7QK61VGD0YXGHKK145H0ICBF4.pcm /Users/mecid/Desktop/OKUL\ /projeler/NEXUS/NEXUSStudyPad/.build/Phase2Release/ModuleCache.noindex/FileProvider-3HK0A23KPR6817P1I3IBMQ3EV.pcm /Users/mecid/Desktop/OKUL\ /projeler/NEXUS/NEXUSStudyPad/.build/Phase2Release/ModuleCache.noindex/PDFKit-D2Y1C5RWCW0PHFICE5E2NDRTV.pcm /Users/mecid/Desktop/OKUL\ /projeler/NEXUS/NEXUSStudyPad/.build/Phase2Release/ModuleCache.noindex/UserNotifications-BARZ9HF1V7KJ6S2CGP5T1RROX.pcm /Users/mecid/Desktop/OKUL\ /projeler/NEXUS/NEXUSStudyPad/.build/Phase2Release/ModuleCache.noindex/_Builtin_stddef-3SJ9ZI698W48NBKY2R7V162IW.pcm /Users/mecid/Desktop/OKUL\ /projeler/NEXUS/NEXUSStudyPad/.build/Phase2Release/ModuleCache.noindex/CFNetwork-85OD78L0H8X26O6MERDSMC56D.pcm /Users/mecid/Desktop/OKUL\ /projeler/NEXUS/NEXUSStudyPad/.build/Phase2Release/ModuleCache.noindex/UniformTypeIdentifiers-7K7J6LYF3YDB4REU5M9AP0M15.pcm /Users/mecid/Desktop/OKUL\ /projeler/NEXUS/NEXUSStudyPad/.build/Phase2Release/ModuleCache.noindex/SwiftUICore-574TWCN1IX9A593G3W90OEC4N.pcm /Users/mecid/Desktop/OKUL\ /projeler/NEXUS/NEXUSStudyPad/.build/Phase2Release/ModuleCache.noindex/CoreMIDI-AI11GHCACCE63LUCXXYPSIB1E.pcm /Users/mecid/Desktop/OKUL\ /projeler/NEXUS/NEXUSStudyPad/.build/Phase2Release/ModuleCache.noindex/Symbols-726JH8ONH924OUP5G0QPPFA50.pcm /Users/mecid/Desktop/OKUL\ /projeler/NEXUS/NEXUSStudyPad/.build/Phase2Release/ModuleCache.noindex/DeveloperToolsSupport-AYPTWVWIGQ44JL1HQ1YUI3RG8.pcm /Users/mecid/Desktop/OKUL\ /projeler/NEXUS/NEXUSStudyPad/.build/Phase2Release/ModuleCache.noindex/PencilKit-4WNN4HMR4V6OD1SKXNJ7Z30D8.pcm /Users/mecid/Desktop/OKUL\ /projeler/NEXUS/NEXUSStudyPad/.build/Phase2Release/ModuleCache.noindex/UIUtilities-DA7W489ISW5QF5DNS9CTNXEDF.pcm /Users/mecid/Desktop/OKUL\ /projeler/NEXUS/NEXUSStudyPad/.build/Phase2Release/ModuleCache.noindex/_Builtin_inttypes-8TDT0UOMB5ZIK3UZLNJR36JPL.pcm /Users/mecid/Desktop/OKUL\ /projeler/NEXUS/NEXUSStudyPad/.build/Phase2Release/ModuleCache.noindex/OSLog-7IAYL1HNY7FW2YCI135GDQA0M.pcm /Users/mecid/Desktop/OKUL\ /projeler/NEXUS/NEXUSStudyPad/.build/Phase2Release/ModuleCache.noindex/Network-CFZI2AKG0GZ1ZFNATNTXAWBU.pcm /Users/mecid/Desktop/OKUL\ /projeler/NEXUS/NEXUSStudyPad/.build/Phase2Release/ModuleCache.noindex/CoreImage-AG73V6S60AB8ONVZWB3M80AVY.pcm /Users/mecid/Desktop/OKUL\ /projeler/NEXUS/NEXUSStudyPad/.build/Phase2Release/ModuleCache.noindex/CoreData-7UD88YQF7DOBBF6RHGER6XK3L.pcm /Users/mecid/Desktop/OKUL\ /projeler/NEXUS/NEXUSStudyPad/.build/Phase2Release/ModuleCache.noindex/MediaToolbox-CAX941QW3A99D33SJWFSTJEUC.pcm /Users/mecid/Desktop/OKUL\ /projeler/NEXUS/NEXUSStudyPad/.build/Phase2Release/ModuleCache.noindex/AVFoundation-3BZQICHQJMGAPI3QI0D2S2J61.pcm /Users/mecid/Desktop/OKUL\ /projeler/NEXUS/NEXUSStudyPad/.build/Phase2Release/ModuleCache.noindex/Dispatch-T53EJA3H4408LPVCEVOTHAOV.pcm /Users/mecid/Desktop/OKUL\ /projeler/NEXUS/NEXUSStudyPad/.build/Phase2Release/ModuleCache.noindex/DataDetection-5XV2ZKIBX328U7NSSHNS990J5.pcm /Users/mecid/Desktop/OKUL\ /projeler/NEXUS/NEXUSStudyPad/.build/Phase2Release/ModuleCache.noindex/ptrauth-BWA0CU433PQRL67NHB4KVDQ2R.pcm /Users/mecid/Desktop/OKUL\ /projeler/NEXUS/NEXUSStudyPad/.build/Phase2Release/ModuleCache.noindex/AVRouting-3FW09AH92ZZC1F0QE26LWI9SD.pcm /Users/mecid/Desktop/OKUL\ /projeler/NEXUS/NEXUSStudyPad/.build/Phase2Release/ModuleCache.noindex/os_object-4DGFDTTBJWTZ37NW05IQEAZN3.pcm /Users/mecid/Desktop/OKUL\ /projeler/NEXUS/NEXUSStudyPad/.build/Phase2Release/ModuleCache.noindex/AudioToolbox-6LDZKPAR8OK6N6WL63LYGA80P.pcm /Users/mecid/Desktop/OKUL\ /projeler/NEXUS/NEXUSStudyPad/.build/Phase2Release/ModuleCache.noindex/os_workgroup-3M9TN4PE1TD7F4XKM9Z6XJM5G.pcm /Users/mecid/Desktop/OKUL\ /projeler/NEXUS/NEXUSStudyPad/.build/Phase2Release/ModuleCache.noindex/Darwin-BUD1YWI1682VYYEJUONRWR77D.pcm /Users/mecid/Desktop/OKUL\ /projeler/NEXUS/NEXUSStudyPad/.build/Phase2Release/ModuleCache.noindex/MachO-Y004KNZJ6FJ4BZHMFNRU72KQ.pcm /Users/mecid/Desktop/OKUL\ /projeler/NEXUS/NEXUSStudyPad/.build/Phase2Release/ModuleCache.noindex/CoreFoundation-E46EHLSNW72YQOCWRQJM9ZOGG.pcm /Users/mecid/Desktop/OKUL\ /projeler/NEXUS/NEXUSStudyPad/.build/Phase2Release/ModuleCache.noindex/_Builtin_intrinsics-C51GSQ1O7Y07KR5KSNA4N0LQF.pcm /Users/mecid/Desktop/OKUL\ /projeler/NEXUS/NEXUSStudyPad/.build/Phase2Release/ModuleCache.noindex/_Builtin_stdbool-DZARCSSJ22O4HMJRWGWK37O9N.pcm /Users/mecid/Desktop/OKUL\ /projeler/NEXUS/NEXUSStudyPad/.build/Phase2Release/ModuleCache.noindex/Accessibility-3ROZKP17SGYNKH7TXT6S5LYOG.pcm /Users/mecid/Desktop/OKUL\ /projeler/NEXUS/NEXUSStudyPad/.build/Phase2Release/ModuleCache.noindex/CoreText-A4OMSD0TD4VCOQV75IG4EGZVF.pcm /Users/mecid/Desktop/OKUL\ /projeler/NEXUS/NEXUSStudyPad/.build/Phase2Release/ModuleCache.noindex/simd-3R731H84Z80NE0QJ512Y0A5HA.pcm /Users/mecid/Desktop/OKUL\ /projeler/NEXUS/NEXUSStudyPad/.build/Phase2Release/ModuleCache.noindex/ImageIO-5NV2X8VPEMBYSPCG36I5JBTKG.pcm /Users/mecid/Desktop/OKUL\ /projeler/NEXUS/NEXUSStudyPad/.build/Phase2Release/ModuleCache.noindex/XPC-34NAAV7FMKGEWPU80L78DFT3T.pcm /Users/mecid/Desktop/OKUL\ /projeler/NEXUS/NEXUSStudyPad/.build/Phase2Release/ModuleCache.noindex/_Builtin_stdarg-AXEPGD4FI1E3145O9YNK5L05L.pcm /Users/mecid/Desktop/OKUL\ /projeler/NEXUS/NEXUSStudyPad/.build/Phase2Release/ModuleCache.noindex/_DarwinFoundation2-91OHCGX0H6BISUARR8XJFK2SW.pcm /Users/mecid/Desktop/OKUL\ /projeler/NEXUS/NEXUSStudyPad/.build/Phase2Release/ModuleCache.noindex/QuartzCore-A8WIZKYXIXQ8CYL888Q1SCDLU.pcm /Users/mecid/Desktop/OKUL\ /projeler/NEXUS/NEXUSStudyPad/.build/Phase2Release/ModuleCache.noindex/_Builtin_stdatomic-CID5ZJ0L7X859PFPLENXYUJVJ.pcm /Users/mecid/Desktop/OKUL\ /projeler/NEXUS/NEXUSStudyPad/.build/Phase2Release/ModuleCache.noindex/AVFAudio-50CEZXZ7ERWN0TNQNSAMOSAJG.pcm /Users/mecid/Desktop/OKUL\ /projeler/NEXUS/NEXUSStudyPad/.build/Phase2Release/ModuleCache.noindex/_Builtin_stdint-4QR40RGK439Y6FZJXYN3S87W4.pcm /Users/mecid/Desktop/OKUL\ /projeler/NEXUS/NEXUSStudyPad/.build/Phase2Release/ModuleCache.noindex/ModelIO-BS0SWG5ZI19845JEXNHXA6J5C.pcm /Users/mecid/Desktop/OKUL\ /projeler/NEXUS/NEXUSStudyPad/.build/Phase2Release/ModuleCache.noindex/IOSurface-1XA9XVTQD8TCLU73SUNVSA4RV.pcm /Users/mecid/Desktop/OKUL\ /projeler/NEXUS/NEXUSStudyPad/.build/Phase2Release/ModuleCache.noindex/_Builtin_float-AQG999NF2JVHHWOC7XQKLZIQL.pcm /Users/mecid/Desktop/OKUL\ /projeler/NEXUS/NEXUSStudyPad/.build/Phase2Release/ModuleCache.noindex/UIKit-BNK76COBHLGZUW8J9CIPXNN2Y.pcm /Users/mecid/Desktop/OKUL\ /projeler/NEXUS/NEXUSStudyPad/.build/Phase2Release/ModuleCache.noindex/Metal-4B8ZH4YAH74F2MEGG7OKUY9BV.pcm /Users/mecid/Desktop/OKUL\ /projeler/NEXUS/NEXUSStudyPad/.build/Phase2Release/ModuleCache.noindex/os-9D769ZOLM34AY1ZAGJGX8G9KD.pcm /Users/mecid/Desktop/OKUL\ /projeler/NEXUS/NEXUSStudyPad/.build/Phase2Release/ModuleCache.noindex/_Builtin_tgmath-CO79EKD7WN47H89ZAWVM01RUE.pcm /Users/mecid/Desktop/OKUL\ /projeler/NEXUS/NEXUSStudyPad/.build/Phase2Release/ModuleCache.noindex/Foundation-4CAPKQPQSK1WUBGNW559XJ2JR.pcm /Users/mecid/Desktop/OKUL\ /projeler/NEXUS/NEXUSStudyPad/.build/Phase2Release/ModuleCache.noindex/CoreVideo-3UMTU0REZ23K7K4RYCCUQ7JXR.pcm /Users/mecid/Desktop/OKUL\ /projeler/NEXUS/NEXUSStudyPad/.build/Phase2Release/ModuleCache.noindex/sys_types-C6KBT8J9SRMHWHYMS0YJIY5VQ.pcm /Users/mecid/Desktop/OKUL\ /projeler/NEXUS/NEXUSStudyPad/.build/Phase2Release/ModuleCache.noindex/CoreGraphics-UBM17YD034QT2UYH885AZQME.pcm /Users/mecid/Desktop/OKUL\ /projeler/NEXUS/NEXUSStudyPad/.build/Phase2Release/ModuleCache.noindex/CoreAudioTypes-A4FM7T2I8VG6GP2QSYKA2EX07.pcm /Users/mecid/Desktop/OKUL\ /projeler/NEXUS/NEXUSStudyPad/.build/Phase2Release/ModuleCache.noindex/CoreTransferable-3M1GCK1BP2OG4BH6EXQUTEUSF.pcm /Users/mecid/Desktop/OKUL\ /projeler/NEXUS/NEXUSStudyPad/.build/Phase2Release/ModuleCache.noindex/CoreMedia-32KUMKYKV99VBDGZ18KNIL4CX.pcm /Users/mecid/Desktop/OKUL\ /projeler/NEXUS/NEXUSStudyPad/.build/Phase2Release/ModuleCache.noindex/ptrcheck-7VA0KKJ7MZUOAHCRL2K3WXR90.pcm /Users/mecid/Desktop/OKUL\ /projeler/NEXUS/NEXUSStudyPad/.build/Phase2Release/ModuleCache.noindex/MetalKit-5AQTCSXH0JMMTCEDE1NI89D32.pcm /Users/mecid/Desktop/OKUL\ /projeler/NEXUS/NEXUSStudyPad/.build/Phase2Release/ModuleCache.noindex/dnssd-58QXT5F7J0YIG3YL3GZAC86XG.pcm /Users/mecid/Desktop/OKUL\ /projeler/NEXUS/NEXUSStudyPad/.build/Phase2Release/Build/Intermediates.noindex/NEXUSStudyPad.build/Release-iphonesimulator/NEXUSStudyPad.build/Objects-normal/x86_64/NEXUSStudyPad-dependencies-1.json (in target 'NEXUSStudyPad' from project 'NEXUSStudyPad')
CompileSwift normal x86_64 (in target 'NEXUSStudyPad' from project 'NEXUSStudyPad')
    cd /Users/mecid/Desktop/OKUL\ /projeler/NEXUS/NEXUSStudyPad
    

SwiftExplicitDependencyGeneratePcm arm64 /Users/mecid/Desktop/OKUL\ /projeler/NEXUS/NEXUSStudyPad/.build/Phase2Release/ModuleCache.noindex/MetalKit-AV11F7S8CQDZ3UELEQBE3R9F5.pcm

SwiftExplicitDependencyGeneratePcm arm64 /Users/mecid/Desktop/OKUL\ /projeler/NEXUS/NEXUSStudyPad/.build/Phase2Release/ModuleCache.noindex/SwiftUI-3M95SO6AYGXFEP4HJ4NSYC3PD.pcm

SwiftExplicitDependencyGeneratePcm arm64 /Users/mecid/Desktop/OKUL\ /projeler/NEXUS/NEXUSStudyPad/.build/Phase2Release/ModuleCache.noindex/PDFKit-7FD0342IBQVIJ477ED6NXK233.pcm

SwiftExplicitDependencyGeneratePcm arm64 /Users/mecid/Desktop/OKUL\ /projeler/NEXUS/NEXUSStudyPad/.build/Phase2Release/ModuleCache.noindex/PencilKit-6B6VDMH2RTG91Q9R75EYFKUCH.pcm

SwiftCompile normal arm64 Compiling\ NEXUSStudyPadApp.swift,\ RootView.swift,\ PencilCanvasView.swift,\ TerminalStates.swift,\ AppRoute.swift,\ PadDesignSystem.swift,\ CourseViews.swift,\ DocumentViews.swift,\ PDFKitViews.swift,\ HomeView.swift,\ HomeViewModel.swift,\ LectureViews.swift,\ NoteViews.swift,\ TaskViews.swift,\ TransferView.swift,\ StudyModels.swift,\ PersistenceController.swift,\ AudioRecordingService.swift,\ DocumentImportService.swift,\ StudyPadTransferService.swift,\ GeneratedAssetSymbols.swift /Users/mecid/Desktop/OKUL\ /projeler/NEXUS/NEXUSStudyPad/NEXUSStudyPad/App/NEXUSStudyPadApp.swift /Users/mecid/Desktop/OKUL\ /projeler/NEXUS/NEXUSStudyPad/NEXUSStudyPad/App/RootView.swift /Users/mecid/Desktop/OKUL\ /projeler/NEXUS/NEXUSStudyPad/NEXUSStudyPad/Components/PencilCanvasView.swift /Users/mecid/Desktop/OKUL\ /projeler/NEXUS/NEXUSStudyPad/NEXUSStudyPad/Components/TerminalStates.swift /Users/mecid/Desktop/OKUL\ /projeler/NEXUS/NEXUSStudyPad/NEXUSStudyPad/Core/AppRoute.swift /Users/mecid/Desktop/OKUL\ /projeler/NEXUS/NEXUSStudyPad/NEXUSStudyPad/DesignSystem/PadDesignSystem.swift /Users/mecid/Desktop/OKUL\ /projeler/NEXUS/NEXUSStudyPad/NEXUSStudyPad/Features/Courses/CourseViews.swift /Users/mecid/Desktop/OKUL\ /projeler/NEXUS/NEXUSStudyPad/NEXUSStudyPad/Features/Documents/DocumentViews.swift /Users/mecid/Desktop/OKUL\ /projeler/NEXUS/NEXUSStudyPad/NEXUSStudyPad/Features/Documents/PDFKitViews.swift /Users/mecid/Desktop/OKUL\ /projeler/NEXUS/NEXUSStudyPad/NEXUSStudyPad/Features/Home/HomeView.swift /Users/mecid/Desktop/OKUL\ /projeler/NEXUS/NEXUSStudyPad/NEXUSStudyPad/Features/Home/HomeViewModel.swift /Users/mecid/Desktop/OKUL\ /projeler/NEXUS/NEXUSStudyPad/NEXUSStudyPad/Features/Lectures/LectureViews.swift /Users/mecid/Desktop/OKUL\ /projeler/NEXUS/NEXUSStudyPad/NEXUSStudyPad/Features/Notes/NoteViews.swift /Users/mecid/Desktop/OKUL\ /projeler/NEXUS/NEXUSStudyPad/NEXUSStudyPad/Features/Tasks/TaskViews.swift /Users/mecid/Desktop/OKUL\ /projeler/NEXUS/NEXUSStudyPad/NEXUSStudyPad/Features/Transfer/TransferView.swift /Users/mecid/Desktop/OKUL\ /projeler/NEXUS/NEXUSStudyPad/NEXUSStudyPad/Models/StudyModels.swift /Users/mecid/Desktop/OKUL\ /projeler/NEXUS/NEXUSStudyPad/NEXUSStudyPad/Persistence/PersistenceController.swift /Users/mecid/Desktop/OKUL\ /projeler/NEXUS/NEXUSStudyPad/NEXUSStudyPad/Services/AudioRecordingService.swift /Users/mecid/Desktop/OKUL\ /projeler/NEXUS/NEXUSStudyPad/NEXUSStudyPad/Services/DocumentImportService.swift /Users/mecid/Desktop/OKUL\ /projeler/NEXUS/NEXUSStudyPad/NEXUSStudyPad/Services/StudyPadTransferService.swift /Users/mecid/Desktop/OKUL\ /projeler/NEXUS/NEXUSStudyPad/.build/Phase2Release/Build/Intermediates.noindex/NEXUSStudyPad.build/Release-iphonesimulator/NEXUSStudyPad.build/DerivedSources/GeneratedAssetSymbols.swift /Applications/Xcode.app/Contents/Developer/Toolchains/XcodeDefault.xctoolchain/usr/lib/swift/iphonesimulator/prebuilt-modules/26.5/Darwin.swiftmodule/arm64-apple-ios-simulator.swiftmodule /Applications/Xcode.app/Contents/Developer/Toolchains/XcodeDefault.xctoolchain/usr/lib/swift/iphonesimulator/prebuilt-modules/26.5/_SwiftData_SwiftUI.swiftmodule/arm64-apple-ios-simulator.swiftmodule /Applications/Xcode.app/Contents/Developer/Toolchains/XcodeDefault.xctoolchain/usr/lib/swift/iphonesimulator/prebuilt-modules/26.5/SwiftData.swiftmodule/arm64-apple-ios-simulator.swiftmodule /Applications/Xcode.app/Contents/Developer/Toolchains/XcodeDefault.xctoolchain/usr/lib/swift/iphonesimulator/prebuilt-modules/26.5/SwiftUICore.swiftmodule/arm64-apple-ios-simulator.swiftmodule /Applications/Xcode.app/Contents/Developer/Toolchains/XcodeDefault.xctoolchain/usr/lib/swift/iphonesimulator/prebuilt-modules/26.5/Swift.swiftmodule/arm64-apple-ios-simulator.swiftmodule /Applications/Xcode.app/Contents/Developer/Toolchains/XcodeDefault.xctoolchain/usr/lib/swift/iphonesimulator/prebuilt-modules/26.5/CoreFoundation.swiftmodule/arm64-apple-ios-simulator.swiftmodule /Applications/Xcode.app/Contents/Developer/Toolchains/XcodeDefault.xctoolchain/usr/lib/swift/iphonesimulator/prebuilt-modules/26.5/AVFAudio.swiftmodule/arm64-apple-ios-simulator.swiftmodule /Applications/Xcode.app/Contents/Developer/Toolchains/XcodeDefault.xctoolchain/usr/lib/swift/iphonesimulator/prebuilt-modules/26.5/PDFKit.swiftmodule/arm64-apple-ios-simulator.swiftmodule /Applications/Xcode.app/Contents/Developer/Toolchains/XcodeDefault.xctoolchain/usr/lib/swift/iphonesimulator/prebuilt-modules/26.5/UniformTypeIdentifiers.swiftmodule/arm64-apple-ios-simulator.swiftmodule /Applications/Xcode.app/Contents/Developer/Toolchains/XcodeDefault.xctoolchain/usr/lib/swift/iphonesimulator/prebuilt-modules/26.5/simd.swiftmodule/arm64-apple-ios-simulator.swiftmodule /Applications/Xcode.app/Contents/Developer/Toolchains/XcodeDefault.xctoolchain/usr/lib/swift/iphonesimulator/prebuilt-modules/26.5/_DarwinFoundation1.swiftmodule/arm64-apple-ios-simulator.swiftmodule /Applications/Xcode.app/Contents/Developer/Toolchains/XcodeDefault.xctoolchain/usr/lib/swift/iphonesimulator/prebuilt-modules/26.5/Accessibility.swiftmodule/arm64-apple-ios-simulator.swiftmodule /Applications/Xcode.app/Contents/Developer/Toolchains/XcodeDefault.xctoolchain/usr/lib/swift/iphonesimulator/prebuilt-modules/26.5/CoreText.swiftmodule/arm64-apple-ios-simulator.swiftmodule /Applications/Xcode.app/Contents/Developer/Toolchains/XcodeDefault.xctoolchain/usr/lib/swift/iphonesimulator/prebuilt-modules/26.5/System.swiftmodule/arm64-apple-ios-simulator.swiftmodule /Applications/Xcode.app/Contents/Developer/Toolchains/XcodeDefault.xctoolchain/usr/lib/swift/iphonesimulator/prebuilt-modules/26.5/Observation.swiftmodule/arm64-apple-ios-simulator.swiftmodule /Applications/Xcode.app/Contents/Developer/Toolchains/XcodeDefault.xctoolchain/usr/lib/swift/iphonesimulator/prebuilt-modules/26.5/_DarwinFoundation3.swiftmodule/arm64-apple-ios-simulator.swiftmodule /Applications/Xcode.app/Contents/Developer/Toolchains/XcodeDefault.xctoolchain/usr/lib/swift/iphonesimulator/prebuilt-modules/26.5/AVFoundation.swiftmodule/arm64-apple-ios-simulator.swiftmodule /Applications/Xcode.app/Contents/Developer/Toolchains/XcodeDefault.xctoolchain/usr/lib/swift/iphonesimulator/prebuilt-modules/26.5/CoreAudio.swiftmodule/arm64-apple-ios-simulator.swiftmodule /Applications/Xcode.app/Contents/Developer/Toolchains/XcodeDefault.xctoolchain/usr/lib/swift/iphonesimulator/prebuilt-modules/26.5/DataDetection.swiftmodule/arm64-apple-ios-simulator.swiftmodule /Applications/Xcode.app/Contents/Developer/Toolchains/XcodeDefault.xctoolchain/usr/lib/swift/iphonesimulator/prebuilt-modules/26.5/_Concurrency.swiftmodule/arm64-apple-ios-simulator.swiftmodule /Applications/Xcode.app/Contents/Developer/Toolchains/XcodeDefault.xctoolchain/usr/lib/swift/iphonesimulator/prebuilt-modules/26.5/Dispatch.swiftmodule/arm64-apple-ios-simulator.swiftmodule /Applications/Xcode.app/Contents/Developer/Toolchains/XcodeDefault.xctoolchain/usr/lib/swift/iphonesimulator/prebuilt-modules/26.5/CoreMIDI.swiftmodule/arm64-apple-ios-simulator.swiftmodule /Applications/Xcode.app/Contents/Developer/Toolchains/XcodeDefault.xctoolchain/usr/lib/swift/iphonesimulator/prebuilt-modules/26.5/CoreTransferable.swiftmodule/arm64-apple-ios-simulator.swiftmodule /Applications/Xcode.app/Contents/Developer/Toolchains/XcodeDefault.xctoolchain/usr/lib/swift/iphonesimulator/prebuilt-modules/26.5/CoreMedia.swiftmodule/arm64-apple-ios-simulator.swiftmodule /Applications/Xcode.app/Contents/Developer/Toolchains/XcodeDefault.xctoolchain/usr/lib/swift/iphonesimulator/prebuilt-modules/26.5/SwiftUI.swiftmodule/arm64-apple-ios-simulator.swiftmodule /Applications/Xcode.app/Contents/Developer/Toolchains/XcodeDefault.xctoolchain/usr/lib/swift/iphonesimulator/prebuilt-modules/26.5/os.swiftmodule/arm64-apple-ios-simulator.swiftmodule /Applications/Xcode.app/Contents/Developer/Toolchains/XcodeDefault.xctoolchain/usr/lib/swift/iphonesimulator/prebuilt-modules/26.5/PencilKit.swiftmodule/arm64-apple-ios-simulator.swiftmodule /Applications/Xcode.app/Contents/Developer/Toolchains/XcodeDefault.xctoolchain/usr/lib/swift/iphonesimulator/prebuilt-modules/26.5/UIKit.swiftmodule/arm64-apple-ios-simulator.swiftmodule /Applications/Xcode.app/Contents/Developer/Toolchains/XcodeDefault.xctoolchain/usr/lib/swift/iphonesimulator/prebuilt-modules/26.5/QuartzCore.swiftmodule/arm64-apple-ios-simulator.swiftmodule /Applications/Xcode.app/Contents/Developer/Toolchains/XcodeDefault.xctoolchain/usr/lib/swift/iphonesimulator/prebuilt-modules/26.5/_StringProcessing.swiftmodule/arm64-apple-ios-simulator.swiftmodule /Applications/Xcode.app/Contents/Developer/Toolchains/XcodeDefault.xctoolchain/usr/lib/swift/iphonesimulator/prebuilt-modules/26.5/CoreData.swiftmodule/arm64-apple-ios-simulator.swiftmodule /Applications/Xcode.app/Contents/Developer/Toolchains/XcodeDefault.xctoolchain/usr/lib/swift/iphonesimulator/prebuilt-modules/26.5/_Builtin_float.swiftmodule/arm64-apple-ios-simulator.swiftmodule /Applications/Xcode.app/Contents/Developer/Toolchains/XcodeDefault.xctoolchain/usr/lib/swift/iphonesimulator/prebuilt-modules/26.5/Symbols.swiftmodule/arm64-apple-ios-simulator.swiftmodule /Applications/Xcode.app/Contents/Developer/Toolchains/XcodeDefault.xctoolchain/usr/lib/swift/iphonesimulator/prebuilt-modules/26.5/Spatial.swiftmodule/arm64-apple-ios-simulator.swiftmodule /Applications/Xcode.app/Contents/Developer/Toolchains/XcodeDefault.xctoolchain/usr/lib/swift/iphonesimulator/prebuilt-modules/26.5/CoreImage.swiftmodule/arm64-apple-ios-simulator.swiftmodule /Applications/Xcode.app/Contents/Developer/Toolchains/XcodeDefault.xctoolchain/usr/lib/swift/iphonesimulator/prebuilt-modules/26.5/CoreVideo.swiftmodule/arm64-apple-ios-simulator.swiftmodule /Applications/Xcode.app/Contents/Developer/Toolchains/XcodeDefault.xctoolchain/usr/lib/swift/iphonesimulator/prebuilt-modules/26.5/OSLog.swiftmodule/arm64-apple-ios-simulator.swiftmodule /Applications/Xcode.app/Contents/Developer/Toolchains/XcodeDefault.xctoolchain/usr/lib/swift/iphonesimulator/prebuilt-modules/26.5/ObjectiveC.swiftmodule/arm64-apple-ios-simulator.swiftmodule /Applications/Xcode.app/Contents/Developer/Toolchains/XcodeDefault.xctoolchain/usr/lib/swift/iphonesimulator/prebuilt-modules/26.5/ModelIO.swiftmodule/arm64-apple-ios-simulator.swiftmodule /Applications/Xcode.app/Contents/Developer/Toolchains/XcodeDefault.xctoolchain/usr/lib/swift/iphonesimulator/prebuilt-modules/26.5/Synchronization.swiftmodule/arm64-apple-ios-simulator.swiftmodule /Applications/Xcode.app/Contents/Developer/Toolchains/XcodeDefault.xctoolchain/usr/lib/swift/iphonesimulator/prebuilt-modules/26.5/AudioToolbox.swiftmodule/arm64-apple-ios-simulator.swiftmodule /Applications/Xcode.app/Contents/Developer/Toolchains/XcodeDefault.xctoolchain/usr/lib/swift/iphonesimulator/prebuilt-modules/26.5/Foundation.swiftmodule/arm64-apple-ios-simulator.swiftmodule /Applications/Xcode.app/Contents/Developer/Toolchains/XcodeDefault.xctoolchain/usr/lib/swift/iphonesimulator/prebuilt-modules/26.5/_DarwinFoundation2.swiftmodule/arm64-apple-ios-simulator.swiftmodule /Applications/Xcode.app/Contents/Developer/Toolchains/XcodeDefault.xctoolchain/usr/lib/swift/iphonesimulator/prebuilt-modules/26.5/Combine.swiftmodule/arm64-apple-ios-simulator.swiftmodule /Applications/Xcode.app/Contents/Developer/Toolchains/XcodeDefault.xctoolchain/usr/lib/swift/iphonesimulator/prebuilt-modules/26.5/MetalKit.swiftmodule/arm64-apple-ios-simulator.swiftmodule /Applications/Xcode.app/Contents/Developer/Toolchains/XcodeDefault.xctoolchain/usr/lib/swift/iphonesimulator/prebuilt-modules/26.5/DeveloperToolsSupport.swiftmodule/arm64-apple-ios-simulator.swiftmodule /Applications/Xcode.app/Contents/Developer/Toolchains/XcodeDefault.xctoolchain/usr/lib/swift/iphonesimulator/prebuilt-modules/26.5/XPC.swiftmodule/arm64-apple-ios-simulator.swiftmodule /Applications/Xcode.app/Contents/Developer/Toolchains/XcodeDefault.xctoolchain/usr/lib/swift/iphonesimulator/prebuilt-modules/26.5/CoreGraphics.swiftmodule/arm64-apple-ios-simulator.swiftmodule /Applications/Xcode.app/Contents/Developer/Toolchains/XcodeDefault.xctoolchain/usr/lib/swift/iphonesimulator/prebuilt-modules/26.5/Metal.swiftmodule/arm64-apple-ios-simulator.swiftmodule /Applications/Xcode.app/Contents/Developer/Toolchains/XcodeDefault.xctoolchain/usr/lib/swift/iphonesimulator/prebuilt-modules/26.5/FileProvider.swiftmodule/arm64-apple-ios-simulator.swiftmodule /Users/mecid/Desktop/OKUL\ /projeler/NEXUS/NEXUSStudyPad/.build/Phase2Release/ModuleCache.noindex/UserNotifications-C47ALLDVGBEB0S98I2JJF6AXF.pcm /Users/mecid/Desktop/OKUL\ /projeler/NEXUS/NEXUSStudyPad/.build/Phase2Release/ModuleCache.noindex/SwiftShims-7X58Y1PL5EBRF687UE1R4YRTA.pcm /Users/mecid/Desktop/OKUL\ /projeler/NEXUS/NEXUSStudyPad/.build/Phase2Release/ModuleCache.noindex/_Builtin_stdarg-79DQTOJE83J691RJG18HDOQLA.pcm /Users/mecid/Desktop/OKUL\ /projeler/NEXUS/NEXUSStudyPad/.build/Phase2Release/ModuleCache.noindex/OSLog-ACE1CD8O5BRHC3HA2DL6DFQMJ.pcm /Users/mecid/Desktop/OKUL\ /projeler/NEXUS/NEXUSStudyPad/.build/Phase2Release/ModuleCache.noindex/CoreAudioTypes-1QHBZRSH4CEWQNN7V1N3BYFFV.pcm /Users/mecid/Desktop/OKUL\ /projeler/NEXUS/NEXUSStudyPad/.build/Phase2Release/ModuleCache.noindex/os_object-2NHEEOBFPF255VIC5EI8U2SX7.pcm /Users/mecid/Desktop/OKUL\ /projeler/NEXUS/NEXUSStudyPad/.build/Phase2Release/ModuleCache.noindex/_Builtin_limits-26ERV91TLUXPWYQICZM6IJE47.pcm /Users/mecid/Desktop/OKUL\ /projeler/NEXUS/NEXUSStudyPad/.build/Phase2Release/ModuleCache.noindex/MediaToolbox-DTTZWRBHPHQ3S933YGDBSIF5Y.pcm /Users/mecid/Desktop/OKUL\ /projeler/NEXUS/NEXUSStudyPad/.build/Phase2Release/ModuleCache.noindex/ObjectiveC-45MMPOZZBVQA55EMIL7AG885O.pcm /Users/mecid/Desktop/OKUL\ /projeler/NEXUS/NEXUSStudyPad/.build/Phase2Release/ModuleCache.noindex/_Builtin_inttypes-5DOBOKTGQQN8KRWYVX9XL6DJH.pcm /Users/mecid/Desktop/OKUL\ /projeler/NEXUS/NEXUSStudyPad/.build/Phase2Release/ModuleCache.noindex/AVFAudio-BXFYKRSZO0IBOJJGQK78MCXMP.pcm /Users/mecid/Desktop/OKUL\ /projeler/NEXUS/NEXUSStudyPad/.build/Phase2Release/ModuleCache.noindex/Network-641SV118PVF9RYHWM3CIQ9LUU.pcm /Users/mecid/Desktop/OKUL\ /projeler/NEXUS/NEXUSStudyPad/.build/Phase2Release/ModuleCache.noindex/_Builtin_stdatomic-C1XFXHIH78OBUKYXSKQ7TZ0PJ.pcm /Users/mecid/Desktop/OKUL\ /projeler/NEXUS/NEXUSStudyPad/.build/Phase2Release/ModuleCache.noindex/os_workgroup-DLWLAE3C7CQKN33AFV463D0HR.pcm /Users/mecid/Desktop/OKUL\ /projeler/NEXUS/NEXUSStudyPad/.build/Phase2Release/ModuleCache.noindex/_Builtin_float-2EC2DTXYD7YOYX4K13BFN08YN.pcm /Users/mecid/Desktop/OKUL\ /projeler/NEXUS/NEXUSStudyPad/.build/Phase2Release/ModuleCache.noindex/sys_types-6ZZTCQUHCOQKIAK9DOSID57EA.pcm /Users/mecid/Desktop/OKUL\ /projeler/NEXUS/NEXUSStudyPad/.build/Phase2Release/ModuleCache.noindex/Spatial-7E9KTQX20DIFWJ5Y1W5YT2PV1.pcm /Users/mecid/Desktop/OKUL\ /projeler/NEXUS/NEXUSStudyPad/.build/Phase2Release/ModuleCache.noindex/CFNetwork-6UL5JMZYVDS35D5KSGTKQDQVK.pcm /Users/mecid/Desktop/OKUL\ /projeler/NEXUS/NEXUSStudyPad/.build/Phase2Release/ModuleCache.noindex/CoreMIDI-3A7FGDTM7PIWGHX23P47099BF.pcm /Users/mecid/Desktop/OKUL\ /projeler/NEXUS/NEXUSStudyPad/.build/Phase2Release/ModuleCache.noindex/XPC-C9B3OF22WPZFJ2MTF5H5KYF8D.pcm /Users/mecid/Desktop/OKUL\ /projeler/NEXUS/NEXUSStudyPad/.build/Phase2Release/ModuleCache.noindex/_Builtin_stdint-9DUBNE7VAXN7O3ABRMI6BVPLU.pcm /Users/mecid/Desktop/OKUL\ /projeler/NEXUS/NEXUSStudyPad/.build/Phase2Release/ModuleCache.noindex/_Builtin_intrinsics-DMOPYXSJAUDDZQI2JRO00HQRP.pcm /Users/mecid/Desktop/OKUL\ /projeler/NEXUS/NEXUSStudyPad/.build/Phase2Release/ModuleCache.noindex/Metal-6QQ6GE4OET1APHXB3RHK0UU6A.pcm /Users/mecid/Desktop/OKUL\ /projeler/NEXUS/NEXUSStudyPad/.build/Phase2Release/ModuleCache.noindex/ModelIO-4G8PD868SIQLQ2UFEJ5JEDTIT.pcm /Users/mecid/Desktop/OKUL\ /projeler/NEXUS/NEXUSStudyPad/.build/Phase2Release/ModuleCache.noindex/OpenGLES-19EJPMYD0IVGRVSFM9EFRQZP3.pcm /Users/mecid/Desktop/OKUL\ /projeler/NEXUS/NEXUSStudyPad/.build/Phase2Release/ModuleCache.noindex/os-A7CXZUC1JGYS96NAUBDDDTNG0.pcm /Users/mecid/Desktop/OKUL\ /projeler/NEXUS/NEXUSStudyPad/.build/Phase2Release/ModuleCache.noindex/_Builtin_stdbool-2XNPAGE7E7FBSKB3MGTJ8938Y.pcm /Users/mecid/Desktop/OKUL\ /projeler/NEXUS/NEXUSStudyPad/.build/Phase2Release/ModuleCache.noindex/UIKit-BK6K6UW1LADUQZVGO14JHBMX1.pcm /Users/mecid/Desktop/OKUL\ /projeler/NEXUS/NEXUSStudyPad/.build/Phase2Release/ModuleCache.noindex/_DarwinFoundation2-12TT3ATC6SJ07GOUBJIZV8VSE.pcm /Users/mecid/Desktop/OKUL\ /projeler/NEXUS/NEXUSStudyPad/.build/Phase2Release/ModuleCache.noindex/CoreText-LLBU4MXTJFNJIFA7KMYZ1XQX.pcm /Users/mecid/Desktop/OKUL\ /projeler/NEXUS/NEXUSStudyPad/.build/Phase2Release/ModuleCache.noindex/FileProvider-6PISRSQ6RGAYSS2REYGNR5AV0.pcm /Users/mecid/Desktop/OKUL\ /projeler/NEXUS/NEXUSStudyPad/.build/Phase2Release/ModuleCache.noindex/CoreData-DNSRBIH05XK0OKXYQELC7GFN4.pcm /Users/mecid/Desktop/OKUL\ /projeler/NEXUS/NEXUSStudyPad/.build/Phase2Release/ModuleCache.noindex/simd-7Y3H0C4LV0T80Y7ZI0D9QOVS1.pcm /Users/mecid/Desktop/OKUL\ /projeler/NEXUS/NEXUSStudyPad/.build/Phase2Release/ModuleCache.noindex/_AvailabilityInternal-1UTGNHG20MAVTASX4FXROK0WU.pcm /Users/mecid/Desktop/OKUL\ /projeler/NEXUS/NEXUSStudyPad/.build/Phase2Release/ModuleCache.noindex/UniformTypeIdentifiers-6DOOSP84GJN2FSIU1U6AI2PAN.pcm /Users/mecid/Desktop/OKUL\ /projeler/NEXUS/NEXUSStudyPad/.build/Phase2Release/ModuleCache.noindex/PencilKit-6B6VDMH2RTG91Q9R75EYFKUCH.pcm /Users/mecid/Desktop/OKUL\ /projeler/NEXUS/NEXUSStudyPad/.build/Phase2Release/ModuleCache.noindex/CoreTransferable-AIBYQVSOXJ5X5Y6OXYDN1RG3F.pcm /Users/mecid/Desktop/OKUL\ /projeler/NEXUS/NEXUSStudyPad/.build/Phase2Release/ModuleCache.noindex/CoreVideo-5NJF2B5E6YD2Q6K7EB6A7HNXU.pcm /Users/mecid/Desktop/OKUL\ /projeler/NEXUS/NEXUSStudyPad/.build/Phase2Release/ModuleCache.noindex/Security-2H4FKL6OSV55P0X2VKOQMF4DA.pcm /Users/mecid/Desktop/OKUL\ /projeler/NEXUS/NEXUSStudyPad/.build/Phase2Release/ModuleCache.noindex/CoreMedia-720K7AT2LJ0V8PBLF8ECZ785N.pcm /Users/mecid/Desktop/OKUL\ /projeler/NEXUS/NEXUSStudyPad/.build/Phase2Release/ModuleCache.noindex/AudioToolbox-7H5RR9GWJJBN3G1PQ1J37XH82.pcm /Users/mecid/Desktop/OKUL\ /projeler/NEXUS/NEXUSStudyPad/.build/Phase2Release/ModuleCache.noindex/_DarwinFoundation3-BJYKZ0F1DNIRDP4FUP9QCC4GT.pcm /Users/mecid/Desktop/OKUL\ /projeler/NEXUS/NEXUSStudyPad/.build/Phase2Release/ModuleCache.noindex/ptrauth-1LFESLOMIJ602J16NNR5RHFM2.pcm /Users/mecid/Desktop/OKUL\ /projeler/NEXUS/NEXUSStudyPad/.build/Phase2Release/ModuleCache.noindex/Accessibility-CXLQKPMUIMJ55SABELADDZUN1.pcm /Users/mecid/Desktop/OKUL\ /projeler/NEXUS/NEXUSStudyPad/.build/Phase2Release/ModuleCache.noindex/SwiftUI-3M95SO6AYGXFEP4HJ4NSYC3PD.pcm /Users/mecid/Desktop/OKUL\ /projeler/NEXUS/NEXUSStudyPad/.build/Phase2Release/ModuleCache.noindex/_Builtin_tgmath-CE0BKW08KTWDBTHX0L8X8RCMN.pcm /Users/mecid/Desktop/OKUL\ /projeler/NEXUS/NEXUSStudyPad/.build/Phase2Release/ModuleCache.noindex/Foundation-EBYL6HJSAMK346040N2P8PYC3.pcm /Users/mecid/Desktop/OKUL\ /projeler/NEXUS/NEXUSStudyPad/.build/Phase2Release/ModuleCache.noindex/QuartzCore-16HO8GU0J068IBPM5X3OHC1MX.pcm /Users/mecid/Desktop/OKUL\ /projeler/NEXUS/NEXUSStudyPad/.build/Phase2Release/ModuleCache.noindex/CoreFoundation-8PNAO9AE93Z3CY73BPNT9F7EL.pcm /Users/mecid/Desktop/OKUL\ /projeler/NEXUS/NEXUSStudyPad/.build/Phase2Release/ModuleCache.noindex/Dispatch-67BA8PIM37MWD1E48SEASJE84.pcm /Users/mecid/Desktop/OKUL\ /projeler/NEXUS/NEXUSStudyPad/.build/Phase2Release/ModuleCache.noindex/dnssd-CBA8SD576NR94AR7T6KQU8TP7.pcm /Users/mecid/Desktop/OKUL\ /projeler/NEXUS/NEXUSStudyPad/.build/Phase2Release/ModuleCache.noindex/Symbols-6CM1G0F1NZY1NFG1J91I9BUQ7.pcm /Users/mecid/Desktop/OKUL\ /projeler/NEXUS/NEXUSStudyPad/.build/Phase2Release/ModuleCache.noindex/AVRouting-EICTBKFBLI3EJO37X4Q5QNI1U.pcm /Users/mecid/Desktop/OKUL\ /projeler/NEXUS/NEXUSStudyPad/.build/Phase2Release/ModuleCache.noindex/MachO-46OHHE2541CPSYOO79AP70GWL.pcm /Users/mecid/Desktop/OKUL\ /projeler/NEXUS/NEXUSStudyPad/.build/Phase2Release/ModuleCache.noindex/CoreImage-A32VS23RAJDG9Y6K2HW8YIEDA.pcm /Users/mecid/Desktop/OKUL\ /projeler/NEXUS/NEXUSStudyPad/.build/Phase2Release/ModuleCache.noindex/PDFKit-7FD0342IBQVIJ477ED6NXK233.pcm /Users/mecid/Desktop/OKUL\ /projeler/NEXUS/NEXUSStudyPad/.build/Phase2Release/ModuleCache.noindex/_DarwinFoundation1-7QVRBXQKZ3PEGQAOLWQIRT245.pcm /Users/mecid/Desktop/OKUL\ /projeler/NEXUS/NEXUSStudyPad/.build/Phase2Release/ModuleCache.noindex/MetalKit-AV11F7S8CQDZ3UELEQBE3R9F5.pcm /Users/mecid/Desktop/OKUL\ /projeler/NEXUS/NEXUSStudyPad/.build/Phase2Release/ModuleCache.noindex/DataDetection-4ZEEVRSVDQIOAWSO4NFNWIWYP.pcm /Users/mecid/Desktop/OKUL\ /projeler/NEXUS/NEXUSStudyPad/.build/Phase2Release/ModuleCache.noindex/Darwin-9OOFQ2BL20OIVGR6GTKDROWSF.pcm /Users/mecid/Desktop/OKUL\ /projeler/NEXUS/NEXUSStudyPad/.build/Phase2Release/ModuleCache.noindex/UIUtilities-WFTM7QG42TRO5KPWLMHYGHAS.pcm /Users/mecid/Desktop/OKUL\ /projeler/NEXUS/NEXUSStudyPad/.build/Phase2Release/ModuleCache.noindex/CoreGraphics-AC372Z5PQPYCF81ZD6Y69NNTL.pcm /Users/mecid/Desktop/OKUL\ /projeler/NEXUS/NEXUSStudyPad/.build/Phase2Release/ModuleCache.noindex/DeveloperToolsSupport-9DXMG3DFLPPKUV4C3W62793CH.pcm /Users/mecid/Desktop/OKUL\ /projeler/NEXUS/NEXUSStudyPad/.build/Phase2Release/ModuleCache.noindex/CoreAudio-9MF70FHWN1D22BTR1RV3T2OUV.pcm /Users/mecid/Desktop/OKUL\ /projeler/NEXUS/NEXUSStudyPad/.build/Phase2Release/ModuleCache.noindex/_Builtin_stddef-DCGW741DHP3PP3P706X587X7C.pcm /Users/mecid/Desktop/OKUL\ /projeler/NEXUS/NEXUSStudyPad/.build/Phase2Release/ModuleCache.noindex/IOSurface-3EAEM4UB0GA9MX9KRKG5L4TTK.pcm /Users/mecid/Desktop/OKUL\ /projeler/NEXUS/NEXUSStudyPad/.build/Phase2Release/ModuleCache.noindex/AVFoundation-AXQ650GQ7PEBLW6WIL2B8HGPP.pcm /Users/mecid/Desktop/OKUL\ /projeler/NEXUS/NEXUSStudyPad/.build/Phase2Release/ModuleCache.noindex/ptrcheck-4BQROG76Z1TEDXI7ULHITF2TF.pcm /Users/mecid/Desktop/OKUL\ /projeler/NEXUS/NEXUSStudyPad/.build/Phase2Release/ModuleCache.noindex/ImageIO-OQX94PRYMSDWA6I6TQUVAPM.pcm /Users/mecid/Desktop/OKUL\ /projeler/NEXUS/NEXUSStudyPad/.build/Phase2Release/ModuleCache.noindex/SwiftUICore-EQNU1MVRD5MZ33O9KV0INQPZU.pcm /Users/mecid/Desktop/OKUL\ /projeler/NEXUS/NEXUSStudyPad/.build/Phase2Release/ModuleCache.noindex/_SwiftConcurrencyShims-58H9OHLEA76208B69AM39ZYA5.pcm /Users/mecid/Desktop/OKUL\ /projeler/NEXUS/NEXUSStudyPad/.build/Phase2Release/Build/Intermediates.noindex/NEXUSStudyPad.build/Release-iphonesimulator/NEXUSStudyPad.build/Objects-normal/arm64/NEXUSStudyPad-dependencies-2.json (in target 'NEXUSStudyPad' from project 'NEXUSStudyPad')
CompileSwift normal arm64 (in target 'NEXUSStudyPad' from project 'NEXUSStudyPad')
    cd /Users/mecid/Desktop/OKUL\ /projeler/NEXUS/NEXUSStudyPad
    

SwiftDriverJobDiscovery normal x86_64 Compiling NEXUSStudyPadApp.swift, RootView.swift, PencilCanvasView.swift, TerminalStates.swift, AppRoute.swift, PadDesignSystem.swift, CourseViews.swift, DocumentViews.swift, PDFKitViews.swift, HomeView.swift, HomeViewModel.swift, LectureViews.swift, NoteViews.swift, TaskViews.swift, TransferView.swift, StudyModels.swift, PersistenceController.swift, AudioRecordingService.swift, DocumentImportService.swift, StudyPadTransferService.swift, GeneratedAssetSymbols.swift (in target 'NEXUSStudyPad' from project 'NEXUSStudyPad')

SwiftDriver\ Compilation\ Requirements NEXUSStudyPad normal x86_64 com.apple.xcode.tools.swift.compiler (in target 'NEXUSStudyPad' from project 'NEXUSStudyPad')
    cd /Users/mecid/Desktop/OKUL\ /projeler/NEXUS/NEXUSStudyPad
    builtin-Swift-Compilation-Requirements -- /Applications/Xcode.app/Contents/Developer/Toolchains/XcodeDefault.xctoolchain/usr/bin/swiftc -module-name NEXUSStudyPad -O -whole-module-optimization @/Users/mecid/Desktop/OKUL\ /projeler/NEXUS/NEXUSStudyPad/.build/Phase2Release/Build/Intermediates.noindex/NEXUSStudyPad.build/Release-iphonesimulator/NEXUSStudyPad.build/Objects-normal/x86_64/NEXUSStudyPad.SwiftFileList -strict-concurrency\=targeted -enable-bare-slash-regex -enable-experimental-feature DebugDescriptionMacro -sdk /Applications/Xcode.app/Contents/Developer/Platforms/iPhoneSimulator.platform/Developer/SDKs/iPhoneSimulator26.5.sdk -target x86_64-apple-ios17.0-simulator -g -module-cache-path /Users/mecid/Desktop/OKUL\ /projeler/NEXUS/NEXUSStudyPad/.build/Phase2Release/ModuleCache.noindex -Xfrontend -serialize-debugging-options -swift-version 5 -I /Users/mecid/Desktop/OKUL\ /projeler/NEXUS/NEXUSStudyPad/.build/Phase2Release/Build/Products/Release-iphonesimulator -F /Users/mecid/Desktop/OKUL\ /projeler/NEXUS/NEXUSStudyPad/.build/Phase2Release/Build/Products/Release-iphonesimulator -emit-localized-strings -emit-localized-strings-path /Users/mecid/Desktop/OKUL\ /projeler/NEXUS/NEXUSStudyPad/.build/Phase2Release/Build/Intermediates.noindex/NEXUSStudyPad.build/Release-iphonesimulator/NEXUSStudyPad.build/Objects-normal/x86_64 -c -num-threads 11 -Xcc -ivfsstatcache -Xcc /Users/mecid/Desktop/OKUL\ /projeler/NEXUS/NEXUSStudyPad/.build/Phase2Release/SDKStatCaches.noindex/iphonesimulator26.5-23F81a-6cfe768891a92b912361537c460fe42b.sdkstatcache -output-file-map /Users/mecid/Desktop/OKUL\ /projeler/NEXUS/NEXUSStudyPad/.build/Phase2Release/Build/Intermediates.noindex/NEXUSStudyPad.build/Release-iphonesimulator/NEXUSStudyPad.build/Objects-normal/x86_64/NEXUSStudyPad-OutputFileMap.json -use-frontend-parseable-output -save-temps -no-color-diagnostics -explicit-module-build -module-cache-path /Users/mecid/Desktop/OKUL\ /projeler/NEXUS/NEXUSStudyPad/.build/Phase2Release/Build/Intermediates.noindex/SwiftExplicitPrecompiledModules -clang-scanner-module-cache-path /Users/mecid/Desktop/OKUL\ /projeler/NEXUS/NEXUSStudyPad/.build/Phase2Release/ModuleCache.noindex -sdk-module-cache-path /Users/mecid/Desktop/OKUL\ /projeler/NEXUS/NEXUSStudyPad/.build/Phase2Release/ModuleCache.noindex -serialize-diagnostics -emit-dependencies -emit-module -emit-module-path /Users/mecid/Desktop/OKUL\ /projeler/NEXUS/NEXUSStudyPad/.build/Phase2Release/Build/Intermediates.noindex/NEXUSStudyPad.build/Release-iphonesimulator/NEXUSStudyPad.build/Objects-normal/x86_64/NEXUSStudyPad.swiftmodule -validate-clang-modules-once -clang-build-session-file /Users/mecid/Desktop/OKUL\ /projeler/NEXUS/NEXUSStudyPad/.build/Phase2Release/ModuleCache.noindex/Session.modulevalidation -Xcc -I/Users/mecid/Desktop/OKUL\ /projeler/NEXUS/NEXUSStudyPad/.build/Phase2Release/Build/Intermediates.noindex/NEXUSStudyPad.build/Release-iphonesimulator/NEXUSStudyPad.build/swift-overrides.hmap -emit-const-values -Xfrontend -const-gather-protocols-file -Xfrontend /Users/mecid/Desktop/OKUL\ /projeler/NEXUS/NEXUSStudyPad/.build/Phase2Release/Build/Intermediates.noindex/NEXUSStudyPad.build/Release-iphonesimulator/NEXUSStudyPad.build/Objects-normal/x86_64/NEXUSStudyPad_const_extract_protocols.json -Xcc -iquote -Xcc /Users/mecid/Desktop/OKUL\ /projeler/NEXUS/NEXUSStudyPad/.build/Phase2Release/Build/Intermediates.noindex/NEXUSStudyPad.build/Release-iphonesimulator/NEXUSStudyPad.build/NEXUSStudyPad-generated-files.hmap -Xcc -I/Users/mecid/Desktop/OKUL\ /projeler/NEXUS/NEXUSStudyPad/.build/Phase2Release/Build/Intermediates.noindex/NEXUSStudyPad.build/Release-iphonesimulator/NEXUSStudyPad.build/NEXUSStudyPad-own-target-headers.hmap -Xcc -I/Users/mecid/Desktop/OKUL\ /projeler/NEXUS/NEXUSStudyPad/.build/Phase2Release/Build/Intermediates.noindex/NEXUSStudyPad.build/Release-iphonesimulator/NEXUSStudyPad.build/NEXUSStudyPad-all-target-headers.hmap -Xcc -iquote -Xcc /Users/mecid/Desktop/OKUL\ /projeler/NEXUS/NEXUSStudyPad/.build/Phase2Release/Build/Intermediates.noindex/NEXUSStudyPad.build/Release-iphonesimulator/NEXUSStudyPad.build/NEXUSStudyPad-project-headers.hmap -Xcc -I/Users/mecid/Desktop/OKUL\ /projeler/NEXUS/NEXUSStudyPad/.build/Phase2Release/Build/Products/Release-iphonesimulator/include -Xcc -I/Users/mecid/Desktop/OKUL\ /projeler/NEXUS/NEXUSStudyPad/.build/Phase2Release/Build/Intermediates.noindex/NEXUSStudyPad.build/Release-iphonesimulator/NEXUSStudyPad.build/DerivedSources-normal/x86_64 -Xcc -I/Users/mecid/Desktop/OKUL\ /projeler/NEXUS/NEXUSStudyPad/.build/Phase2Release/Build/Intermediates.noindex/NEXUSStudyPad.build/Release-iphonesimulator/NEXUSStudyPad.build/DerivedSources/x86_64 -Xcc -I/Users/mecid/Desktop/OKUL\ /projeler/NEXUS/NEXUSStudyPad/.build/Phase2Release/Build/Intermediates.noindex/NEXUSStudyPad.build/Release-iphonesimulator/NEXUSStudyPad.build/DerivedSources -emit-objc-header -emit-objc-header-path /Users/mecid/Desktop/OKUL\ /projeler/NEXUS/NEXUSStudyPad/.build/Phase2Release/Build/Intermediates.noindex/NEXUSStudyPad.build/Release-iphonesimulator/NEXUSStudyPad.build/Objects-normal/x86_64/NEXUSStudyPad-Swift.h -working-directory /Users/mecid/Desktop/OKUL\ /projeler/NEXUS/NEXUSStudyPad -no-emit-module-separately-wmo

Copy /Users/mecid/Desktop/OKUL\ /projeler/NEXUS/NEXUSStudyPad/.build/Phase2Release/Build/Products/Release-iphonesimulator/NEXUSStudyPad.swiftmodule/x86_64-apple-ios-simulator.swiftdoc /Users/mecid/Desktop/OKUL\ /projeler/NEXUS/NEXUSStudyPad/.build/Phase2Release/Build/Intermediates.noindex/NEXUSStudyPad.build/Release-iphonesimulator/NEXUSStudyPad.build/Objects-normal/x86_64/NEXUSStudyPad.swiftdoc (in target 'NEXUSStudyPad' from project 'NEXUSStudyPad')
    cd /Users/mecid/Desktop/OKUL\ /projeler/NEXUS/NEXUSStudyPad
    builtin-copy -exclude .DS_Store -exclude CVS -exclude .svn -exclude .git -exclude .hg -strip-unsigned-binaries -strip-deterministic -strip-tool /Applications/Xcode.app/Contents/Developer/Toolchains/XcodeDefault.xctoolchain/usr/bin/strip -resolve-src-symlinks -rename /Users/mecid/Desktop/OKUL\ /projeler/NEXUS/NEXUSStudyPad/.build/Phase2Release/Build/Intermediates.noindex/NEXUSStudyPad.build/Release-iphonesimulator/NEXUSStudyPad.build/Objects-normal/x86_64/NEXUSStudyPad.swiftdoc /Users/mecid/Desktop/OKUL\ /projeler/NEXUS/NEXUSStudyPad/.build/Phase2Release/Build/Products/Release-iphonesimulator/NEXUSStudyPad.swiftmodule/x86_64-apple-ios-simulator.swiftdoc

Copy /Users/mecid/Desktop/OKUL\ /projeler/NEXUS/NEXUSStudyPad/.build/Phase2Release/Build/Products/Release-iphonesimulator/NEXUSStudyPad.swiftmodule/x86_64-apple-ios-simulator.swiftmodule /Users/mecid/Desktop/OKUL\ /projeler/NEXUS/NEXUSStudyPad/.build/Phase2Release/Build/Intermediates.noindex/NEXUSStudyPad.build/Release-iphonesimulator/NEXUSStudyPad.build/Objects-normal/x86_64/NEXUSStudyPad.swiftmodule (in target 'NEXUSStudyPad' from project 'NEXUSStudyPad')
    cd /Users/mecid/Desktop/OKUL\ /projeler/NEXUS/NEXUSStudyPad
    builtin-copy -exclude .DS_Store -exclude CVS -exclude .svn -exclude .git -exclude .hg -strip-unsigned-binaries -strip-deterministic -strip-tool /Applications/Xcode.app/Contents/Developer/Toolchains/XcodeDefault.xctoolchain/usr/bin/strip -resolve-src-symlinks -rename /Users/mecid/Desktop/OKUL\ /projeler/NEXUS/NEXUSStudyPad/.build/Phase2Release/Build/Intermediates.noindex/NEXUSStudyPad.build/Release-iphonesimulator/NEXUSStudyPad.build/Objects-normal/x86_64/NEXUSStudyPad.swiftmodule /Users/mecid/Desktop/OKUL\ /projeler/NEXUS/NEXUSStudyPad/.build/Phase2Release/Build/Products/Release-iphonesimulator/NEXUSStudyPad.swiftmodule/x86_64-apple-ios-simulator.swiftmodule

Copy /Users/mecid/Desktop/OKUL\ /projeler/NEXUS/NEXUSStudyPad/.build/Phase2Release/Build/Products/Release-iphonesimulator/NEXUSStudyPad.swiftmodule/x86_64-apple-ios-simulator.abi.json /Users/mecid/Desktop/OKUL\ /projeler/NEXUS/NEXUSStudyPad/.build/Phase2Release/Build/Intermediates.noindex/NEXUSStudyPad.build/Release-iphonesimulator/NEXUSStudyPad.build/Objects-normal/x86_64/NEXUSStudyPad.abi.json (in target 'NEXUSStudyPad' from project 'NEXUSStudyPad')
    cd /Users/mecid/Desktop/OKUL\ /projeler/NEXUS/NEXUSStudyPad
    builtin-copy -exclude .DS_Store -exclude CVS -exclude .svn -exclude .git -exclude .hg -strip-unsigned-binaries -strip-deterministic -strip-tool /Applications/Xcode.app/Contents/Developer/Toolchains/XcodeDefault.xctoolchain/usr/bin/strip -resolve-src-symlinks -rename /Users/mecid/Desktop/OKUL\ /projeler/NEXUS/NEXUSStudyPad/.build/Phase2Release/Build/Intermediates.noindex/NEXUSStudyPad.build/Release-iphonesimulator/NEXUSStudyPad.build/Objects-normal/x86_64/NEXUSStudyPad.abi.json /Users/mecid/Desktop/OKUL\ /projeler/NEXUS/NEXUSStudyPad/.build/Phase2Release/Build/Products/Release-iphonesimulator/NEXUSStudyPad.swiftmodule/x86_64-apple-ios-simulator.abi.json

Copy /Users/mecid/Desktop/OKUL\ /projeler/NEXUS/NEXUSStudyPad/.build/Phase2Release/Build/Products/Release-iphonesimulator/NEXUSStudyPad.swiftmodule/Project/x86_64-apple-ios-simulator.swiftsourceinfo /Users/mecid/Desktop/OKUL\ /projeler/NEXUS/NEXUSStudyPad/.build/Phase2Release/Build/Intermediates.noindex/NEXUSStudyPad.build/Release-iphonesimulator/NEXUSStudyPad.build/Objects-normal/x86_64/NEXUSStudyPad.swiftsourceinfo (in target 'NEXUSStudyPad' from project 'NEXUSStudyPad')
    cd /Users/mecid/Desktop/OKUL\ /projeler/NEXUS/NEXUSStudyPad
    builtin-copy -exclude .DS_Store -exclude CVS -exclude .svn -exclude .git -exclude .hg -strip-unsigned-binaries -strip-deterministic -strip-tool /Applications/Xcode.app/Contents/Developer/Toolchains/XcodeDefault.xctoolchain/usr/bin/strip -resolve-src-symlinks -rename /Users/mecid/Desktop/OKUL\ /projeler/NEXUS/NEXUSStudyPad/.build/Phase2Release/Build/Intermediates.noindex/NEXUSStudyPad.build/Release-iphonesimulator/NEXUSStudyPad.build/Objects-normal/x86_64/NEXUSStudyPad.swiftsourceinfo /Users/mecid/Desktop/OKUL\ /projeler/NEXUS/NEXUSStudyPad/.build/Phase2Release/Build/Products/Release-iphonesimulator/NEXUSStudyPad.swiftmodule/Project/x86_64-apple-ios-simulator.swiftsourceinfo

SwiftDriverJobDiscovery normal arm64 Compiling NEXUSStudyPadApp.swift, RootView.swift, PencilCanvasView.swift, TerminalStates.swift, AppRoute.swift, PadDesignSystem.swift, CourseViews.swift, DocumentViews.swift, PDFKitViews.swift, HomeView.swift, HomeViewModel.swift, LectureViews.swift, NoteViews.swift, TaskViews.swift, TransferView.swift, StudyModels.swift, PersistenceController.swift, AudioRecordingService.swift, DocumentImportService.swift, StudyPadTransferService.swift, GeneratedAssetSymbols.swift (in target 'NEXUSStudyPad' from project 'NEXUSStudyPad')

SwiftDriver\ Compilation\ Requirements NEXUSStudyPad normal arm64 com.apple.xcode.tools.swift.compiler (in target 'NEXUSStudyPad' from project 'NEXUSStudyPad')
    cd /Users/mecid/Desktop/OKUL\ /projeler/NEXUS/NEXUSStudyPad
    builtin-Swift-Compilation-Requirements -- /Applications/Xcode.app/Contents/Developer/Toolchains/XcodeDefault.xctoolchain/usr/bin/swiftc -module-name NEXUSStudyPad -O -whole-module-optimization @/Users/mecid/Desktop/OKUL\ /projeler/NEXUS/NEXUSStudyPad/.build/Phase2Release/Build/Intermediates.noindex/NEXUSStudyPad.build/Release-iphonesimulator/NEXUSStudyPad.build/Objects-normal/arm64/NEXUSStudyPad.SwiftFileList -strict-concurrency\=targeted -enable-bare-slash-regex -enable-experimental-feature DebugDescriptionMacro -sdk /Applications/Xcode.app/Contents/Developer/Platforms/iPhoneSimulator.platform/Developer/SDKs/iPhoneSimulator26.5.sdk -target arm64-apple-ios17.0-simulator -g -module-cache-path /Users/mecid/Desktop/OKUL\ /projeler/NEXUS/NEXUSStudyPad/.build/Phase2Release/ModuleCache.noindex -Xfrontend -serialize-debugging-options -swift-version 5 -I /Users/mecid/Desktop/OKUL\ /projeler/NEXUS/NEXUSStudyPad/.build/Phase2Release/Build/Products/Release-iphonesimulator -F /Users/mecid/Desktop/OKUL\ /projeler/NEXUS/NEXUSStudyPad/.build/Phase2Release/Build/Products/Release-iphonesimulator -emit-localized-strings -emit-localized-strings-path /Users/mecid/Desktop/OKUL\ /projeler/NEXUS/NEXUSStudyPad/.build/Phase2Release/Build/Intermediates.noindex/NEXUSStudyPad.build/Release-iphonesimulator/NEXUSStudyPad.build/Objects-normal/arm64 -c -num-threads 11 -Xcc -ivfsstatcache -Xcc /Users/mecid/Desktop/OKUL\ /projeler/NEXUS/NEXUSStudyPad/.build/Phase2Release/SDKStatCaches.noindex/iphonesimulator26.5-23F81a-6cfe768891a92b912361537c460fe42b.sdkstatcache -output-file-map /Users/mecid/Desktop/OKUL\ /projeler/NEXUS/NEXUSStudyPad/.build/Phase2Release/Build/Intermediates.noindex/NEXUSStudyPad.build/Release-iphonesimulator/NEXUSStudyPad.build/Objects-normal/arm64/NEXUSStudyPad-OutputFileMap.json -use-frontend-parseable-output -save-temps -no-color-diagnostics -explicit-module-build -module-cache-path /Users/mecid/Desktop/OKUL\ /projeler/NEXUS/NEXUSStudyPad/.build/Phase2Release/Build/Intermediates.noindex/SwiftExplicitPrecompiledModules -clang-scanner-module-cache-path /Users/mecid/Desktop/OKUL\ /projeler/NEXUS/NEXUSStudyPad/.build/Phase2Release/ModuleCache.noindex -sdk-module-cache-path /Users/mecid/Desktop/OKUL\ /projeler/NEXUS/NEXUSStudyPad/.build/Phase2Release/ModuleCache.noindex -serialize-diagnostics -emit-dependencies -emit-module -emit-module-path /Users/mecid/Desktop/OKUL\ /projeler/NEXUS/NEXUSStudyPad/.build/Phase2Release/Build/Intermediates.noindex/NEXUSStudyPad.build/Release-iphonesimulator/NEXUSStudyPad.build/Objects-normal/arm64/NEXUSStudyPad.swiftmodule -validate-clang-modules-once -clang-build-session-file /Users/mecid/Desktop/OKUL\ /projeler/NEXUS/NEXUSStudyPad/.build/Phase2Release/ModuleCache.noindex/Session.modulevalidation -Xcc -I/Users/mecid/Desktop/OKUL\ /projeler/NEXUS/NEXUSStudyPad/.build/Phase2Release/Build/Intermediates.noindex/NEXUSStudyPad.build/Release-iphonesimulator/NEXUSStudyPad.build/swift-overrides.hmap -emit-const-values -Xfrontend -const-gather-protocols-file -Xfrontend /Users/mecid/Desktop/OKUL\ /projeler/NEXUS/NEXUSStudyPad/.build/Phase2Release/Build/Intermediates.noindex/NEXUSStudyPad.build/Release-iphonesimulator/NEXUSStudyPad.build/Objects-normal/arm64/NEXUSStudyPad_const_extract_protocols.json -Xcc -iquote -Xcc /Users/mecid/Desktop/OKUL\ /projeler/NEXUS/NEXUSStudyPad/.build/Phase2Release/Build/Intermediates.noindex/NEXUSStudyPad.build/Release-iphonesimulator/NEXUSStudyPad.build/NEXUSStudyPad-generated-files.hmap -Xcc -I/Users/mecid/Desktop/OKUL\ /projeler/NEXUS/NEXUSStudyPad/.build/Phase2Release/Build/Intermediates.noindex/NEXUSStudyPad.build/Release-iphonesimulator/NEXUSStudyPad.build/NEXUSStudyPad-own-target-headers.hmap -Xcc -I/Users/mecid/Desktop/OKUL\ /projeler/NEXUS/NEXUSStudyPad/.build/Phase2Release/Build/Intermediates.noindex/NEXUSStudyPad.build/Release-iphonesimulator/NEXUSStudyPad.build/NEXUSStudyPad-all-target-headers.hmap -Xcc -iquote -Xcc /Users/mecid/Desktop/OKUL\ /projeler/NEXUS/NEXUSStudyPad/.build/Phase2Release/Build/Intermediates.noindex/NEXUSStudyPad.build/Release-iphonesimulator/NEXUSStudyPad.build/NEXUSStudyPad-project-headers.hmap -Xcc -I/Users/mecid/Desktop/OKUL\ /projeler/NEXUS/NEXUSStudyPad/.build/Phase2Release/Build/Products/Release-iphonesimulator/include -Xcc -I/Users/mecid/Desktop/OKUL\ /projeler/NEXUS/NEXUSStudyPad/.build/Phase2Release/Build/Intermediates.noindex/NEXUSStudyPad.build/Release-iphonesimulator/NEXUSStudyPad.build/DerivedSources-normal/arm64 -Xcc -I/Users/mecid/Desktop/OKUL\ /projeler/NEXUS/NEXUSStudyPad/.build/Phase2Release/Build/Intermediates.noindex/NEXUSStudyPad.build/Release-iphonesimulator/NEXUSStudyPad.build/DerivedSources/arm64 -Xcc -I/Users/mecid/Desktop/OKUL\ /projeler/NEXUS/NEXUSStudyPad/.build/Phase2Release/Build/Intermediates.noindex/NEXUSStudyPad.build/Release-iphonesimulator/NEXUSStudyPad.build/DerivedSources -emit-objc-header -emit-objc-header-path /Users/mecid/Desktop/OKUL\ /projeler/NEXUS/NEXUSStudyPad/.build/Phase2Release/Build/Intermediates.noindex/NEXUSStudyPad.build/Release-iphonesimulator/NEXUSStudyPad.build/Objects-normal/arm64/NEXUSStudyPad-Swift.h -working-directory /Users/mecid/Desktop/OKUL\ /projeler/NEXUS/NEXUSStudyPad -no-emit-module-separately-wmo

SwiftMergeGeneratedHeaders /Users/mecid/Desktop/OKUL\ /projeler/NEXUS/NEXUSStudyPad/.build/Phase2Release/Build/Intermediates.noindex/NEXUSStudyPad.build/Release-iphonesimulator/NEXUSStudyPad.build/DerivedSources/NEXUSStudyPad-Swift.h /Users/mecid/Desktop/OKUL\ /projeler/NEXUS/NEXUSStudyPad/.build/Phase2Release/Build/Intermediates.noindex/NEXUSStudyPad.build/Release-iphonesimulator/NEXUSStudyPad.build/Objects-normal/arm64/NEXUSStudyPad-Swift.h /Users/mecid/Desktop/OKUL\ /projeler/NEXUS/NEXUSStudyPad/.build/Phase2Release/Build/Intermediates.noindex/NEXUSStudyPad.build/Release-iphonesimulator/NEXUSStudyPad.build/Objects-normal/x86_64/NEXUSStudyPad-Swift.h (in target 'NEXUSStudyPad' from project 'NEXUSStudyPad')
    cd /Users/mecid/Desktop/OKUL\ /projeler/NEXUS/NEXUSStudyPad
    builtin-swiftHeaderTool -arch arm64 /Users/mecid/Desktop/OKUL\ /projeler/NEXUS/NEXUSStudyPad/.build/Phase2Release/Build/Intermediates.noindex/NEXUSStudyPad.build/Release-iphonesimulator/NEXUSStudyPad.build/Objects-normal/arm64/NEXUSStudyPad-Swift.h -arch x86_64 /Users/mecid/Desktop/OKUL\ /projeler/NEXUS/NEXUSStudyPad/.build/Phase2Release/Build/Intermediates.noindex/NEXUSStudyPad.build/Release-iphonesimulator/NEXUSStudyPad.build/Objects-normal/x86_64/NEXUSStudyPad-Swift.h -o /Users/mecid/Desktop/OKUL\ /projeler/NEXUS/NEXUSStudyPad/.build/Phase2Release/Build/Intermediates.noindex/NEXUSStudyPad.build/Release-iphonesimulator/NEXUSStudyPad.build/DerivedSources/NEXUSStudyPad-Swift.h

Copy /Users/mecid/Desktop/OKUL\ /projeler/NEXUS/NEXUSStudyPad/.build/Phase2Release/Build/Products/Release-iphonesimulator/NEXUSStudyPad.swiftmodule/arm64-apple-ios-simulator.swiftmodule /Users/mecid/Desktop/OKUL\ /projeler/NEXUS/NEXUSStudyPad/.build/Phase2Release/Build/Intermediates.noindex/NEXUSStudyPad.build/Release-iphonesimulator/NEXUSStudyPad.build/Objects-normal/arm64/NEXUSStudyPad.swiftmodule (in target 'NEXUSStudyPad' from project 'NEXUSStudyPad')
    cd /Users/mecid/Desktop/OKUL\ /projeler/NEXUS/NEXUSStudyPad
    builtin-copy -exclude .DS_Store -exclude CVS -exclude .svn -exclude .git -exclude .hg -strip-unsigned-binaries -strip-deterministic -strip-tool /Applications/Xcode.app/Contents/Developer/Toolchains/XcodeDefault.xctoolchain/usr/bin/strip -resolve-src-symlinks -rename /Users/mecid/Desktop/OKUL\ /projeler/NEXUS/NEXUSStudyPad/.build/Phase2Release/Build/Intermediates.noindex/NEXUSStudyPad.build/Release-iphonesimulator/NEXUSStudyPad.build/Objects-normal/arm64/NEXUSStudyPad.swiftmodule /Users/mecid/Desktop/OKUL\ /projeler/NEXUS/NEXUSStudyPad/.build/Phase2Release/Build/Products/Release-iphonesimulator/NEXUSStudyPad.swiftmodule/arm64-apple-ios-simulator.swiftmodule

Copy /Users/mecid/Desktop/OKUL\ /projeler/NEXUS/NEXUSStudyPad/.build/Phase2Release/Build/Products/Release-iphonesimulator/NEXUSStudyPad.swiftmodule/arm64-apple-ios-simulator.swiftdoc /Users/mecid/Desktop/OKUL\ /projeler/NEXUS/NEXUSStudyPad/.build/Phase2Release/Build/Intermediates.noindex/NEXUSStudyPad.build/Release-iphonesimulator/NEXUSStudyPad.build/Objects-normal/arm64/NEXUSStudyPad.swiftdoc (in target 'NEXUSStudyPad' from project 'NEXUSStudyPad')
    cd /Users/mecid/Desktop/OKUL\ /projeler/NEXUS/NEXUSStudyPad
    builtin-copy -exclude .DS_Store -exclude CVS -exclude .svn -exclude .git -exclude .hg -strip-unsigned-binaries -strip-deterministic -strip-tool /Applications/Xcode.app/Contents/Developer/Toolchains/XcodeDefault.xctoolchain/usr/bin/strip -resolve-src-symlinks -rename /Users/mecid/Desktop/OKUL\ /projeler/NEXUS/NEXUSStudyPad/.build/Phase2Release/Build/Intermediates.noindex/NEXUSStudyPad.build/Release-iphonesimulator/NEXUSStudyPad.build/Objects-normal/arm64/NEXUSStudyPad.swiftdoc /Users/mecid/Desktop/OKUL\ /projeler/NEXUS/NEXUSStudyPad/.build/Phase2Release/Build/Products/Release-iphonesimulator/NEXUSStudyPad.swiftmodule/arm64-apple-ios-simulator.swiftdoc

Copy /Users/mecid/Desktop/OKUL\ /projeler/NEXUS/NEXUSStudyPad/.build/Phase2Release/Build/Products/Release-iphonesimulator/NEXUSStudyPad.swiftmodule/Project/arm64-apple-ios-simulator.swiftsourceinfo /Users/mecid/Desktop/OKUL\ /projeler/NEXUS/NEXUSStudyPad/.build/Phase2Release/Build/Intermediates.noindex/NEXUSStudyPad.build/Release-iphonesimulator/NEXUSStudyPad.build/Objects-normal/arm64/NEXUSStudyPad.swiftsourceinfo (in target 'NEXUSStudyPad' from project 'NEXUSStudyPad')
    cd /Users/mecid/Desktop/OKUL\ /projeler/NEXUS/NEXUSStudyPad
    builtin-copy -exclude .DS_Store -exclude CVS -exclude .svn -exclude .git -exclude .hg -strip-unsigned-binaries -strip-deterministic -strip-tool /Applications/Xcode.app/Contents/Developer/Toolchains/XcodeDefault.xctoolchain/usr/bin/strip -resolve-src-symlinks -rename /Users/mecid/Desktop/OKUL\ /projeler/NEXUS/NEXUSStudyPad/.build/Phase2Release/Build/Intermediates.noindex/NEXUSStudyPad.build/Release-iphonesimulator/NEXUSStudyPad.build/Objects-normal/arm64/NEXUSStudyPad.swiftsourceinfo /Users/mecid/Desktop/OKUL\ /projeler/NEXUS/NEXUSStudyPad/.build/Phase2Release/Build/Products/Release-iphonesimulator/NEXUSStudyPad.swiftmodule/Project/arm64-apple-ios-simulator.swiftsourceinfo

Copy /Users/mecid/Desktop/OKUL\ /projeler/NEXUS/NEXUSStudyPad/.build/Phase2Release/Build/Products/Release-iphonesimulator/NEXUSStudyPad.swiftmodule/arm64-apple-ios-simulator.abi.json /Users/mecid/Desktop/OKUL\ /projeler/NEXUS/NEXUSStudyPad/.build/Phase2Release/Build/Intermediates.noindex/NEXUSStudyPad.build/Release-iphonesimulator/NEXUSStudyPad.build/Objects-normal/arm64/NEXUSStudyPad.abi.json (in target 'NEXUSStudyPad' from project 'NEXUSStudyPad')
    cd /Users/mecid/Desktop/OKUL\ /projeler/NEXUS/NEXUSStudyPad
    builtin-copy -exclude .DS_Store -exclude CVS -exclude .svn -exclude .git -exclude .hg -strip-unsigned-binaries -strip-deterministic -strip-tool /Applications/Xcode.app/Contents/Developer/Toolchains/XcodeDefault.xctoolchain/usr/bin/strip -resolve-src-symlinks -rename /Users/mecid/Desktop/OKUL\ /projeler/NEXUS/NEXUSStudyPad/.build/Phase2Release/Build/Intermediates.noindex/NEXUSStudyPad.build/Release-iphonesimulator/NEXUSStudyPad.build/Objects-normal/arm64/NEXUSStudyPad.abi.json /Users/mecid/Desktop/OKUL\ /projeler/NEXUS/NEXUSStudyPad/.build/Phase2Release/Build/Products/Release-iphonesimulator/NEXUSStudyPad.swiftmodule/arm64-apple-ios-simulator.abi.json

Ld /Users/mecid/Desktop/OKUL\ /projeler/NEXUS/NEXUSStudyPad/.build/Phase2Release/Build/Intermediates.noindex/NEXUSStudyPad.build/Release-iphonesimulator/NEXUSStudyPad.build/Objects-normal/arm64/Binary/NEXUSStudyPad normal arm64 (in target 'NEXUSStudyPad' from project 'NEXUSStudyPad')
    cd /Users/mecid/Desktop/OKUL\ /projeler/NEXUS/NEXUSStudyPad
    /Applications/Xcode.app/Contents/Developer/Toolchains/XcodeDefault.xctoolchain/usr/bin/clang -Xlinker -reproducible -target arm64-apple-ios17.0-simulator -isysroot /Applications/Xcode.app/Contents/Developer/Platforms/iPhoneSimulator.platform/Developer/SDKs/iPhoneSimulator26.5.sdk -Os -L/Users/mecid/Desktop/OKUL\ /projeler/NEXUS/NEXUSStudyPad/.build/Phase2Release/Build/Intermediates.noindex/EagerLinkingTBDs/Release-iphonesimulator -L/Users/mecid/Desktop/OKUL\ /projeler/NEXUS/NEXUSStudyPad/.build/Phase2Release/Build/Products/Release-iphonesimulator -F/Users/mecid/Desktop/OKUL\ /projeler/NEXUS/NEXUSStudyPad/.build/Phase2Release/Build/Intermediates.noindex/EagerLinkingTBDs/Release-iphonesimulator -F/Users/mecid/Desktop/OKUL\ /projeler/NEXUS/NEXUSStudyPad/.build/Phase2Release/Build/Products/Release-iphonesimulator -filelist /Users/mecid/Desktop/OKUL\ /projeler/NEXUS/NEXUSStudyPad/.build/Phase2Release/Build/Intermediates.noindex/NEXUSStudyPad.build/Release-iphonesimulator/NEXUSStudyPad.build/Objects-normal/arm64/NEXUSStudyPad.LinkFileList -Xlinker -rpath -Xlinker /usr/lib/swift -Xlinker -rpath -Xlinker @executable_path/Frameworks -Xlinker -dead_strip -Xlinker -object_path_lto -Xlinker /Users/mecid/Desktop/OKUL\ /projeler/NEXUS/NEXUSStudyPad/.build/Phase2Release/Build/Intermediates.noindex/NEXUSStudyPad.build/Release-iphonesimulator/NEXUSStudyPad.build/Objects-normal/arm64/NEXUSStudyPad_lto.o -Xlinker -objc_abi_version -Xlinker 2 -Xlinker -dependency_info -Xlinker /Users/mecid/Desktop/OKUL\ /projeler/NEXUS/NEXUSStudyPad/.build/Phase2Release/Build/Intermediates.noindex/NEXUSStudyPad.build/Release-iphonesimulator/NEXUSStudyPad.build/Objects-normal/arm64/NEXUSStudyPad_dependency_info.dat -fobjc-link-runtime -L/Applications/Xcode.app/Contents/Developer/Toolchains/XcodeDefault.xctoolchain/usr/lib/swift/iphonesimulator -L/usr/lib/swift -Xlinker -add_ast_path -Xlinker /Users/mecid/Desktop/OKUL\ /projeler/NEXUS/NEXUSStudyPad/.build/Phase2Release/Build/Intermediates.noindex/NEXUSStudyPad.build/Release-iphonesimulator/NEXUSStudyPad.build/Objects-normal/arm64/NEXUSStudyPad.swiftmodule @/Users/mecid/Desktop/OKUL\ /projeler/NEXUS/NEXUSStudyPad/.build/Phase2Release/Build/Intermediates.noindex/NEXUSStudyPad.build/Release-iphonesimulator/NEXUSStudyPad.build/Objects-normal/arm64/NEXUSStudyPad-linker-args.resp -o /Users/mecid/Desktop/OKUL\ /projeler/NEXUS/NEXUSStudyPad/.build/Phase2Release/Build/Intermediates.noindex/NEXUSStudyPad.build/Release-iphonesimulator/NEXUSStudyPad.build/Objects-normal/arm64/Binary/NEXUSStudyPad

Ld /Users/mecid/Desktop/OKUL\ /projeler/NEXUS/NEXUSStudyPad/.build/Phase2Release/Build/Intermediates.noindex/NEXUSStudyPad.build/Release-iphonesimulator/NEXUSStudyPad.build/Objects-normal/x86_64/Binary/NEXUSStudyPad normal x86_64 (in target 'NEXUSStudyPad' from project 'NEXUSStudyPad')
    cd /Users/mecid/Desktop/OKUL\ /projeler/NEXUS/NEXUSStudyPad
    /Applications/Xcode.app/Contents/Developer/Toolchains/XcodeDefault.xctoolchain/usr/bin/clang -Xlinker -reproducible -target x86_64-apple-ios17.0-simulator -isysroot /Applications/Xcode.app/Contents/Developer/Platforms/iPhoneSimulator.platform/Developer/SDKs/iPhoneSimulator26.5.sdk -Os -L/Users/mecid/Desktop/OKUL\ /projeler/NEXUS/NEXUSStudyPad/.build/Phase2Release/Build/Intermediates.noindex/EagerLinkingTBDs/Release-iphonesimulator -L/Users/mecid/Desktop/OKUL\ /projeler/NEXUS/NEXUSStudyPad/.build/Phase2Release/Build/Products/Release-iphonesimulator -F/Users/mecid/Desktop/OKUL\ /projeler/NEXUS/NEXUSStudyPad/.build/Phase2Release/Build/Intermediates.noindex/EagerLinkingTBDs/Release-iphonesimulator -F/Users/mecid/Desktop/OKUL\ /projeler/NEXUS/NEXUSStudyPad/.build/Phase2Release/Build/Products/Release-iphonesimulator -filelist /Users/mecid/Desktop/OKUL\ /projeler/NEXUS/NEXUSStudyPad/.build/Phase2Release/Build/Intermediates.noindex/NEXUSStudyPad.build/Release-iphonesimulator/NEXUSStudyPad.build/Objects-normal/x86_64/NEXUSStudyPad.LinkFileList -Xlinker -rpath -Xlinker /usr/lib/swift -Xlinker -rpath -Xlinker @executable_path/Frameworks -Xlinker -dead_strip -Xlinker -object_path_lto -Xlinker /Users/mecid/Desktop/OKUL\ /projeler/NEXUS/NEXUSStudyPad/.build/Phase2Release/Build/Intermediates.noindex/NEXUSStudyPad.build/Release-iphonesimulator/NEXUSStudyPad.build/Objects-normal/x86_64/NEXUSStudyPad_lto.o -Xlinker -objc_abi_version -Xlinker 2 -Xlinker -dependency_info -Xlinker /Users/mecid/Desktop/OKUL\ /projeler/NEXUS/NEXUSStudyPad/.build/Phase2Release/Build/Intermediates.noindex/NEXUSStudyPad.build/Release-iphonesimulator/NEXUSStudyPad.build/Objects-normal/x86_64/NEXUSStudyPad_dependency_info.dat -fobjc-link-runtime -L/Applications/Xcode.app/Contents/Developer/Toolchains/XcodeDefault.xctoolchain/usr/lib/swift/iphonesimulator -L/usr/lib/swift -Xlinker -add_ast_path -Xlinker /Users/mecid/Desktop/OKUL\ /projeler/NEXUS/NEXUSStudyPad/.build/Phase2Release/Build/Intermediates.noindex/NEXUSStudyPad.build/Release-iphonesimulator/NEXUSStudyPad.build/Objects-normal/x86_64/NEXUSStudyPad.swiftmodule @/Users/mecid/Desktop/OKUL\ /projeler/NEXUS/NEXUSStudyPad/.build/Phase2Release/Build/Intermediates.noindex/NEXUSStudyPad.build/Release-iphonesimulator/NEXUSStudyPad.build/Objects-normal/x86_64/NEXUSStudyPad-linker-args.resp -o /Users/mecid/Desktop/OKUL\ /projeler/NEXUS/NEXUSStudyPad/.build/Phase2Release/Build/Intermediates.noindex/NEXUSStudyPad.build/Release-iphonesimulator/NEXUSStudyPad.build/Objects-normal/x86_64/Binary/NEXUSStudyPad

CreateUniversalBinary /Users/mecid/Desktop/OKUL\ /projeler/NEXUS/NEXUSStudyPad/.build/Phase2Release/Build/Products/Release-iphonesimulator/NEXUSStudyPad.app/NEXUSStudyPad normal arm64\ x86_64 (in target 'NEXUSStudyPad' from project 'NEXUSStudyPad')
    cd /Users/mecid/Desktop/OKUL\ /projeler/NEXUS/NEXUSStudyPad
    /Applications/Xcode.app/Contents/Developer/Toolchains/XcodeDefault.xctoolchain/usr/bin/lipo -create /Users/mecid/Desktop/OKUL\ /projeler/NEXUS/NEXUSStudyPad/.build/Phase2Release/Build/Intermediates.noindex/NEXUSStudyPad.build/Release-iphonesimulator/NEXUSStudyPad.build/Objects-normal/arm64/Binary/NEXUSStudyPad /Users/mecid/Desktop/OKUL\ /projeler/NEXUS/NEXUSStudyPad/.build/Phase2Release/Build/Intermediates.noindex/NEXUSStudyPad.build/Release-iphonesimulator/NEXUSStudyPad.build/Objects-normal/x86_64/Binary/NEXUSStudyPad -output /Users/mecid/Desktop/OKUL\ /projeler/NEXUS/NEXUSStudyPad/.build/Phase2Release/Build/Products/Release-iphonesimulator/NEXUSStudyPad.app/NEXUSStudyPad

CopySwiftLibs /Users/mecid/Desktop/OKUL\ /projeler/NEXUS/NEXUSStudyPad/.build/Phase2Release/Build/Products/Release-iphonesimulator/NEXUSStudyPad.app (in target 'NEXUSStudyPad' from project 'NEXUSStudyPad')
    cd /Users/mecid/Desktop/OKUL\ /projeler/NEXUS/NEXUSStudyPad
    builtin-swiftStdLibTool --copy --verbose --scan-executable /Users/mecid/Desktop/OKUL\ /projeler/NEXUS/NEXUSStudyPad/.build/Phase2Release/Build/Products/Release-iphonesimulator/NEXUSStudyPad.app/NEXUSStudyPad --scan-folder /Users/mecid/Desktop/OKUL\ /projeler/NEXUS/NEXUSStudyPad/.build/Phase2Release/Build/Products/Release-iphonesimulator/NEXUSStudyPad.app/Frameworks --scan-folder /Users/mecid/Desktop/OKUL\ /projeler/NEXUS/NEXUSStudyPad/.build/Phase2Release/Build/Products/Release-iphonesimulator/NEXUSStudyPad.app/PlugIns --scan-folder /Users/mecid/Desktop/OKUL\ /projeler/NEXUS/NEXUSStudyPad/.build/Phase2Release/Build/Products/Release-iphonesimulator/NEXUSStudyPad.app/SystemExtensions --scan-folder /Users/mecid/Desktop/OKUL\ /projeler/NEXUS/NEXUSStudyPad/.build/Phase2Release/Build/Products/Release-iphonesimulator/NEXUSStudyPad.app/Extensions --platform iphonesimulator --toolchain /Applications/Xcode.app/Contents/Developer/Toolchains/XcodeDefault.xctoolchain --destination /Users/mecid/Desktop/OKUL\ /projeler/NEXUS/NEXUSStudyPad/.build/Phase2Release/Build/Products/Release-iphonesimulator/NEXUSStudyPad.app/Frameworks --strip-bitcode --strip-bitcode-tool /Applications/Xcode.app/Contents/Developer/Toolchains/XcodeDefault.xctoolchain/usr/bin/bitcode_strip --emit-dependency-info /Users/mecid/Desktop/OKUL\ /projeler/NEXUS/NEXUSStudyPad/.build/Phase2Release/Build/Intermediates.noindex/NEXUSStudyPad.build/Release-iphonesimulator/NEXUSStudyPad.build/SwiftStdLibToolInputDependencies.dep --filter-for-swift-os --back-deploy-swift-span
Ignoring --strip-bitcode because --sign was not passed

ExtractAppIntentsMetadata (in target 'NEXUSStudyPad' from project 'NEXUSStudyPad')
    cd /Users/mecid/Desktop/OKUL\ /projeler/NEXUS/NEXUSStudyPad
    /Applications/Xcode.app/Contents/Developer/Toolchains/XcodeDefault.xctoolchain/usr/bin/appintentsmetadataprocessor --toolchain-dir /Applications/Xcode.app/Contents/Developer/Toolchains/XcodeDefault.xctoolchain --module-name NEXUSStudyPad --sdk-root /Applications/Xcode.app/Contents/Developer/Platforms/iPhoneSimulator.platform/Developer/SDKs/iPhoneSimulator26.5.sdk --xcode-version 17F113 --platform-family iOS --deployment-target 17.0 --bundle-identifier com.nexus.studypad --output /Users/mecid/Desktop/OKUL\ /projeler/NEXUS/NEXUSStudyPad/.build/Phase2Release/Build/Products/Release-iphonesimulator/NEXUSStudyPad.app --target-triple arm64-apple-ios17.0-simulator --target-triple x86_64-apple-ios17.0-simulator --binary-file /Users/mecid/Desktop/OKUL\ /projeler/NEXUS/NEXUSStudyPad/.build/Phase2Release/Build/Products/Release-iphonesimulator/NEXUSStudyPad.app/NEXUSStudyPad --dependency-file /Users/mecid/Desktop/OKUL\ /projeler/NEXUS/NEXUSStudyPad/.build/Phase2Release/Build/Intermediates.noindex/NEXUSStudyPad.build/Release-iphonesimulator/NEXUSStudyPad.build/Objects-normal/arm64/NEXUSStudyPad_dependency_info.dat --dependency-file /Users/mecid/Desktop/OKUL\ /projeler/NEXUS/NEXUSStudyPad/.build/Phase2Release/Build/Intermediates.noindex/NEXUSStudyPad.build/Release-iphonesimulator/NEXUSStudyPad.build/Objects-normal/x86_64/NEXUSStudyPad_dependency_info.dat --stringsdata-file /Users/mecid/Desktop/OKUL\ /projeler/NEXUS/NEXUSStudyPad/.build/Phase2Release/Build/Intermediates.noindex/NEXUSStudyPad.build/Release-iphonesimulator/NEXUSStudyPad.build/Objects-normal/arm64/ExtractedAppShortcutsMetadata.stringsdata --stringsdata-file /Users/mecid/Desktop/OKUL\ /projeler/NEXUS/NEXUSStudyPad/.build/Phase2Release/Build/Intermediates.noindex/NEXUSStudyPad.build/Release-iphonesimulator/NEXUSStudyPad.build/Objects-normal/x86_64/ExtractedAppShortcutsMetadata.stringsdata --source-file-list /Users/mecid/Desktop/OKUL\ /projeler/NEXUS/NEXUSStudyPad/.build/Phase2Release/Build/Intermediates.noindex/NEXUSStudyPad.build/Release-iphonesimulator/NEXUSStudyPad.build/Objects-normal/arm64/NEXUSStudyPad.SwiftFileList --source-file-list /Users/mecid/Desktop/OKUL\ /projeler/NEXUS/NEXUSStudyPad/.build/Phase2Release/Build/Intermediates.noindex/NEXUSStudyPad.build/Release-iphonesimulator/NEXUSStudyPad.build/Objects-normal/x86_64/NEXUSStudyPad.SwiftFileList --metadata-file-list /Users/mecid/Desktop/OKUL\ /projeler/NEXUS/NEXUSStudyPad/.build/Phase2Release/Build/Intermediates.noindex/NEXUSStudyPad.build/Release-iphonesimulator/NEXUSStudyPad.build/NEXUSStudyPad.DependencyMetadataFileList --static-metadata-file-list /Users/mecid/Desktop/OKUL\ /projeler/NEXUS/NEXUSStudyPad/.build/Phase2Release/Build/Intermediates.noindex/NEXUSStudyPad.build/Release-iphonesimulator/NEXUSStudyPad.build/NEXUSStudyPad.DependencyStaticMetadataFileList --swift-const-vals-list /Users/mecid/Desktop/OKUL\ /projeler/NEXUS/NEXUSStudyPad/.build/Phase2Release/Build/Intermediates.noindex/NEXUSStudyPad.build/Release-iphonesimulator/NEXUSStudyPad.build/Objects-normal/arm64/NEXUSStudyPad.SwiftConstValuesFileList --swift-const-vals-list /Users/mecid/Desktop/OKUL\ /projeler/NEXUS/NEXUSStudyPad/.build/Phase2Release/Build/Intermediates.noindex/NEXUSStudyPad.build/Release-iphonesimulator/NEXUSStudyPad.build/Objects-normal/x86_64/NEXUSStudyPad.SwiftConstValuesFileList --compile-time-extraction --deployment-aware-processing --validate-assistant-intents --no-app-shortcuts-localization
2026-08-30 00:30:03.613 appintentsmetadataprocessor[59294:855435] Starting appintentsmetadataprocessor export
2026-08-30 00:30:03.615 appintentsmetadataprocessor[59294:855435] warning: Metadata extraction skipped. No AppIntents.framework dependency found.

GenerateDSYMFile /Users/mecid/Desktop/OKUL\ /projeler/NEXUS/NEXUSStudyPad/.build/Phase2Release/Build/Products/Release-iphonesimulator/NEXUSStudyPad.app.dSYM /Users/mecid/Desktop/OKUL\ /projeler/NEXUS/NEXUSStudyPad/.build/Phase2Release/Build/Products/Release-iphonesimulator/NEXUSStudyPad.app/NEXUSStudyPad (in target 'NEXUSStudyPad' from project 'NEXUSStudyPad')
    cd /Users/mecid/Desktop/OKUL\ /projeler/NEXUS/NEXUSStudyPad
    /Applications/Xcode.app/Contents/Developer/Toolchains/XcodeDefault.xctoolchain/usr/bin/dsymutil /Users/mecid/Desktop/OKUL\ /projeler/NEXUS/NEXUSStudyPad/.build/Phase2Release/Build/Products/Release-iphonesimulator/NEXUSStudyPad.app/NEXUSStudyPad -o /Users/mecid/Desktop/OKUL\ /projeler/NEXUS/NEXUSStudyPad/.build/Phase2Release/Build/Products/Release-iphonesimulator/NEXUSStudyPad.app.dSYM

AppIntentsSSUTraining (in target 'NEXUSStudyPad' from project 'NEXUSStudyPad')
    cd /Users/mecid/Desktop/OKUL\ /projeler/NEXUS/NEXUSStudyPad
    /Applications/Xcode.app/Contents/Developer/Toolchains/XcodeDefault.xctoolchain/usr/bin/appintentsnltrainingprocessor --infoplist-path /Users/mecid/Desktop/OKUL\ /projeler/NEXUS/NEXUSStudyPad/.build/Phase2Release/Build/Products/Release-iphonesimulator/NEXUSStudyPad.app/Info.plist --temp-dir-path /Users/mecid/Desktop/OKUL\ /projeler/NEXUS/NEXUSStudyPad/.build/Phase2Release/Build/Intermediates.noindex/NEXUSStudyPad.build/Release-iphonesimulator/NEXUSStudyPad.build/ssu --bundle-id com.nexus.studypad --product-path /Users/mecid/Desktop/OKUL\ /projeler/NEXUS/NEXUSStudyPad/.build/Phase2Release/Build/Products/Release-iphonesimulator/NEXUSStudyPad.app --extracted-metadata-path /Users/mecid/Desktop/OKUL\ /projeler/NEXUS/NEXUSStudyPad/.build/Phase2Release/Build/Products/Release-iphonesimulator/NEXUSStudyPad.app/Metadata.appintents --metadata-file-list /Users/mecid/Desktop/OKUL\ /projeler/NEXUS/NEXUSStudyPad/.build/Phase2Release/Build/Intermediates.noindex/NEXUSStudyPad.build/Release-iphonesimulator/NEXUSStudyPad.build/NEXUSStudyPad.DependencyMetadataFileList --source-file /Users/mecid/Desktop/OKUL\ /projeler/NEXUS/NEXUSStudyPad/.build/Phase2Release/Build/Products/Release-iphonesimulator/NEXUSStudyPad.app/Info.plist --archive-ssu-assets
2026-08-30 00:30:03.629 appintentsnltrainingprocessor[59296:855437] Parsing options for appintentsnltrainingprocessor
2026-08-30 00:30:03.629 appintentsnltrainingprocessor[59296:855437] Starting AppIntents SSU YAML Generation
2026-08-30 00:30:03.629 appintentsnltrainingprocessor[59296:855437] No AppShortcuts found - Skipping.

RegisterExecutionPolicyException /Users/mecid/Desktop/OKUL\ /projeler/NEXUS/NEXUSStudyPad/.build/Phase2Release/Build/Products/Release-iphonesimulator/NEXUSStudyPad.app (in target 'NEXUSStudyPad' from project 'NEXUSStudyPad')
    cd /Users/mecid/Desktop/OKUL\ /projeler/NEXUS/NEXUSStudyPad
    builtin-RegisterExecutionPolicyException /Users/mecid/Desktop/OKUL\ /projeler/NEXUS/NEXUSStudyPad/.build/Phase2Release/Build/Products/Release-iphonesimulator/NEXUSStudyPad.app

Validate /Users/mecid/Desktop/OKUL\ /projeler/NEXUS/NEXUSStudyPad/.build/Phase2Release/Build/Products/Release-iphonesimulator/NEXUSStudyPad.app (in target 'NEXUSStudyPad' from project 'NEXUSStudyPad')
    cd /Users/mecid/Desktop/OKUL\ /projeler/NEXUS/NEXUSStudyPad
    builtin-validationUtility /Users/mecid/Desktop/OKUL\ /projeler/NEXUS/NEXUSStudyPad/.build/Phase2Release/Build/Products/Release-iphonesimulator/NEXUSStudyPad.app -validate-for-store -shallow-bundle -infoplist-subpath Info.plist

Touch /Users/mecid/Desktop/OKUL\ /projeler/NEXUS/NEXUSStudyPad/.build/Phase2Release/Build/Products/Release-iphonesimulator/NEXUSStudyPad.app (in target 'NEXUSStudyPad' from project 'NEXUSStudyPad')
    cd /Users/mecid/Desktop/OKUL\ /projeler/NEXUS/NEXUSStudyPad
    /usr/bin/touch -c /Users/mecid/Desktop/OKUL\ /projeler/NEXUS/NEXUSStudyPad/.build/Phase2Release/Build/Products/Release-iphonesimulator/NEXUSStudyPad.app

** BUILD SUCCEEDED **

