Command line invocation:
    /Applications/Xcode.app/Contents/Developer/usr/bin/xcodebuild build -project NEXUSStudyPad.xcodeproj -scheme NEXUSStudyPad -destination "generic/platform=iOS Simulator" -derivedDataPath .build/Phase2Check CODE_SIGNING_ALLOWED=NO

Build settings from command line:
    CODE_SIGNING_ALLOWED = NO

ComputePackagePrebuildTargetDependencyGraph

Prepare packages

CreateBuildRequest

SendProjectDescription

CreateBuildOperation

ComputeTargetDependencyGraph
note: Building targets in dependency order
note: Target dependency graph (1 target)
    Target 'NEXUSStudyPad' in project 'NEXUSStudyPad' (no dependencies)

GatherProvisioningInputs

CreateBuildDescription

ExecuteExternalTool /Applications/Xcode.app/Contents/Developer/Toolchains/XcodeDefault.xctoolchain/usr/bin/clang -v -E -dM -isysroot /Applications/Xcode.app/Contents/Developer/Platforms/iPhoneSimulator.platform/Developer/SDKs/iPhoneSimulator26.5.sdk -x c -c /dev/null

ExecuteExternalTool /Applications/Xcode.app/Contents/Developer/usr/bin/xcstringstool compile --dry-run --output-directory /Users/mecid/Desktop/OKUL /projeler/NEXUS/NEXUSStudyPad/.build/Phase2Check/Build/Intermediates.noindex/NEXUSStudyPad.build/Debug-iphonesimulator/NEXUSStudyPad.build /Users/mecid/Desktop/OKUL /projeler/NEXUS/NEXUSStudyPad/NEXUSStudyPad/Resources/Localizable.xcstrings

ExecuteExternalTool /Applications/Xcode.app/Contents/Developer/usr/bin/actool --print-asset-tag-combinations --output-format xml1 /Users/mecid/Desktop/OKUL /projeler/NEXUS/NEXUSStudyPad/NEXUSStudyPad/Resources/Assets.xcassets

ExecuteExternalTool /Applications/Xcode.app/Contents/Developer/usr/bin/actool --version --output-format xml1

ExecuteExternalTool /Applications/Xcode.app/Contents/Developer/Toolchains/XcodeDefault.xctoolchain/usr/bin/swiftc --version

ExecuteExternalTool /Applications/Xcode.app/Contents/Developer/Toolchains/XcodeDefault.xctoolchain/usr/bin/ld -version_details

Build description signature: 1e82fe239f6086b62c92bc4576d8ee4b
Build description path: /Users/mecid/Desktop/OKUL /projeler/NEXUS/NEXUSStudyPad/.build/Phase2Check/Build/Intermediates.noindex/XCBuildData/1e82fe239f6086b62c92bc4576d8ee4b.xcbuilddata
ClangStatCache /Applications/Xcode.app/Contents/Developer/Toolchains/XcodeDefault.xctoolchain/usr/bin/clang-stat-cache /Applications/Xcode.app/Contents/Developer/Platforms/iPhoneSimulator.platform/Developer/SDKs/iPhoneSimulator26.5.sdk /Users/mecid/Desktop/OKUL\ /projeler/NEXUS/NEXUSStudyPad/.build/Phase2Check/SDKStatCaches.noindex/iphonesimulator26.5-23F81a-6cfe768891a92b912361537c460fe42b.sdkstatcache
    cd /Users/mecid/Desktop/OKUL\ /projeler/NEXUS/NEXUSStudyPad/NEXUSStudyPad.xcodeproj
    /Applications/Xcode.app/Contents/Developer/Toolchains/XcodeDefault.xctoolchain/usr/bin/clang-stat-cache /Applications/Xcode.app/Contents/Developer/Platforms/iPhoneSimulator.platform/Developer/SDKs/iPhoneSimulator26.5.sdk -o /Users/mecid/Desktop/OKUL\ /projeler/NEXUS/NEXUSStudyPad/.build/Phase2Check/SDKStatCaches.noindex/iphonesimulator26.5-23F81a-6cfe768891a92b912361537c460fe42b.sdkstatcache

CreateBuildDirectory /Users/mecid/Desktop/OKUL\ /projeler/NEXUS/NEXUSStudyPad/.build/Phase2Check/Build/Products
    cd /Users/mecid/Desktop/OKUL\ /projeler/NEXUS/NEXUSStudyPad/NEXUSStudyPad.xcodeproj
    builtin-create-build-directory /Users/mecid/Desktop/OKUL\ /projeler/NEXUS/NEXUSStudyPad/.build/Phase2Check/Build/Products

CreateBuildDirectory /Users/mecid/Desktop/OKUL\ /projeler/NEXUS/NEXUSStudyPad/.build/Phase2Check/Build/Intermediates.noindex
    cd /Users/mecid/Desktop/OKUL\ /projeler/NEXUS/NEXUSStudyPad/NEXUSStudyPad.xcodeproj
    builtin-create-build-directory /Users/mecid/Desktop/OKUL\ /projeler/NEXUS/NEXUSStudyPad/.build/Phase2Check/Build/Intermediates.noindex

CreateBuildDirectory /Users/mecid/Desktop/OKUL\ /projeler/NEXUS/NEXUSStudyPad/.build/Phase2Check/Build/Products/Debug-iphonesimulator
    cd /Users/mecid/Desktop/OKUL\ /projeler/NEXUS/NEXUSStudyPad/NEXUSStudyPad.xcodeproj
    builtin-create-build-directory /Users/mecid/Desktop/OKUL\ /projeler/NEXUS/NEXUSStudyPad/.build/Phase2Check/Build/Products/Debug-iphonesimulator

CreateBuildDirectory /Users/mecid/Desktop/OKUL\ /projeler/NEXUS/NEXUSStudyPad/.build/Phase2Check/Build/Intermediates.noindex/SwiftExplicitPrecompiledModules
    cd /Users/mecid/Desktop/OKUL\ /projeler/NEXUS/NEXUSStudyPad/NEXUSStudyPad.xcodeproj
    builtin-create-build-directory /Users/mecid/Desktop/OKUL\ /projeler/NEXUS/NEXUSStudyPad/.build/Phase2Check/Build/Intermediates.noindex/SwiftExplicitPrecompiledModules

CreateBuildDirectory /Users/mecid/Desktop/OKUL\ /projeler/NEXUS/NEXUSStudyPad/.build/Phase2Check/Build/Intermediates.noindex/ExplicitPrecompiledModules
    cd /Users/mecid/Desktop/OKUL\ /projeler/NEXUS/NEXUSStudyPad/NEXUSStudyPad.xcodeproj
    builtin-create-build-directory /Users/mecid/Desktop/OKUL\ /projeler/NEXUS/NEXUSStudyPad/.build/Phase2Check/Build/Intermediates.noindex/ExplicitPrecompiledModules

CreateBuildDirectory /Users/mecid/Desktop/OKUL\ /projeler/NEXUS/NEXUSStudyPad/.build/Phase2Check/Build/Intermediates.noindex/EagerLinkingTBDs/Debug-iphonesimulator
    cd /Users/mecid/Desktop/OKUL\ /projeler/NEXUS/NEXUSStudyPad/NEXUSStudyPad.xcodeproj
    builtin-create-build-directory /Users/mecid/Desktop/OKUL\ /projeler/NEXUS/NEXUSStudyPad/.build/Phase2Check/Build/Intermediates.noindex/EagerLinkingTBDs/Debug-iphonesimulator

WriteAuxiliaryFile /Users/mecid/Desktop/OKUL\ /projeler/NEXUS/NEXUSStudyPad/.build/Phase2Check/Build/Intermediates.noindex/NEXUSStudyPad.build/Debug-iphonesimulator/NEXUSStudyPad-1461429eb36fd68e752e3d5e378957f1-VFS-iphonesimulator/all-product-headers.yaml
    cd /Users/mecid/Desktop/OKUL\ /projeler/NEXUS/NEXUSStudyPad/NEXUSStudyPad.xcodeproj
    write-file /Users/mecid/Desktop/OKUL\ /projeler/NEXUS/NEXUSStudyPad/.build/Phase2Check/Build/Intermediates.noindex/NEXUSStudyPad.build/Debug-iphonesimulator/NEXUSStudyPad-1461429eb36fd68e752e3d5e378957f1-VFS-iphonesimulator/all-product-headers.yaml

WriteAuxiliaryFile /Users/mecid/Desktop/OKUL\ /projeler/NEXUS/NEXUSStudyPad/.build/Phase2Check/Build/Intermediates.noindex/NEXUSStudyPad.build/Debug-iphonesimulator/NEXUSStudyPad.build/empty-NEXUSStudyPad.plist (in target 'NEXUSStudyPad' from project 'NEXUSStudyPad')
    cd /Users/mecid/Desktop/OKUL\ /projeler/NEXUS/NEXUSStudyPad
    write-file /Users/mecid/Desktop/OKUL\ /projeler/NEXUS/NEXUSStudyPad/.build/Phase2Check/Build/Intermediates.noindex/NEXUSStudyPad.build/Debug-iphonesimulator/NEXUSStudyPad.build/empty-NEXUSStudyPad.plist

WriteAuxiliaryFile /Users/mecid/Desktop/OKUL\ /projeler/NEXUS/NEXUSStudyPad/.build/Phase2Check/Build/Intermediates.noindex/NEXUSStudyPad.build/Debug-iphonesimulator/NEXUSStudyPad.build/Objects-normal/x86_64/NEXUSStudyPad-OutputFileMap.json (in target 'NEXUSStudyPad' from project 'NEXUSStudyPad')
    cd /Users/mecid/Desktop/OKUL\ /projeler/NEXUS/NEXUSStudyPad
    write-file /Users/mecid/Desktop/OKUL\ /projeler/NEXUS/NEXUSStudyPad/.build/Phase2Check/Build/Intermediates.noindex/NEXUSStudyPad.build/Debug-iphonesimulator/NEXUSStudyPad.build/Objects-normal/x86_64/NEXUSStudyPad-OutputFileMap.json

WriteAuxiliaryFile /Users/mecid/Desktop/OKUL\ /projeler/NEXUS/NEXUSStudyPad/.build/Phase2Check/Build/Intermediates.noindex/NEXUSStudyPad.build/Debug-iphonesimulator/NEXUSStudyPad.build/Objects-normal/x86_64/NEXUSStudyPad.SwiftConstValuesFileList (in target 'NEXUSStudyPad' from project 'NEXUSStudyPad')
    cd /Users/mecid/Desktop/OKUL\ /projeler/NEXUS/NEXUSStudyPad
    write-file /Users/mecid/Desktop/OKUL\ /projeler/NEXUS/NEXUSStudyPad/.build/Phase2Check/Build/Intermediates.noindex/NEXUSStudyPad.build/Debug-iphonesimulator/NEXUSStudyPad.build/Objects-normal/x86_64/NEXUSStudyPad.SwiftConstValuesFileList

WriteAuxiliaryFile /Users/mecid/Desktop/OKUL\ /projeler/NEXUS/NEXUSStudyPad/.build/Phase2Check/Build/Intermediates.noindex/NEXUSStudyPad.build/Debug-iphonesimulator/NEXUSStudyPad.build/Objects-normal/x86_64/NEXUSStudyPad.SwiftFileList (in target 'NEXUSStudyPad' from project 'NEXUSStudyPad')
    cd /Users/mecid/Desktop/OKUL\ /projeler/NEXUS/NEXUSStudyPad
    write-file /Users/mecid/Desktop/OKUL\ /projeler/NEXUS/NEXUSStudyPad/.build/Phase2Check/Build/Intermediates.noindex/NEXUSStudyPad.build/Debug-iphonesimulator/NEXUSStudyPad.build/Objects-normal/x86_64/NEXUSStudyPad.SwiftFileList

WriteAuxiliaryFile /Users/mecid/Desktop/OKUL\ /projeler/NEXUS/NEXUSStudyPad/.build/Phase2Check/Build/Intermediates.noindex/NEXUSStudyPad.build/Debug-iphonesimulator/NEXUSStudyPad.build/Objects-normal/x86_64/NEXUSStudyPad.LinkFileList (in target 'NEXUSStudyPad' from project 'NEXUSStudyPad')
    cd /Users/mecid/Desktop/OKUL\ /projeler/NEXUS/NEXUSStudyPad
    write-file /Users/mecid/Desktop/OKUL\ /projeler/NEXUS/NEXUSStudyPad/.build/Phase2Check/Build/Intermediates.noindex/NEXUSStudyPad.build/Debug-iphonesimulator/NEXUSStudyPad.build/Objects-normal/x86_64/NEXUSStudyPad.LinkFileList

WriteAuxiliaryFile /Users/mecid/Desktop/OKUL\ /projeler/NEXUS/NEXUSStudyPad/.build/Phase2Check/Build/Intermediates.noindex/NEXUSStudyPad.build/Debug-iphonesimulator/NEXUSStudyPad.build/Objects-normal/arm64/NEXUSStudyPad_const_extract_protocols.json (in target 'NEXUSStudyPad' from project 'NEXUSStudyPad')
    cd /Users/mecid/Desktop/OKUL\ /projeler/NEXUS/NEXUSStudyPad
    write-file /Users/mecid/Desktop/OKUL\ /projeler/NEXUS/NEXUSStudyPad/.build/Phase2Check/Build/Intermediates.noindex/NEXUSStudyPad.build/Debug-iphonesimulator/NEXUSStudyPad.build/Objects-normal/arm64/NEXUSStudyPad_const_extract_protocols.json

WriteAuxiliaryFile /Users/mecid/Desktop/OKUL\ /projeler/NEXUS/NEXUSStudyPad/.build/Phase2Check/Build/Intermediates.noindex/NEXUSStudyPad.build/Debug-iphonesimulator/NEXUSStudyPad.build/Objects-normal/x86_64/NEXUSStudyPad_const_extract_protocols.json (in target 'NEXUSStudyPad' from project 'NEXUSStudyPad')
    cd /Users/mecid/Desktop/OKUL\ /projeler/NEXUS/NEXUSStudyPad
    write-file /Users/mecid/Desktop/OKUL\ /projeler/NEXUS/NEXUSStudyPad/.build/Phase2Check/Build/Intermediates.noindex/NEXUSStudyPad.build/Debug-iphonesimulator/NEXUSStudyPad.build/Objects-normal/x86_64/NEXUSStudyPad_const_extract_protocols.json

WriteAuxiliaryFile /Users/mecid/Desktop/OKUL\ /projeler/NEXUS/NEXUSStudyPad/.build/Phase2Check/Build/Intermediates.noindex/NEXUSStudyPad.build/Debug-iphonesimulator/NEXUSStudyPad.build/Objects-normal/arm64/NEXUSStudyPad.SwiftFileList (in target 'NEXUSStudyPad' from project 'NEXUSStudyPad')
    cd /Users/mecid/Desktop/OKUL\ /projeler/NEXUS/NEXUSStudyPad
    write-file /Users/mecid/Desktop/OKUL\ /projeler/NEXUS/NEXUSStudyPad/.build/Phase2Check/Build/Intermediates.noindex/NEXUSStudyPad.build/Debug-iphonesimulator/NEXUSStudyPad.build/Objects-normal/arm64/NEXUSStudyPad.SwiftFileList

WriteAuxiliaryFile /Users/mecid/Desktop/OKUL\ /projeler/NEXUS/NEXUSStudyPad/.build/Phase2Check/Build/Intermediates.noindex/NEXUSStudyPad.build/Debug-iphonesimulator/NEXUSStudyPad.build/Objects-normal/arm64/NEXUSStudyPad.SwiftConstValuesFileList (in target 'NEXUSStudyPad' from project 'NEXUSStudyPad')
    cd /Users/mecid/Desktop/OKUL\ /projeler/NEXUS/NEXUSStudyPad
    write-file /Users/mecid/Desktop/OKUL\ /projeler/NEXUS/NEXUSStudyPad/.build/Phase2Check/Build/Intermediates.noindex/NEXUSStudyPad.build/Debug-iphonesimulator/NEXUSStudyPad.build/Objects-normal/arm64/NEXUSStudyPad.SwiftConstValuesFileList

WriteAuxiliaryFile /Users/mecid/Desktop/OKUL\ /projeler/NEXUS/NEXUSStudyPad/.build/Phase2Check/Build/Intermediates.noindex/NEXUSStudyPad.build/Debug-iphonesimulator/NEXUSStudyPad.build/Objects-normal/arm64/NEXUSStudyPad.LinkFileList (in target 'NEXUSStudyPad' from project 'NEXUSStudyPad')
    cd /Users/mecid/Desktop/OKUL\ /projeler/NEXUS/NEXUSStudyPad
    write-file /Users/mecid/Desktop/OKUL\ /projeler/NEXUS/NEXUSStudyPad/.build/Phase2Check/Build/Intermediates.noindex/NEXUSStudyPad.build/Debug-iphonesimulator/NEXUSStudyPad.build/Objects-normal/arm64/NEXUSStudyPad.LinkFileList

WriteAuxiliaryFile /Users/mecid/Desktop/OKUL\ /projeler/NEXUS/NEXUSStudyPad/.build/Phase2Check/Build/Intermediates.noindex/NEXUSStudyPad.build/Debug-iphonesimulator/NEXUSStudyPad.build/Objects-normal/arm64/NEXUSStudyPad-OutputFileMap.json (in target 'NEXUSStudyPad' from project 'NEXUSStudyPad')
    cd /Users/mecid/Desktop/OKUL\ /projeler/NEXUS/NEXUSStudyPad
    write-file /Users/mecid/Desktop/OKUL\ /projeler/NEXUS/NEXUSStudyPad/.build/Phase2Check/Build/Intermediates.noindex/NEXUSStudyPad.build/Debug-iphonesimulator/NEXUSStudyPad.build/Objects-normal/arm64/NEXUSStudyPad-OutputFileMap.json

WriteAuxiliaryFile /Users/mecid/Desktop/OKUL\ /projeler/NEXUS/NEXUSStudyPad/.build/Phase2Check/Build/Intermediates.noindex/NEXUSStudyPad.build/Debug-iphonesimulator/NEXUSStudyPad.build/NEXUSStudyPad.hmap (in target 'NEXUSStudyPad' from project 'NEXUSStudyPad')
    cd /Users/mecid/Desktop/OKUL\ /projeler/NEXUS/NEXUSStudyPad
    write-file /Users/mecid/Desktop/OKUL\ /projeler/NEXUS/NEXUSStudyPad/.build/Phase2Check/Build/Intermediates.noindex/NEXUSStudyPad.build/Debug-iphonesimulator/NEXUSStudyPad.build/NEXUSStudyPad.hmap

WriteAuxiliaryFile /Users/mecid/Desktop/OKUL\ /projeler/NEXUS/NEXUSStudyPad/.build/Phase2Check/Build/Intermediates.noindex/NEXUSStudyPad.build/Debug-iphonesimulator/NEXUSStudyPad.build/NEXUSStudyPad.DependencyStaticMetadataFileList (in target 'NEXUSStudyPad' from project 'NEXUSStudyPad')
    cd /Users/mecid/Desktop/OKUL\ /projeler/NEXUS/NEXUSStudyPad
    write-file /Users/mecid/Desktop/OKUL\ /projeler/NEXUS/NEXUSStudyPad/.build/Phase2Check/Build/Intermediates.noindex/NEXUSStudyPad.build/Debug-iphonesimulator/NEXUSStudyPad.build/NEXUSStudyPad.DependencyStaticMetadataFileList

WriteAuxiliaryFile /Users/mecid/Desktop/OKUL\ /projeler/NEXUS/NEXUSStudyPad/.build/Phase2Check/Build/Intermediates.noindex/NEXUSStudyPad.build/Debug-iphonesimulator/NEXUSStudyPad.build/NEXUSStudyPad.DependencyMetadataFileList (in target 'NEXUSStudyPad' from project 'NEXUSStudyPad')
    cd /Users/mecid/Desktop/OKUL\ /projeler/NEXUS/NEXUSStudyPad
    write-file /Users/mecid/Desktop/OKUL\ /projeler/NEXUS/NEXUSStudyPad/.build/Phase2Check/Build/Intermediates.noindex/NEXUSStudyPad.build/Debug-iphonesimulator/NEXUSStudyPad.build/NEXUSStudyPad.DependencyMetadataFileList

WriteAuxiliaryFile /Users/mecid/Desktop/OKUL\ /projeler/NEXUS/NEXUSStudyPad/.build/Phase2Check/Build/Intermediates.noindex/NEXUSStudyPad.build/Debug-iphonesimulator/NEXUSStudyPad.build/NEXUSStudyPad-project-headers.hmap (in target 'NEXUSStudyPad' from project 'NEXUSStudyPad')
    cd /Users/mecid/Desktop/OKUL\ /projeler/NEXUS/NEXUSStudyPad
    write-file /Users/mecid/Desktop/OKUL\ /projeler/NEXUS/NEXUSStudyPad/.build/Phase2Check/Build/Intermediates.noindex/NEXUSStudyPad.build/Debug-iphonesimulator/NEXUSStudyPad.build/NEXUSStudyPad-project-headers.hmap

WriteAuxiliaryFile /Users/mecid/Desktop/OKUL\ /projeler/NEXUS/NEXUSStudyPad/.build/Phase2Check/Build/Intermediates.noindex/NEXUSStudyPad.build/Debug-iphonesimulator/NEXUSStudyPad.build/NEXUSStudyPad-own-target-headers.hmap (in target 'NEXUSStudyPad' from project 'NEXUSStudyPad')
    cd /Users/mecid/Desktop/OKUL\ /projeler/NEXUS/NEXUSStudyPad
    write-file /Users/mecid/Desktop/OKUL\ /projeler/NEXUS/NEXUSStudyPad/.build/Phase2Check/Build/Intermediates.noindex/NEXUSStudyPad.build/Debug-iphonesimulator/NEXUSStudyPad.build/NEXUSStudyPad-own-target-headers.hmap

WriteAuxiliaryFile /Users/mecid/Desktop/OKUL\ /projeler/NEXUS/NEXUSStudyPad/.build/Phase2Check/Build/Intermediates.noindex/NEXUSStudyPad.build/Debug-iphonesimulator/NEXUSStudyPad.build/NEXUSStudyPad-generated-files.hmap (in target 'NEXUSStudyPad' from project 'NEXUSStudyPad')
    cd /Users/mecid/Desktop/OKUL\ /projeler/NEXUS/NEXUSStudyPad
    write-file /Users/mecid/Desktop/OKUL\ /projeler/NEXUS/NEXUSStudyPad/.build/Phase2Check/Build/Intermediates.noindex/NEXUSStudyPad.build/Debug-iphonesimulator/NEXUSStudyPad.build/NEXUSStudyPad-generated-files.hmap

WriteAuxiliaryFile /Users/mecid/Desktop/OKUL\ /projeler/NEXUS/NEXUSStudyPad/.build/Phase2Check/Build/Intermediates.noindex/NEXUSStudyPad.build/Debug-iphonesimulator/NEXUSStudyPad.build/NEXUSStudyPad-all-target-headers.hmap (in target 'NEXUSStudyPad' from project 'NEXUSStudyPad')
    cd /Users/mecid/Desktop/OKUL\ /projeler/NEXUS/NEXUSStudyPad
    write-file /Users/mecid/Desktop/OKUL\ /projeler/NEXUS/NEXUSStudyPad/.build/Phase2Check/Build/Intermediates.noindex/NEXUSStudyPad.build/Debug-iphonesimulator/NEXUSStudyPad.build/NEXUSStudyPad-all-target-headers.hmap

WriteAuxiliaryFile /Users/mecid/Desktop/OKUL\ /projeler/NEXUS/NEXUSStudyPad/.build/Phase2Check/Build/Intermediates.noindex/NEXUSStudyPad.build/Debug-iphonesimulator/NEXUSStudyPad.build/NEXUSStudyPad-all-non-framework-target-headers.hmap (in target 'NEXUSStudyPad' from project 'NEXUSStudyPad')
    cd /Users/mecid/Desktop/OKUL\ /projeler/NEXUS/NEXUSStudyPad
    write-file /Users/mecid/Desktop/OKUL\ /projeler/NEXUS/NEXUSStudyPad/.build/Phase2Check/Build/Intermediates.noindex/NEXUSStudyPad.build/Debug-iphonesimulator/NEXUSStudyPad.build/NEXUSStudyPad-all-non-framework-target-headers.hmap

WriteAuxiliaryFile /Users/mecid/Desktop/OKUL\ /projeler/NEXUS/NEXUSStudyPad/.build/Phase2Check/Build/Intermediates.noindex/NEXUSStudyPad.build/Debug-iphonesimulator/NEXUSStudyPad.build/NEXUSStudyPad-DebugDylibPath-normal-x86_64.txt (in target 'NEXUSStudyPad' from project 'NEXUSStudyPad')
    cd /Users/mecid/Desktop/OKUL\ /projeler/NEXUS/NEXUSStudyPad
    write-file /Users/mecid/Desktop/OKUL\ /projeler/NEXUS/NEXUSStudyPad/.build/Phase2Check/Build/Intermediates.noindex/NEXUSStudyPad.build/Debug-iphonesimulator/NEXUSStudyPad.build/NEXUSStudyPad-DebugDylibPath-normal-x86_64.txt

WriteAuxiliaryFile /Users/mecid/Desktop/OKUL\ /projeler/NEXUS/NEXUSStudyPad/.build/Phase2Check/Build/Intermediates.noindex/NEXUSStudyPad.build/Debug-iphonesimulator/NEXUSStudyPad.build/NEXUSStudyPad-DebugDylibPath-normal-arm64.txt (in target 'NEXUSStudyPad' from project 'NEXUSStudyPad')
    cd /Users/mecid/Desktop/OKUL\ /projeler/NEXUS/NEXUSStudyPad
    write-file /Users/mecid/Desktop/OKUL\ /projeler/NEXUS/NEXUSStudyPad/.build/Phase2Check/Build/Intermediates.noindex/NEXUSStudyPad.build/Debug-iphonesimulator/NEXUSStudyPad.build/NEXUSStudyPad-DebugDylibPath-normal-arm64.txt

WriteAuxiliaryFile /Users/mecid/Desktop/OKUL\ /projeler/NEXUS/NEXUSStudyPad/.build/Phase2Check/Build/Intermediates.noindex/NEXUSStudyPad.build/Debug-iphonesimulator/NEXUSStudyPad.build/NEXUSStudyPad-DebugDylibInstallName-normal-x86_64.txt (in target 'NEXUSStudyPad' from project 'NEXUSStudyPad')
    cd /Users/mecid/Desktop/OKUL\ /projeler/NEXUS/NEXUSStudyPad
    write-file /Users/mecid/Desktop/OKUL\ /projeler/NEXUS/NEXUSStudyPad/.build/Phase2Check/Build/Intermediates.noindex/NEXUSStudyPad.build/Debug-iphonesimulator/NEXUSStudyPad.build/NEXUSStudyPad-DebugDylibInstallName-normal-x86_64.txt

WriteAuxiliaryFile /Users/mecid/Desktop/OKUL\ /projeler/NEXUS/NEXUSStudyPad/.build/Phase2Check/Build/Intermediates.noindex/NEXUSStudyPad.build/Debug-iphonesimulator/NEXUSStudyPad.build/NEXUSStudyPad-DebugDylibInstallName-normal-arm64.txt (in target 'NEXUSStudyPad' from project 'NEXUSStudyPad')
    cd /Users/mecid/Desktop/OKUL\ /projeler/NEXUS/NEXUSStudyPad
    write-file /Users/mecid/Desktop/OKUL\ /projeler/NEXUS/NEXUSStudyPad/.build/Phase2Check/Build/Intermediates.noindex/NEXUSStudyPad.build/Debug-iphonesimulator/NEXUSStudyPad.build/NEXUSStudyPad-DebugDylibInstallName-normal-arm64.txt

MkDir /Users/mecid/Desktop/OKUL\ /projeler/NEXUS/NEXUSStudyPad/.build/Phase2Check/Build/Products/Debug-iphonesimulator/NEXUSStudyPad.app (in target 'NEXUSStudyPad' from project 'NEXUSStudyPad')
    cd /Users/mecid/Desktop/OKUL\ /projeler/NEXUS/NEXUSStudyPad
    /bin/mkdir -p /Users/mecid/Desktop/OKUL\ /projeler/NEXUS/NEXUSStudyPad/.build/Phase2Check/Build/Products/Debug-iphonesimulator/NEXUSStudyPad.app

MkDir /Users/mecid/Desktop/OKUL\ /projeler/NEXUS/NEXUSStudyPad/.build/Phase2Check/Build/Intermediates.noindex/NEXUSStudyPad.build/Debug-iphonesimulator/NEXUSStudyPad.build/assetcatalog_output/thinned (in target 'NEXUSStudyPad' from project 'NEXUSStudyPad')
    cd /Users/mecid/Desktop/OKUL\ /projeler/NEXUS/NEXUSStudyPad
    /bin/mkdir -p /Users/mecid/Desktop/OKUL\ /projeler/NEXUS/NEXUSStudyPad/.build/Phase2Check/Build/Intermediates.noindex/NEXUSStudyPad.build/Debug-iphonesimulator/NEXUSStudyPad.build/assetcatalog_output/thinned

MkDir /Users/mecid/Desktop/OKUL\ /projeler/NEXUS/NEXUSStudyPad/.build/Phase2Check/Build/Intermediates.noindex/NEXUSStudyPad.build/Debug-iphonesimulator/NEXUSStudyPad.build/assetcatalog_output/unthinned (in target 'NEXUSStudyPad' from project 'NEXUSStudyPad')
    cd /Users/mecid/Desktop/OKUL\ /projeler/NEXUS/NEXUSStudyPad
    /bin/mkdir -p /Users/mecid/Desktop/OKUL\ /projeler/NEXUS/NEXUSStudyPad/.build/Phase2Check/Build/Intermediates.noindex/NEXUSStudyPad.build/Debug-iphonesimulator/NEXUSStudyPad.build/assetcatalog_output/unthinned

Ld /Users/mecid/Desktop/OKUL\ /projeler/NEXUS/NEXUSStudyPad/.build/Phase2Check/Build/Intermediates.noindex/NEXUSStudyPad.build/Debug-iphonesimulator/NEXUSStudyPad.build/Objects-normal/x86_64/Binary/__preview.dylib normal x86_64 (in target 'NEXUSStudyPad' from project 'NEXUSStudyPad')
    cd /Users/mecid/Desktop/OKUL\ /projeler/NEXUS/NEXUSStudyPad
    /Applications/Xcode.app/Contents/Developer/Toolchains/XcodeDefault.xctoolchain/usr/bin/clang -Xlinker -reproducible -target x86_64-apple-ios17.0-simulator -dynamiclib -isysroot /Applications/Xcode.app/Contents/Developer/Platforms/iPhoneSimulator.platform/Developer/SDKs/iPhoneSimulator26.5.sdk -Os -L/Users/mecid/Desktop/OKUL\ /projeler/NEXUS/NEXUSStudyPad/.build/Phase2Check/Build/Products/Debug-iphonesimulator -F/Users/mecid/Desktop/OKUL\ /projeler/NEXUS/NEXUSStudyPad/.build/Phase2Check/Build/Products/Debug-iphonesimulator -install_name @rpath/NEXUSStudyPad.debug.dylib -Xlinker -dead_strip -rdynamic -Xlinker -objc_abi_version -Xlinker 2 -Xlinker -dependency_info -Xlinker /Users/mecid/Desktop/OKUL\ /projeler/NEXUS/NEXUSStudyPad/.build/Phase2Check/Build/Intermediates.noindex/NEXUSStudyPad.build/Debug-iphonesimulator/NEXUSStudyPad.build/Objects-normal/x86_64/NEXUSStudyPad_dependency_info.dat -o /Users/mecid/Desktop/OKUL\ /projeler/NEXUS/NEXUSStudyPad/.build/Phase2Check/Build/Intermediates.noindex/NEXUSStudyPad.build/Debug-iphonesimulator/NEXUSStudyPad.build/Objects-normal/x86_64/Binary/__preview.dylib

Ld /Users/mecid/Desktop/OKUL\ /projeler/NEXUS/NEXUSStudyPad/.build/Phase2Check/Build/Intermediates.noindex/NEXUSStudyPad.build/Debug-iphonesimulator/NEXUSStudyPad.build/Objects-normal/arm64/Binary/__preview.dylib normal arm64 (in target 'NEXUSStudyPad' from project 'NEXUSStudyPad')
    cd /Users/mecid/Desktop/OKUL\ /projeler/NEXUS/NEXUSStudyPad
    /Applications/Xcode.app/Contents/Developer/Toolchains/XcodeDefault.xctoolchain/usr/bin/clang -Xlinker -reproducible -target arm64-apple-ios17.0-simulator -dynamiclib -isysroot /Applications/Xcode.app/Contents/Developer/Platforms/iPhoneSimulator.platform/Developer/SDKs/iPhoneSimulator26.5.sdk -Os -L/Users/mecid/Desktop/OKUL\ /projeler/NEXUS/NEXUSStudyPad/.build/Phase2Check/Build/Products/Debug-iphonesimulator -F/Users/mecid/Desktop/OKUL\ /projeler/NEXUS/NEXUSStudyPad/.build/Phase2Check/Build/Products/Debug-iphonesimulator -install_name @rpath/NEXUSStudyPad.debug.dylib -Xlinker -dead_strip -rdynamic -Xlinker -objc_abi_version -Xlinker 2 -Xlinker -dependency_info -Xlinker /Users/mecid/Desktop/OKUL\ /projeler/NEXUS/NEXUSStudyPad/.build/Phase2Check/Build/Intermediates.noindex/NEXUSStudyPad.build/Debug-iphonesimulator/NEXUSStudyPad.build/Objects-normal/arm64/NEXUSStudyPad_dependency_info.dat -o /Users/mecid/Desktop/OKUL\ /projeler/NEXUS/NEXUSStudyPad/.build/Phase2Check/Build/Intermediates.noindex/NEXUSStudyPad.build/Debug-iphonesimulator/NEXUSStudyPad.build/Objects-normal/arm64/Binary/__preview.dylib

CompileXCStrings /Users/mecid/Desktop/OKUL\ /projeler/NEXUS/NEXUSStudyPad/.build/Phase2Check/Build/Intermediates.noindex/NEXUSStudyPad.build/Debug-iphonesimulator/NEXUSStudyPad.build/ /Users/mecid/Desktop/OKUL\ /projeler/NEXUS/NEXUSStudyPad/NEXUSStudyPad/Resources/Localizable.xcstrings (in target 'NEXUSStudyPad' from project 'NEXUSStudyPad')
    cd /Users/mecid/Desktop/OKUL\ /projeler/NEXUS/NEXUSStudyPad
    /Applications/Xcode.app/Contents/Developer/usr/bin/xcstringstool compile --output-directory /Users/mecid/Desktop/OKUL\ /projeler/NEXUS/NEXUSStudyPad/.build/Phase2Check/Build/Intermediates.noindex/NEXUSStudyPad.build/Debug-iphonesimulator/NEXUSStudyPad.build /Users/mecid/Desktop/OKUL\ /projeler/NEXUS/NEXUSStudyPad/NEXUSStudyPad/Resources/Localizable.xcstrings

GenerateAssetSymbols /Users/mecid/Desktop/OKUL\ /projeler/NEXUS/NEXUSStudyPad/NEXUSStudyPad/Resources/Assets.xcassets (in target 'NEXUSStudyPad' from project 'NEXUSStudyPad')
    cd /Users/mecid/Desktop/OKUL\ /projeler/NEXUS/NEXUSStudyPad
    /Applications/Xcode.app/Contents/Developer/usr/bin/actool /Users/mecid/Desktop/OKUL\ /projeler/NEXUS/NEXUSStudyPad/NEXUSStudyPad/Resources/Assets.xcassets --compile /Users/mecid/Desktop/OKUL\ /projeler/NEXUS/NEXUSStudyPad/.build/Phase2Check/Build/Products/Debug-iphonesimulator/NEXUSStudyPad.app --output-format human-readable-text --notices --warnings --export-dependency-info /Users/mecid/Desktop/OKUL\ /projeler/NEXUS/NEXUSStudyPad/.build/Phase2Check/Build/Intermediates.noindex/NEXUSStudyPad.build/Debug-iphonesimulator/NEXUSStudyPad.build/assetcatalog_dependencies --output-partial-info-plist /Users/mecid/Desktop/OKUL\ /projeler/NEXUS/NEXUSStudyPad/.build/Phase2Check/Build/Intermediates.noindex/NEXUSStudyPad.build/Debug-iphonesimulator/NEXUSStudyPad.build/assetcatalog_generated_info.plist --app-icon AppIcon --accent-color AccentColor --compress-pngs --enable-on-demand-resources YES --development-region tr --target-device ipad --minimum-deployment-target 17.0 --platform iphonesimulator --bundle-identifier com.nexus.studypad --generate-swift-asset-symbol-extensions NO --generate-swift-asset-symbols /Users/mecid/Desktop/OKUL\ /projeler/NEXUS/NEXUSStudyPad/.build/Phase2Check/Build/Intermediates.noindex/NEXUSStudyPad.build/Debug-iphonesimulator/NEXUSStudyPad.build/DerivedSources/GeneratedAssetSymbols.swift --generate-objc-asset-symbols /Users/mecid/Desktop/OKUL\ /projeler/NEXUS/NEXUSStudyPad/.build/Phase2Check/Build/Intermediates.noindex/NEXUSStudyPad.build/Debug-iphonesimulator/NEXUSStudyPad.build/DerivedSources/GeneratedAssetSymbols.h --generate-asset-symbol-index /Users/mecid/Desktop/OKUL\ /projeler/NEXUS/NEXUSStudyPad/.build/Phase2Check/Build/Intermediates.noindex/NEXUSStudyPad.build/Debug-iphonesimulator/NEXUSStudyPad.build/DerivedSources/GeneratedAssetSymbols-Index.plist
/* com.apple.actool.compilation-results */
/Users/mecid/Desktop/OKUL /projeler/NEXUS/NEXUSStudyPad/.build/Phase2Check/Build/Intermediates.noindex/NEXUSStudyPad.build/Debug-iphonesimulator/NEXUSStudyPad.build/DerivedSources/GeneratedAssetSymbols-Index.plist
/Users/mecid/Desktop/OKUL /projeler/NEXUS/NEXUSStudyPad/.build/Phase2Check/Build/Intermediates.noindex/NEXUSStudyPad.build/Debug-iphonesimulator/NEXUSStudyPad.build/DerivedSources/GeneratedAssetSymbols.h
/Users/mecid/Desktop/OKUL /projeler/NEXUS/NEXUSStudyPad/.build/Phase2Check/Build/Intermediates.noindex/NEXUSStudyPad.build/Debug-iphonesimulator/NEXUSStudyPad.build/DerivedSources/GeneratedAssetSymbols.swift


CompileAssetCatalogVariant thinned /Users/mecid/Desktop/OKUL\ /projeler/NEXUS/NEXUSStudyPad/.build/Phase2Check/Build/Products/Debug-iphonesimulator/NEXUSStudyPad.app /Users/mecid/Desktop/OKUL\ /projeler/NEXUS/NEXUSStudyPad/NEXUSStudyPad/Resources/Assets.xcassets (in target 'NEXUSStudyPad' from project 'NEXUSStudyPad')
    cd /Users/mecid/Desktop/OKUL\ /projeler/NEXUS/NEXUSStudyPad
    /Applications/Xcode.app/Contents/Developer/usr/bin/actool /Users/mecid/Desktop/OKUL\ /projeler/NEXUS/NEXUSStudyPad/NEXUSStudyPad/Resources/Assets.xcassets --compile /Users/mecid/Desktop/OKUL\ /projeler/NEXUS/NEXUSStudyPad/.build/Phase2Check/Build/Intermediates.noindex/NEXUSStudyPad.build/Debug-iphonesimulator/NEXUSStudyPad.build/assetcatalog_output/thinned --output-format human-readable-text --notices --warnings --export-dependency-info /Users/mecid/Desktop/OKUL\ /projeler/NEXUS/NEXUSStudyPad/.build/Phase2Check/Build/Intermediates.noindex/NEXUSStudyPad.build/Debug-iphonesimulator/NEXUSStudyPad.build/assetcatalog_dependencies_thinned --output-partial-info-plist /Users/mecid/Desktop/OKUL\ /projeler/NEXUS/NEXUSStudyPad/.build/Phase2Check/Build/Intermediates.noindex/NEXUSStudyPad.build/Debug-iphonesimulator/NEXUSStudyPad.build/assetcatalog_generated_info.plist_thinned --app-icon AppIcon --accent-color AccentColor --compress-pngs --enable-on-demand-resources YES --development-region tr --target-device ipad --minimum-deployment-target 17.0 --platform iphonesimulator
/* com.apple.actool.compilation-results */
/Users/mecid/Desktop/OKUL /projeler/NEXUS/NEXUSStudyPad/.build/Phase2Check/Build/Intermediates.noindex/NEXUSStudyPad.build/Debug-iphonesimulator/NEXUSStudyPad.build/assetcatalog_generated_info.plist_thinned
/Users/mecid/Desktop/OKUL /projeler/NEXUS/NEXUSStudyPad/.build/Phase2Check/Build/Intermediates.noindex/NEXUSStudyPad.build/Debug-iphonesimulator/NEXUSStudyPad.build/assetcatalog_output/thinned/AppIcon60x60@2x.png
/Users/mecid/Desktop/OKUL /projeler/NEXUS/NEXUSStudyPad/.build/Phase2Check/Build/Intermediates.noindex/NEXUSStudyPad.build/Debug-iphonesimulator/NEXUSStudyPad.build/assetcatalog_output/thinned/AppIcon76x76@2x~ipad.png
/Users/mecid/Desktop/OKUL /projeler/NEXUS/NEXUSStudyPad/.build/Phase2Check/Build/Intermediates.noindex/NEXUSStudyPad.build/Debug-iphonesimulator/NEXUSStudyPad.build/assetcatalog_output/thinned/Assets.car


CopyStringsFile /Users/mecid/Desktop/OKUL\ /projeler/NEXUS/NEXUSStudyPad/.build/Phase2Check/Build/Products/Debug-iphonesimulator/NEXUSStudyPad.app/ar.lproj/Localizable.strings /Users/mecid/Desktop/OKUL\ /projeler/NEXUS/NEXUSStudyPad/.build/Phase2Check/Build/Intermediates.noindex/NEXUSStudyPad.build/Debug-iphonesimulator/NEXUSStudyPad.build/ar.lproj/Localizable.strings (in target 'NEXUSStudyPad' from project 'NEXUSStudyPad')
    cd /Users/mecid/Desktop/OKUL\ /projeler/NEXUS/NEXUSStudyPad
    builtin-copyStrings --validate --outputencoding binary --outfilename Localizable.strings --outdir /Users/mecid/Desktop/OKUL\ /projeler/NEXUS/NEXUSStudyPad/.build/Phase2Check/Build/Products/Debug-iphonesimulator/NEXUSStudyPad.app/ar.lproj -- /Users/mecid/Desktop/OKUL\ /projeler/NEXUS/NEXUSStudyPad/.build/Phase2Check/Build/Intermediates.noindex/NEXUSStudyPad.build/Debug-iphonesimulator/NEXUSStudyPad.build/ar.lproj/Localizable.strings
/Users/mecid/Desktop/OKUL /projeler/NEXUS/NEXUSStudyPad/.build/Phase2Check/Build/Intermediates.noindex/NEXUSStudyPad.build/Debug-iphonesimulator/NEXUSStudyPad.build/ar.lproj/Localizable.strings:1:1: note: detected encoding of input file as Unicode (UTF-8) (in target 'NEXUSStudyPad' from project 'NEXUSStudyPad')

CopyStringsFile /Users/mecid/Desktop/OKUL\ /projeler/NEXUS/NEXUSStudyPad/.build/Phase2Check/Build/Products/Debug-iphonesimulator/NEXUSStudyPad.app/en.lproj/Localizable.strings /Users/mecid/Desktop/OKUL\ /projeler/NEXUS/NEXUSStudyPad/.build/Phase2Check/Build/Intermediates.noindex/NEXUSStudyPad.build/Debug-iphonesimulator/NEXUSStudyPad.build/en.lproj/Localizable.strings (in target 'NEXUSStudyPad' from project 'NEXUSStudyPad')
    cd /Users/mecid/Desktop/OKUL\ /projeler/NEXUS/NEXUSStudyPad
    builtin-copyStrings --validate --outputencoding binary --outfilename Localizable.strings --outdir /Users/mecid/Desktop/OKUL\ /projeler/NEXUS/NEXUSStudyPad/.build/Phase2Check/Build/Products/Debug-iphonesimulator/NEXUSStudyPad.app/en.lproj -- /Users/mecid/Desktop/OKUL\ /projeler/NEXUS/NEXUSStudyPad/.build/Phase2Check/Build/Intermediates.noindex/NEXUSStudyPad.build/Debug-iphonesimulator/NEXUSStudyPad.build/en.lproj/Localizable.strings
/Users/mecid/Desktop/OKUL /projeler/NEXUS/NEXUSStudyPad/.build/Phase2Check/Build/Intermediates.noindex/NEXUSStudyPad.build/Debug-iphonesimulator/NEXUSStudyPad.build/en.lproj/Localizable.strings:1:1: note: detected encoding of input file as Unicode (UTF-8) (in target 'NEXUSStudyPad' from project 'NEXUSStudyPad')

CreateUniversalBinary /Users/mecid/Desktop/OKUL\ /projeler/NEXUS/NEXUSStudyPad/.build/Phase2Check/Build/Products/Debug-iphonesimulator/NEXUSStudyPad.app/__preview.dylib normal arm64\ x86_64 (in target 'NEXUSStudyPad' from project 'NEXUSStudyPad')
    cd /Users/mecid/Desktop/OKUL\ /projeler/NEXUS/NEXUSStudyPad
    /Applications/Xcode.app/Contents/Developer/Toolchains/XcodeDefault.xctoolchain/usr/bin/lipo -create /Users/mecid/Desktop/OKUL\ /projeler/NEXUS/NEXUSStudyPad/.build/Phase2Check/Build/Intermediates.noindex/NEXUSStudyPad.build/Debug-iphonesimulator/NEXUSStudyPad.build/Objects-normal/arm64/Binary/__preview.dylib /Users/mecid/Desktop/OKUL\ /projeler/NEXUS/NEXUSStudyPad/.build/Phase2Check/Build/Intermediates.noindex/NEXUSStudyPad.build/Debug-iphonesimulator/NEXUSStudyPad.build/Objects-normal/x86_64/Binary/__preview.dylib -output /Users/mecid/Desktop/OKUL\ /projeler/NEXUS/NEXUSStudyPad/.build/Phase2Check/Build/Products/Debug-iphonesimulator/NEXUSStudyPad.app/__preview.dylib

SwiftDriver NEXUSStudyPad normal arm64 com.apple.xcode.tools.swift.compiler (in target 'NEXUSStudyPad' from project 'NEXUSStudyPad')
    cd /Users/mecid/Desktop/OKUL\ /projeler/NEXUS/NEXUSStudyPad
    builtin-SwiftDriver -- /Applications/Xcode.app/Contents/Developer/Toolchains/XcodeDefault.xctoolchain/usr/bin/swiftc -module-name NEXUSStudyPad -Onone @/Users/mecid/Desktop/OKUL\ /projeler/NEXUS/NEXUSStudyPad/.build/Phase2Check/Build/Intermediates.noindex/NEXUSStudyPad.build/Debug-iphonesimulator/NEXUSStudyPad.build/Objects-normal/arm64/NEXUSStudyPad.SwiftFileList -DDEBUG -strict-concurrency\=targeted -enable-bare-slash-regex -enable-experimental-feature DebugDescriptionMacro -sdk /Applications/Xcode.app/Contents/Developer/Platforms/iPhoneSimulator.platform/Developer/SDKs/iPhoneSimulator26.5.sdk -target arm64-apple-ios17.0-simulator -g -module-cache-path /Users/mecid/Desktop/OKUL\ /projeler/NEXUS/NEXUSStudyPad/.build/Phase2Check/ModuleCache.noindex -Xfrontend -serialize-debugging-options -enable-testing -index-store-path /Users/mecid/Desktop/OKUL\ /projeler/NEXUS/NEXUSStudyPad/.build/Phase2Check/Index.noindex/DataStore -swift-version 5 -I /Users/mecid/Desktop/OKUL\ /projeler/NEXUS/NEXUSStudyPad/.build/Phase2Check/Build/Products/Debug-iphonesimulator -F /Users/mecid/Desktop/OKUL\ /projeler/NEXUS/NEXUSStudyPad/.build/Phase2Check/Build/Products/Debug-iphonesimulator -emit-localized-strings -emit-localized-strings-path /Users/mecid/Desktop/OKUL\ /projeler/NEXUS/NEXUSStudyPad/.build/Phase2Check/Build/Intermediates.noindex/NEXUSStudyPad.build/Debug-iphonesimulator/NEXUSStudyPad.build/Objects-normal/arm64 -c -j11 -enable-batch-mode -incremental -Xcc -ivfsstatcache -Xcc /Users/mecid/Desktop/OKUL\ /projeler/NEXUS/NEXUSStudyPad/.build/Phase2Check/SDKStatCaches.noindex/iphonesimulator26.5-23F81a-6cfe768891a92b912361537c460fe42b.sdkstatcache -output-file-map /Users/mecid/Desktop/OKUL\ /projeler/NEXUS/NEXUSStudyPad/.build/Phase2Check/Build/Intermediates.noindex/NEXUSStudyPad.build/Debug-iphonesimulator/NEXUSStudyPad.build/Objects-normal/arm64/NEXUSStudyPad-OutputFileMap.json -use-frontend-parseable-output -save-temps -no-color-diagnostics -explicit-module-build -module-cache-path /Users/mecid/Desktop/OKUL\ /projeler/NEXUS/NEXUSStudyPad/.build/Phase2Check/Build/Intermediates.noindex/SwiftExplicitPrecompiledModules -clang-scanner-module-cache-path /Users/mecid/Desktop/OKUL\ /projeler/NEXUS/NEXUSStudyPad/.build/Phase2Check/ModuleCache.noindex -sdk-module-cache-path /Users/mecid/Desktop/OKUL\ /projeler/NEXUS/NEXUSStudyPad/.build/Phase2Check/ModuleCache.noindex -serialize-diagnostics -emit-dependencies -emit-module -emit-module-path /Users/mecid/Desktop/OKUL\ /projeler/NEXUS/NEXUSStudyPad/.build/Phase2Check/Build/Intermediates.noindex/NEXUSStudyPad.build/Debug-iphonesimulator/NEXUSStudyPad.build/Objects-normal/arm64/NEXUSStudyPad.swiftmodule -validate-clang-modules-once -clang-build-session-file /Users/mecid/Desktop/OKUL\ /projeler/NEXUS/NEXUSStudyPad/.build/Phase2Check/ModuleCache.noindex/Session.modulevalidation -Xcc -I/Users/mecid/Desktop/OKUL\ /projeler/NEXUS/NEXUSStudyPad/.build/Phase2Check/Build/Intermediates.noindex/NEXUSStudyPad.build/Debug-iphonesimulator/NEXUSStudyPad.build/swift-overrides.hmap -emit-const-values -Xfrontend -const-gather-protocols-file -Xfrontend /Users/mecid/Desktop/OKUL\ /projeler/NEXUS/NEXUSStudyPad/.build/Phase2Check/Build/Intermediates.noindex/NEXUSStudyPad.build/Debug-iphonesimulator/NEXUSStudyPad.build/Objects-normal/arm64/NEXUSStudyPad_const_extract_protocols.json -Xcc -iquote -Xcc /Users/mecid/Desktop/OKUL\ /projeler/NEXUS/NEXUSStudyPad/.build/Phase2Check/Build/Intermediates.noindex/NEXUSStudyPad.build/Debug-iphonesimulator/NEXUSStudyPad.build/NEXUSStudyPad-generated-files.hmap -Xcc -I/Users/mecid/Desktop/OKUL\ /projeler/NEXUS/NEXUSStudyPad/.build/Phase2Check/Build/Intermediates.noindex/NEXUSStudyPad.build/Debug-iphonesimulator/NEXUSStudyPad.build/NEXUSStudyPad-own-target-headers.hmap -Xcc -I/Users/mecid/Desktop/OKUL\ /projeler/NEXUS/NEXUSStudyPad/.build/Phase2Check/Build/Intermediates.noindex/NEXUSStudyPad.build/Debug-iphonesimulator/NEXUSStudyPad.build/NEXUSStudyPad-all-target-headers.hmap -Xcc -iquote -Xcc /Users/mecid/Desktop/OKUL\ /projeler/NEXUS/NEXUSStudyPad/.build/Phase2Check/Build/Intermediates.noindex/NEXUSStudyPad.build/Debug-iphonesimulator/NEXUSStudyPad.build/NEXUSStudyPad-project-headers.hmap -Xcc -I/Users/mecid/Desktop/OKUL\ /projeler/NEXUS/NEXUSStudyPad/.build/Phase2Check/Build/Products/Debug-iphonesimulator/include -Xcc -I/Users/mecid/Desktop/OKUL\ /projeler/NEXUS/NEXUSStudyPad/.build/Phase2Check/Build/Intermediates.noindex/NEXUSStudyPad.build/Debug-iphonesimulator/NEXUSStudyPad.build/DerivedSources-normal/arm64 -Xcc -I/Users/mecid/Desktop/OKUL\ /projeler/NEXUS/NEXUSStudyPad/.build/Phase2Check/Build/Intermediates.noindex/NEXUSStudyPad.build/Debug-iphonesimulator/NEXUSStudyPad.build/DerivedSources/arm64 -Xcc -I/Users/mecid/Desktop/OKUL\ /projeler/NEXUS/NEXUSStudyPad/.build/Phase2Check/Build/Intermediates.noindex/NEXUSStudyPad.build/Debug-iphonesimulator/NEXUSStudyPad.build/DerivedSources -emit-objc-header -emit-objc-header-path /Users/mecid/Desktop/OKUL\ /projeler/NEXUS/NEXUSStudyPad/.build/Phase2Check/Build/Intermediates.noindex/NEXUSStudyPad.build/Debug-iphonesimulator/NEXUSStudyPad.build/Objects-normal/arm64/NEXUSStudyPad-Swift.h -working-directory /Users/mecid/Desktop/OKUL\ /projeler/NEXUS/NEXUSStudyPad -experimental-emit-module-separately -disable-cmo

SwiftDriver NEXUSStudyPad normal x86_64 com.apple.xcode.tools.swift.compiler (in target 'NEXUSStudyPad' from project 'NEXUSStudyPad')
    cd /Users/mecid/Desktop/OKUL\ /projeler/NEXUS/NEXUSStudyPad
    builtin-SwiftDriver -- /Applications/Xcode.app/Contents/Developer/Toolchains/XcodeDefault.xctoolchain/usr/bin/swiftc -module-name NEXUSStudyPad -Onone @/Users/mecid/Desktop/OKUL\ /projeler/NEXUS/NEXUSStudyPad/.build/Phase2Check/Build/Intermediates.noindex/NEXUSStudyPad.build/Debug-iphonesimulator/NEXUSStudyPad.build/Objects-normal/x86_64/NEXUSStudyPad.SwiftFileList -DDEBUG -strict-concurrency\=targeted -enable-bare-slash-regex -enable-experimental-feature DebugDescriptionMacro -sdk /Applications/Xcode.app/Contents/Developer/Platforms/iPhoneSimulator.platform/Developer/SDKs/iPhoneSimulator26.5.sdk -target x86_64-apple-ios17.0-simulator -g -module-cache-path /Users/mecid/Desktop/OKUL\ /projeler/NEXUS/NEXUSStudyPad/.build/Phase2Check/ModuleCache.noindex -Xfrontend -serialize-debugging-options -enable-testing -index-store-path /Users/mecid/Desktop/OKUL\ /projeler/NEXUS/NEXUSStudyPad/.build/Phase2Check/Index.noindex/DataStore -swift-version 5 -I /Users/mecid/Desktop/OKUL\ /projeler/NEXUS/NEXUSStudyPad/.build/Phase2Check/Build/Products/Debug-iphonesimulator -F /Users/mecid/Desktop/OKUL\ /projeler/NEXUS/NEXUSStudyPad/.build/Phase2Check/Build/Products/Debug-iphonesimulator -emit-localized-strings -emit-localized-strings-path /Users/mecid/Desktop/OKUL\ /projeler/NEXUS/NEXUSStudyPad/.build/Phase2Check/Build/Intermediates.noindex/NEXUSStudyPad.build/Debug-iphonesimulator/NEXUSStudyPad.build/Objects-normal/x86_64 -c -j11 -enable-batch-mode -incremental -Xcc -ivfsstatcache -Xcc /Users/mecid/Desktop/OKUL\ /projeler/NEXUS/NEXUSStudyPad/.build/Phase2Check/SDKStatCaches.noindex/iphonesimulator26.5-23F81a-6cfe768891a92b912361537c460fe42b.sdkstatcache -output-file-map /Users/mecid/Desktop/OKUL\ /projeler/NEXUS/NEXUSStudyPad/.build/Phase2Check/Build/Intermediates.noindex/NEXUSStudyPad.build/Debug-iphonesimulator/NEXUSStudyPad.build/Objects-normal/x86_64/NEXUSStudyPad-OutputFileMap.json -use-frontend-parseable-output -save-temps -no-color-diagnostics -explicit-module-build -module-cache-path /Users/mecid/Desktop/OKUL\ /projeler/NEXUS/NEXUSStudyPad/.build/Phase2Check/Build/Intermediates.noindex/SwiftExplicitPrecompiledModules -clang-scanner-module-cache-path /Users/mecid/Desktop/OKUL\ /projeler/NEXUS/NEXUSStudyPad/.build/Phase2Check/ModuleCache.noindex -sdk-module-cache-path /Users/mecid/Desktop/OKUL\ /projeler/NEXUS/NEXUSStudyPad/.build/Phase2Check/ModuleCache.noindex -serialize-diagnostics -emit-dependencies -emit-module -emit-module-path /Users/mecid/Desktop/OKUL\ /projeler/NEXUS/NEXUSStudyPad/.build/Phase2Check/Build/Intermediates.noindex/NEXUSStudyPad.build/Debug-iphonesimulator/NEXUSStudyPad.build/Objects-normal/x86_64/NEXUSStudyPad.swiftmodule -validate-clang-modules-once -clang-build-session-file /Users/mecid/Desktop/OKUL\ /projeler/NEXUS/NEXUSStudyPad/.build/Phase2Check/ModuleCache.noindex/Session.modulevalidation -Xcc -I/Users/mecid/Desktop/OKUL\ /projeler/NEXUS/NEXUSStudyPad/.build/Phase2Check/Build/Intermediates.noindex/NEXUSStudyPad.build/Debug-iphonesimulator/NEXUSStudyPad.build/swift-overrides.hmap -emit-const-values -Xfrontend -const-gather-protocols-file -Xfrontend /Users/mecid/Desktop/OKUL\ /projeler/NEXUS/NEXUSStudyPad/.build/Phase2Check/Build/Intermediates.noindex/NEXUSStudyPad.build/Debug-iphonesimulator/NEXUSStudyPad.build/Objects-normal/x86_64/NEXUSStudyPad_const_extract_protocols.json -Xcc -iquote -Xcc /Users/mecid/Desktop/OKUL\ /projeler/NEXUS/NEXUSStudyPad/.build/Phase2Check/Build/Intermediates.noindex/NEXUSStudyPad.build/Debug-iphonesimulator/NEXUSStudyPad.build/NEXUSStudyPad-generated-files.hmap -Xcc -I/Users/mecid/Desktop/OKUL\ /projeler/NEXUS/NEXUSStudyPad/.build/Phase2Check/Build/Intermediates.noindex/NEXUSStudyPad.build/Debug-iphonesimulator/NEXUSStudyPad.build/NEXUSStudyPad-own-target-headers.hmap -Xcc -I/Users/mecid/Desktop/OKUL\ /projeler/NEXUS/NEXUSStudyPad/.build/Phase2Check/Build/Intermediates.noindex/NEXUSStudyPad.build/Debug-iphonesimulator/NEXUSStudyPad.build/NEXUSStudyPad-all-target-headers.hmap -Xcc -iquote -Xcc /Users/mecid/Desktop/OKUL\ /projeler/NEXUS/NEXUSStudyPad/.build/Phase2Check/Build/Intermediates.noindex/NEXUSStudyPad.build/Debug-iphonesimulator/NEXUSStudyPad.build/NEXUSStudyPad-project-headers.hmap -Xcc -I/Users/mecid/Desktop/OKUL\ /projeler/NEXUS/NEXUSStudyPad/.build/Phase2Check/Build/Products/Debug-iphonesimulator/include -Xcc -I/Users/mecid/Desktop/OKUL\ /projeler/NEXUS/NEXUSStudyPad/.build/Phase2Check/Build/Intermediates.noindex/NEXUSStudyPad.build/Debug-iphonesimulator/NEXUSStudyPad.build/DerivedSources-normal/x86_64 -Xcc -I/Users/mecid/Desktop/OKUL\ /projeler/NEXUS/NEXUSStudyPad/.build/Phase2Check/Build/Intermediates.noindex/NEXUSStudyPad.build/Debug-iphonesimulator/NEXUSStudyPad.build/DerivedSources/x86_64 -Xcc -I/Users/mecid/Desktop/OKUL\ /projeler/NEXUS/NEXUSStudyPad/.build/Phase2Check/Build/Intermediates.noindex/NEXUSStudyPad.build/Debug-iphonesimulator/NEXUSStudyPad.build/DerivedSources -emit-objc-header -emit-objc-header-path /Users/mecid/Desktop/OKUL\ /projeler/NEXUS/NEXUSStudyPad/.build/Phase2Check/Build/Intermediates.noindex/NEXUSStudyPad.build/Debug-iphonesimulator/NEXUSStudyPad.build/Objects-normal/x86_64/NEXUSStudyPad-Swift.h -working-directory /Users/mecid/Desktop/OKUL\ /projeler/NEXUS/NEXUSStudyPad -experimental-emit-module-separately -disable-cmo

SwiftExplicitDependencyGeneratePcm x86_64 /Users/mecid/Desktop/OKUL\ /projeler/NEXUS/NEXUSStudyPad/.build/Phase2Check/ModuleCache.noindex/ptrcheck-2IB5UVXIADCAAV7M2AC2UBP1Q.pcm

SwiftExplicitDependencyGeneratePcm x86_64 /Users/mecid/Desktop/OKUL\ /projeler/NEXUS/NEXUSStudyPad/.build/Phase2Check/ModuleCache.noindex/_Builtin_stddef-D98N1KJZGYQD1798DN3BO0LGL.pcm

SwiftExplicitDependencyGeneratePcm x86_64 /Users/mecid/Desktop/OKUL\ /projeler/NEXUS/NEXUSStudyPad/.build/Phase2Check/ModuleCache.noindex/DeveloperToolsSupport-DBR6D6RLV3YB5ND2OBUEQU7L4.pcm

SwiftExplicitDependencyGeneratePcm x86_64 /Users/mecid/Desktop/OKUL\ /projeler/NEXUS/NEXUSStudyPad/.build/Phase2Check/ModuleCache.noindex/_Builtin_stdbool-3RCBU1HLZCMT2XLHHAQ3PCG39.pcm

SwiftExplicitDependencyGeneratePcm x86_64 /Users/mecid/Desktop/OKUL\ /projeler/NEXUS/NEXUSStudyPad/.build/Phase2Check/ModuleCache.noindex/_Builtin_float-6CZULUMAXPUADAU2YPGZE0BMZ.pcm

SwiftExplicitDependencyGeneratePcm x86_64 /Users/mecid/Desktop/OKUL\ /projeler/NEXUS/NEXUSStudyPad/.build/Phase2Check/ModuleCache.noindex/_SwiftConcurrencyShims-5F61TXPJO3S1MG6Z8KCGV5IT7.pcm

SwiftExplicitDependencyGeneratePcm x86_64 /Users/mecid/Desktop/OKUL\ /projeler/NEXUS/NEXUSStudyPad/.build/Phase2Check/ModuleCache.noindex/SwiftShims-CGLIRT9CX97MEI7U4MD0Q5G11.pcm

SwiftExplicitDependencyGeneratePcm x86_64 /Users/mecid/Desktop/OKUL\ /projeler/NEXUS/NEXUSStudyPad/.build/Phase2Check/ModuleCache.noindex/_Builtin_stdarg-AUP9ETKZIH48JNFOSPGCC24HN.pcm

SwiftExplicitDependencyGeneratePcm x86_64 /Users/mecid/Desktop/OKUL\ /projeler/NEXUS/NEXUSStudyPad/.build/Phase2Check/ModuleCache.noindex/ptrauth-DMZOLDQM3MIBABN7Q8V7IJZ8R.pcm

SwiftExplicitDependencyGeneratePcm x86_64 /Users/mecid/Desktop/OKUL\ /projeler/NEXUS/NEXUSStudyPad/.build/Phase2Check/ModuleCache.noindex/_AvailabilityInternal-DW0246U7WUHQO6PM7X5SF1IDX.pcm

SwiftExplicitDependencyGeneratePcm arm64 /Users/mecid/Desktop/OKUL\ /projeler/NEXUS/NEXUSStudyPad/.build/Phase2Check/ModuleCache.noindex/_Builtin_stdarg-43ONCJMZ5PG94Z911P2NR0AVP.pcm

SwiftExplicitDependencyGeneratePcm arm64 /Users/mecid/Desktop/OKUL\ /projeler/NEXUS/NEXUSStudyPad/.build/Phase2Check/ModuleCache.noindex/ptrauth-79H2CHF46KEP0JXK0RSGFA3PV.pcm

SwiftExplicitDependencyGeneratePcm arm64 /Users/mecid/Desktop/OKUL\ /projeler/NEXUS/NEXUSStudyPad/.build/Phase2Check/ModuleCache.noindex/ptrcheck-BM7J2Z9I4J3XATZ3JDUUSXT3P.pcm

SwiftExplicitDependencyGeneratePcm arm64 /Users/mecid/Desktop/OKUL\ /projeler/NEXUS/NEXUSStudyPad/.build/Phase2Check/ModuleCache.noindex/_Builtin_stdbool-2VLZ9GTYSM4BJH05U5I22G5AP.pcm

SwiftExplicitDependencyGeneratePcm arm64 /Users/mecid/Desktop/OKUL\ /projeler/NEXUS/NEXUSStudyPad/.build/Phase2Check/ModuleCache.noindex/_Builtin_float-CJ6A0OUT37DZUPVY132SGQE6C.pcm

SwiftExplicitDependencyGeneratePcm arm64 /Users/mecid/Desktop/OKUL\ /projeler/NEXUS/NEXUSStudyPad/.build/Phase2Check/ModuleCache.noindex/SwiftShims-5AKVFIBL7XXQ40T5HH0NF2EL4.pcm

SwiftExplicitDependencyGeneratePcm arm64 /Users/mecid/Desktop/OKUL\ /projeler/NEXUS/NEXUSStudyPad/.build/Phase2Check/ModuleCache.noindex/_Builtin_stddef-1B2DIQK1DZG9KQDRB0GMJYH6M.pcm

SwiftExplicitDependencyGeneratePcm arm64 /Users/mecid/Desktop/OKUL\ /projeler/NEXUS/NEXUSStudyPad/.build/Phase2Check/ModuleCache.noindex/DeveloperToolsSupport-D1RH6E3OU3OFI5N4GPFJTTNS8.pcm

SwiftExplicitDependencyGeneratePcm arm64 /Users/mecid/Desktop/OKUL\ /projeler/NEXUS/NEXUSStudyPad/.build/Phase2Check/ModuleCache.noindex/_SwiftConcurrencyShims-4JDX3E2L673QJV2ZB1UQSZVGH.pcm

SwiftExplicitDependencyGeneratePcm arm64 /Users/mecid/Desktop/OKUL\ /projeler/NEXUS/NEXUSStudyPad/.build/Phase2Check/ModuleCache.noindex/_AvailabilityInternal-3WU58BWNP0BRKKAA82A8GYXFM.pcm

SwiftExplicitDependencyGeneratePcm x86_64 /Users/mecid/Desktop/OKUL\ /projeler/NEXUS/NEXUSStudyPad/.build/Phase2Check/ModuleCache.noindex/_DarwinFoundation1-EE10IPYDBYXRH5KAAWHCQ4AB.pcm

SwiftExplicitDependencyGeneratePcm arm64 /Users/mecid/Desktop/OKUL\ /projeler/NEXUS/NEXUSStudyPad/.build/Phase2Check/ModuleCache.noindex/_DarwinFoundation1-3WWLKSUKMBZD37HM5UFGW53NQ.pcm

SwiftExplicitDependencyGeneratePcm x86_64 /Users/mecid/Desktop/OKUL\ /projeler/NEXUS/NEXUSStudyPad/.build/Phase2Check/ModuleCache.noindex/_Builtin_limits-CHPFWYUL8PNMDV6RYSVRY5DC6.pcm

SwiftExplicitDependencyGeneratePcm x86_64 /Users/mecid/Desktop/OKUL\ /projeler/NEXUS/NEXUSStudyPad/.build/Phase2Check/ModuleCache.noindex/_DarwinFoundation2-BW0B78G0XN5X2AGFEO135G38D.pcm

SwiftExplicitDependencyGeneratePcm arm64 /Users/mecid/Desktop/OKUL\ /projeler/NEXUS/NEXUSStudyPad/.build/Phase2Check/ModuleCache.noindex/_DarwinFoundation2-AC2V1QR8V6W3T40UL7FCABEIC.pcm

SwiftExplicitDependencyGeneratePcm arm64 /Users/mecid/Desktop/OKUL\ /projeler/NEXUS/NEXUSStudyPad/.build/Phase2Check/ModuleCache.noindex/_Builtin_limits-8429C4ZJJVMZKN5MNEUISFDK.pcm

SwiftExplicitDependencyGeneratePcm x86_64 /Users/mecid/Desktop/OKUL\ /projeler/NEXUS/NEXUSStudyPad/.build/Phase2Check/ModuleCache.noindex/_Builtin_stdint-4FLR26IH1SPWL57ZC5EJGLYJF.pcm

SwiftExplicitDependencyGeneratePcm x86_64 /Users/mecid/Desktop/OKUL\ /projeler/NEXUS/NEXUSStudyPad/.build/Phase2Check/ModuleCache.noindex/_Builtin_tgmath-4D3AA8PZYXBRS00D1XWOO2AUD.pcm

SwiftExplicitDependencyGeneratePcm x86_64 /Users/mecid/Desktop/OKUL\ /projeler/NEXUS/NEXUSStudyPad/.build/Phase2Check/ModuleCache.noindex/sys_types-CTEGLKFAB3MUCLVBO8RH9FE26.pcm

SwiftExplicitDependencyGeneratePcm arm64 /Users/mecid/Desktop/OKUL\ /projeler/NEXUS/NEXUSStudyPad/.build/Phase2Check/ModuleCache.noindex/_Builtin_stdint-6J1WD22UO9DEF5NUP5BP69QPU.pcm

SwiftExplicitDependencyGeneratePcm arm64 /Users/mecid/Desktop/OKUL\ /projeler/NEXUS/NEXUSStudyPad/.build/Phase2Check/ModuleCache.noindex/_Builtin_tgmath-DBHT5GMXBWX8VI6P7H5A8OVKD.pcm

SwiftExplicitDependencyGeneratePcm arm64 /Users/mecid/Desktop/OKUL\ /projeler/NEXUS/NEXUSStudyPad/.build/Phase2Check/ModuleCache.noindex/sys_types-IVIQHGF1P9WDTGIPE16ZNWAT.pcm

SwiftExplicitDependencyGeneratePcm x86_64 /Users/mecid/Desktop/OKUL\ /projeler/NEXUS/NEXUSStudyPad/.build/Phase2Check/ModuleCache.noindex/_DarwinFoundation3-3BQDHHOBHDU0BCD71NZMAGRZU.pcm

SwiftExplicitDependencyGeneratePcm x86_64 /Users/mecid/Desktop/OKUL\ /projeler/NEXUS/NEXUSStudyPad/.build/Phase2Check/ModuleCache.noindex/_Builtin_stdatomic-8G48BQCOLCIO6PO8A6JZW8ZHX.pcm

SwiftExplicitDependencyGeneratePcm arm64 /Users/mecid/Desktop/OKUL\ /projeler/NEXUS/NEXUSStudyPad/.build/Phase2Check/ModuleCache.noindex/_DarwinFoundation3-AFI4F4DFQVJBBRC5ZQCU8ZQ62.pcm

SwiftExplicitDependencyGeneratePcm arm64 /Users/mecid/Desktop/OKUL\ /projeler/NEXUS/NEXUSStudyPad/.build/Phase2Check/ModuleCache.noindex/_Builtin_intrinsics-3YDEY7UBST8HWR2OBTIOWV8ZK.pcm

SwiftExplicitDependencyGeneratePcm arm64 /Users/mecid/Desktop/OKUL\ /projeler/NEXUS/NEXUSStudyPad/.build/Phase2Check/ModuleCache.noindex/_Builtin_stdatomic-CLRAW00XF2VBY30C51EQ917SG.pcm

SwiftExplicitDependencyGeneratePcm x86_64 /Users/mecid/Desktop/OKUL\ /projeler/NEXUS/NEXUSStudyPad/.build/Phase2Check/ModuleCache.noindex/_Builtin_intrinsics-D8HZBTKXXGS6FCMRIJ5DAFQS3.pcm

SwiftExplicitDependencyGeneratePcm x86_64 /Users/mecid/Desktop/OKUL\ /projeler/NEXUS/NEXUSStudyPad/.build/Phase2Check/ModuleCache.noindex/_Builtin_inttypes-F5JDC5KDZ0VJQDWECKUE6ESTQ.pcm

SwiftExplicitDependencyGeneratePcm arm64 /Users/mecid/Desktop/OKUL\ /projeler/NEXUS/NEXUSStudyPad/.build/Phase2Check/ModuleCache.noindex/_Builtin_inttypes-DW7VPNGX8D8C7T47ODREOV5YY.pcm

SwiftExplicitDependencyGeneratePcm x86_64 /Users/mecid/Desktop/OKUL\ /projeler/NEXUS/NEXUSStudyPad/.build/Phase2Check/ModuleCache.noindex/Darwin-2H12Z17J186BC5BU9BZFYY9XP.pcm

SwiftExplicitDependencyGeneratePcm arm64 /Users/mecid/Desktop/OKUL\ /projeler/NEXUS/NEXUSStudyPad/.build/Phase2Check/ModuleCache.noindex/Darwin-8N7PCFF7SAIRP5IXNCC1AHIEC.pcm

SwiftExplicitDependencyGeneratePcm arm64 /Users/mecid/Desktop/OKUL\ /projeler/NEXUS/NEXUSStudyPad/.build/Phase2Check/ModuleCache.noindex/simd-4QOAMJA1WQQFP3HBX3LI8H34V.pcm

SwiftExplicitDependencyGeneratePcm x86_64 /Users/mecid/Desktop/OKUL\ /projeler/NEXUS/NEXUSStudyPad/.build/Phase2Check/ModuleCache.noindex/MachO-39S0SBGPPNK94L4EW6UI4IN56.pcm

SwiftExplicitDependencyGeneratePcm x86_64 /Users/mecid/Desktop/OKUL\ /projeler/NEXUS/NEXUSStudyPad/.build/Phase2Check/ModuleCache.noindex/ObjectiveC-527K760XAXFVCGDKQP51DF0XV.pcm

SwiftExplicitDependencyGeneratePcm x86_64 /Users/mecid/Desktop/OKUL\ /projeler/NEXUS/NEXUSStudyPad/.build/Phase2Check/ModuleCache.noindex/simd-2BOABBSLMW8MIUG80BTNAF94R.pcm

SwiftExplicitDependencyGeneratePcm arm64 /Users/mecid/Desktop/OKUL\ /projeler/NEXUS/NEXUSStudyPad/.build/Phase2Check/ModuleCache.noindex/MachO-CNK7VJWJFFIPIRR7CZ5OW69RR.pcm

SwiftExplicitDependencyGeneratePcm arm64 /Users/mecid/Desktop/OKUL\ /projeler/NEXUS/NEXUSStudyPad/.build/Phase2Check/ModuleCache.noindex/ObjectiveC-CH5U2WZWRMUHN7QWMKI57LYCI.pcm

SwiftExplicitDependencyGeneratePcm x86_64 /Users/mecid/Desktop/OKUL\ /projeler/NEXUS/NEXUSStudyPad/.build/Phase2Check/ModuleCache.noindex/os_object-2G0842L33EPAN7Y99B4FR83AN.pcm

SwiftExplicitDependencyGeneratePcm arm64 /Users/mecid/Desktop/OKUL\ /projeler/NEXUS/NEXUSStudyPad/.build/Phase2Check/ModuleCache.noindex/os_object-5KHYXZEX603UMZ1IM0I6IFB6R.pcm

SwiftExplicitDependencyGeneratePcm x86_64 /Users/mecid/Desktop/OKUL\ /projeler/NEXUS/NEXUSStudyPad/.build/Phase2Check/ModuleCache.noindex/os_workgroup-1HTD7C35VD5QW0QMM9857UT61.pcm

SwiftExplicitDependencyGeneratePcm arm64 /Users/mecid/Desktop/OKUL\ /projeler/NEXUS/NEXUSStudyPad/.build/Phase2Check/ModuleCache.noindex/os_workgroup-17OF9R93UQ3S9L0QCSFFRQAQ5.pcm

SwiftExplicitDependencyGeneratePcm arm64 /Users/mecid/Desktop/OKUL\ /projeler/NEXUS/NEXUSStudyPad/.build/Phase2Check/ModuleCache.noindex/Spatial-DX3SVY1HZ1EXP6CDWKV4PRMJR.pcm

SwiftExplicitDependencyGeneratePcm x86_64 /Users/mecid/Desktop/OKUL\ /projeler/NEXUS/NEXUSStudyPad/.build/Phase2Check/ModuleCache.noindex/Dispatch-9MP2NEZLYH35NOUOPNICSXF5E.pcm

SwiftExplicitDependencyGeneratePcm arm64 /Users/mecid/Desktop/OKUL\ /projeler/NEXUS/NEXUSStudyPad/.build/Phase2Check/ModuleCache.noindex/Dispatch-9B0KRN6TIP5THUYPCI6UNYV9L.pcm

SwiftExplicitDependencyGeneratePcm x86_64 /Users/mecid/Desktop/OKUL\ /projeler/NEXUS/NEXUSStudyPad/.build/Phase2Check/ModuleCache.noindex/CoreFoundation-79BG956HZL42U4C8QG8S0BFN.pcm

SwiftExplicitDependencyGeneratePcm x86_64 /Users/mecid/Desktop/OKUL\ /projeler/NEXUS/NEXUSStudyPad/.build/Phase2Check/ModuleCache.noindex/dnssd-2TP75SKC11UB477FVJ7Q4XB99.pcm

SwiftExplicitDependencyGeneratePcm x86_64 /Users/mecid/Desktop/OKUL\ /projeler/NEXUS/NEXUSStudyPad/.build/Phase2Check/ModuleCache.noindex/XPC-E497QFWPVOTO00K2JYENK2C44.pcm

SwiftExplicitDependencyGeneratePcm arm64 /Users/mecid/Desktop/OKUL\ /projeler/NEXUS/NEXUSStudyPad/.build/Phase2Check/ModuleCache.noindex/CoreFoundation-66RT1HSITFNZMVYM32EYI9HCR.pcm

SwiftExplicitDependencyGeneratePcm arm64 /Users/mecid/Desktop/OKUL\ /projeler/NEXUS/NEXUSStudyPad/.build/Phase2Check/ModuleCache.noindex/dnssd-ED0TR6NT9IHP1J3U3I39TQ7AP.pcm

SwiftExplicitDependencyGeneratePcm arm64 /Users/mecid/Desktop/OKUL\ /projeler/NEXUS/NEXUSStudyPad/.build/Phase2Check/ModuleCache.noindex/XPC-14A6XAUA67IZYFQWIH0WKNDJM.pcm

SwiftExplicitDependencyGeneratePcm x86_64 /Users/mecid/Desktop/OKUL\ /projeler/NEXUS/NEXUSStudyPad/.build/Phase2Check/ModuleCache.noindex/os-7AIMUALJZBBYFXD6AN0XTNMPO.pcm

SwiftExplicitDependencyGeneratePcm arm64 /Users/mecid/Desktop/OKUL\ /projeler/NEXUS/NEXUSStudyPad/.build/Phase2Check/ModuleCache.noindex/os-5TY649YPHDWCO4EUQZDLUJ7CS.pcm

SwiftExplicitDependencyGeneratePcm x86_64 /Users/mecid/Desktop/OKUL\ /projeler/NEXUS/NEXUSStudyPad/.build/Phase2Check/ModuleCache.noindex/CoreGraphics-78ALQBT9Q9PLH291G6FSI8Y0B.pcm

SwiftExplicitDependencyGeneratePcm x86_64 /Users/mecid/Desktop/OKUL\ /projeler/NEXUS/NEXUSStudyPad/.build/Phase2Check/ModuleCache.noindex/CFNetwork-8EIQ46QEYMA5ICA4077A5ANPJ.pcm

SwiftExplicitDependencyGeneratePcm x86_64 /Users/mecid/Desktop/OKUL\ /projeler/NEXUS/NEXUSStudyPad/.build/Phase2Check/ModuleCache.noindex/CoreAudioTypes-2YCKCUF4QBIUFLKZF0K15XQT5.pcm

SwiftExplicitDependencyGeneratePcm x86_64 /Users/mecid/Desktop/OKUL\ /projeler/NEXUS/NEXUSStudyPad/.build/Phase2Check/ModuleCache.noindex/Security-7VQ98WJEVZOKHBXLAIRZ1HSP8.pcm

SwiftExplicitDependencyGeneratePcm x86_64 /Users/mecid/Desktop/OKUL\ /projeler/NEXUS/NEXUSStudyPad/.build/Phase2Check/ModuleCache.noindex/Spatial-C374WVUML0HBTQ5ZG5GSZ1Q3V.pcm

SwiftExplicitDependencyGeneratePcm arm64 /Users/mecid/Desktop/OKUL\ /projeler/NEXUS/NEXUSStudyPad/.build/Phase2Check/ModuleCache.noindex/CFNetwork-50854XFXGKLDW1JDPM4SM7GX8.pcm

SwiftExplicitDependencyGeneratePcm arm64 /Users/mecid/Desktop/OKUL\ /projeler/NEXUS/NEXUSStudyPad/.build/Phase2Check/ModuleCache.noindex/CoreAudioTypes-F4YSHBHHN88AM0JRYQ92X5ICR.pcm

SwiftExplicitDependencyGeneratePcm arm64 /Users/mecid/Desktop/OKUL\ /projeler/NEXUS/NEXUSStudyPad/.build/Phase2Check/ModuleCache.noindex/CoreGraphics-2S2ISXBI2ODHQ6N6YVZ17YYQX.pcm

SwiftExplicitDependencyGeneratePcm arm64 /Users/mecid/Desktop/OKUL\ /projeler/NEXUS/NEXUSStudyPad/.build/Phase2Check/ModuleCache.noindex/Security-2QORQ8MIFKTMJ16SC5Y817J6A.pcm

SwiftExplicitDependencyGeneratePcm x86_64 /Users/mecid/Desktop/OKUL\ /projeler/NEXUS/NEXUSStudyPad/.build/Phase2Check/ModuleCache.noindex/CoreAudio-6F1XEE08GAGIRPM5A8DY2PZH.pcm

SwiftExplicitDependencyGeneratePcm x86_64 /Users/mecid/Desktop/OKUL\ /projeler/NEXUS/NEXUSStudyPad/.build/Phase2Check/ModuleCache.noindex/Foundation-2BOYMWWXAUP2SYI8KJ0K3F9A9.pcm

SwiftExplicitDependencyGeneratePcm arm64 /Users/mecid/Desktop/OKUL\ /projeler/NEXUS/NEXUSStudyPad/.build/Phase2Check/ModuleCache.noindex/CoreAudio-46HIZWHM5QQC6PPJ90F5TVEHR.pcm

SwiftExplicitDependencyGeneratePcm x86_64 /Users/mecid/Desktop/OKUL\ /projeler/NEXUS/NEXUSStudyPad/.build/Phase2Check/ModuleCache.noindex/ImageIO-4V6TCFDXNRDCSF66BYAVODK5S.pcm

SwiftExplicitDependencyGeneratePcm x86_64 /Users/mecid/Desktop/OKUL\ /projeler/NEXUS/NEXUSStudyPad/.build/Phase2Check/ModuleCache.noindex/CoreText-ALVTZ5KN4TU2ZLJGPP5SZBTP5.pcm

SwiftExplicitDependencyGeneratePcm arm64 /Users/mecid/Desktop/OKUL\ /projeler/NEXUS/NEXUSStudyPad/.build/Phase2Check/ModuleCache.noindex/Foundation-8KQ9ALOEG8F4GHXSP92JHEVN9.pcm

SwiftExplicitDependencyGeneratePcm arm64 /Users/mecid/Desktop/OKUL\ /projeler/NEXUS/NEXUSStudyPad/.build/Phase2Check/ModuleCache.noindex/ImageIO-DI15AFUS4QKFFD8AAE14JHROZ.pcm

SwiftExplicitDependencyGeneratePcm arm64 /Users/mecid/Desktop/OKUL\ /projeler/NEXUS/NEXUSStudyPad/.build/Phase2Check/ModuleCache.noindex/CoreText-29NRBGEDLKKS0D0BXYF5HN55Q.pcm

SwiftExplicitDependencyGeneratePcm x86_64 /Users/mecid/Desktop/OKUL\ /projeler/NEXUS/NEXUSStudyPad/.build/Phase2Check/ModuleCache.noindex/OpenGLES-5Y23U1EI6D8TRGQ6BZBJG9YP0.pcm

SwiftExplicitDependencyGeneratePcm x86_64 /Users/mecid/Desktop/OKUL\ /projeler/NEXUS/NEXUSStudyPad/.build/Phase2Check/ModuleCache.noindex/OSLog-EMQVH7MQVITTKS8LNI88Y993K.pcm

SwiftExplicitDependencyGeneratePcm x86_64 /Users/mecid/Desktop/OKUL\ /projeler/NEXUS/NEXUSStudyPad/.build/Phase2Check/ModuleCache.noindex/ModelIO-72GFDFL4ZIMFRRPHGFDXMZYN6.pcm

SwiftExplicitDependencyGeneratePcm x86_64 /Users/mecid/Desktop/OKUL\ /projeler/NEXUS/NEXUSStudyPad/.build/Phase2Check/ModuleCache.noindex/Symbols-8XSH3QHGPNF7LPOY7NXIVRCCV.pcm

SwiftExplicitDependencyGeneratePcm x86_64 /Users/mecid/Desktop/OKUL\ /projeler/NEXUS/NEXUSStudyPad/.build/Phase2Check/ModuleCache.noindex/CoreData-CT7Y664US3B5QYOMVL031HL0W.pcm

SwiftExplicitDependencyGeneratePcm x86_64 /Users/mecid/Desktop/OKUL\ /projeler/NEXUS/NEXUSStudyPad/.build/Phase2Check/ModuleCache.noindex/Accessibility-MQ9DEODF2DZ24Y9UIDFSIBX1.pcm

SwiftExplicitDependencyGeneratePcm x86_64 /Users/mecid/Desktop/OKUL\ /projeler/NEXUS/NEXUSStudyPad/.build/Phase2Check/ModuleCache.noindex/UniformTypeIdentifiers-CKMJR98H8727YSNRR6AHE2Q1W.pcm

SwiftExplicitDependencyGeneratePcm x86_64 /Users/mecid/Desktop/OKUL\ /projeler/NEXUS/NEXUSStudyPad/.build/Phase2Check/ModuleCache.noindex/UserNotifications-EPP15RQIVYHT3R0KOX9XU9J3X.pcm

SwiftExplicitDependencyGeneratePcm x86_64 /Users/mecid/Desktop/OKUL\ /projeler/NEXUS/NEXUSStudyPad/.build/Phase2Check/ModuleCache.noindex/CoreMIDI-689L05BTT2SAQAMSU7UE4YKPP.pcm

SwiftExplicitDependencyGeneratePcm x86_64 /Users/mecid/Desktop/OKUL\ /projeler/NEXUS/NEXUSStudyPad/.build/Phase2Check/ModuleCache.noindex/Network-HBDHFWFATH2FCEDD66OUS7G7.pcm

SwiftExplicitDependencyGeneratePcm arm64 /Users/mecid/Desktop/OKUL\ /projeler/NEXUS/NEXUSStudyPad/.build/Phase2Check/ModuleCache.noindex/Symbols-EEUX4JWX84E0VF9F4QHNAKZWI.pcm

SwiftExplicitDependencyGeneratePcm arm64 /Users/mecid/Desktop/OKUL\ /projeler/NEXUS/NEXUSStudyPad/.build/Phase2Check/ModuleCache.noindex/ModelIO-CKZ424PV023RYYYJZXGWY7WWY.pcm

SwiftExplicitDependencyGeneratePcm arm64 /Users/mecid/Desktop/OKUL\ /projeler/NEXUS/NEXUSStudyPad/.build/Phase2Check/ModuleCache.noindex/OSLog-CX70O8LZFQNGFVKN1BLAFZG9Z.pcm

SwiftExplicitDependencyGeneratePcm arm64 /Users/mecid/Desktop/OKUL\ /projeler/NEXUS/NEXUSStudyPad/.build/Phase2Check/ModuleCache.noindex/UserNotifications-DZGTPYZ6CV3VYZNDDNFBCEGBK.pcm

SwiftExplicitDependencyGeneratePcm arm64 /Users/mecid/Desktop/OKUL\ /projeler/NEXUS/NEXUSStudyPad/.build/Phase2Check/ModuleCache.noindex/OpenGLES-3HVRBAK8TAUP6PFWZYDVKACFU.pcm

SwiftExplicitDependencyGeneratePcm arm64 /Users/mecid/Desktop/OKUL\ /projeler/NEXUS/NEXUSStudyPad/.build/Phase2Check/ModuleCache.noindex/IOSurface-C5WMONC6XA3FPIX5S1NXQSBJ9.pcm

SwiftExplicitDependencyGeneratePcm arm64 /Users/mecid/Desktop/OKUL\ /projeler/NEXUS/NEXUSStudyPad/.build/Phase2Check/ModuleCache.noindex/UniformTypeIdentifiers-23CSRX6JRLLGX8W958ECXDRK3.pcm

SwiftExplicitDependencyGeneratePcm arm64 /Users/mecid/Desktop/OKUL\ /projeler/NEXUS/NEXUSStudyPad/.build/Phase2Check/ModuleCache.noindex/Network-1B4N2CKLA84E2H1AQEMDA2CQ2.pcm

SwiftExplicitDependencyGeneratePcm arm64 /Users/mecid/Desktop/OKUL\ /projeler/NEXUS/NEXUSStudyPad/.build/Phase2Check/ModuleCache.noindex/Accessibility-52XSEP7THYQNJA5INLRXTDHWM.pcm

SwiftExplicitDependencyGeneratePcm arm64 /Users/mecid/Desktop/OKUL\ /projeler/NEXUS/NEXUSStudyPad/.build/Phase2Check/ModuleCache.noindex/FileProvider-9B4KYFB1S4O4LAGGE1SIU7VCP.pcm

SwiftExplicitDependencyGeneratePcm arm64 /Users/mecid/Desktop/OKUL\ /projeler/NEXUS/NEXUSStudyPad/.build/Phase2Check/ModuleCache.noindex/UIUtilities-9FNKCSPAUUTIQOZWF9FIJLDHL.pcm

SwiftExplicitDependencyGeneratePcm x86_64 /Users/mecid/Desktop/OKUL\ /projeler/NEXUS/NEXUSStudyPad/.build/Phase2Check/ModuleCache.noindex/AudioToolbox-D7G8HMQ1Z1U96IN6F4L7TTKVX.pcm

SwiftExplicitDependencyGeneratePcm arm64 /Users/mecid/Desktop/OKUL\ /projeler/NEXUS/NEXUSStudyPad/.build/Phase2Check/ModuleCache.noindex/CoreData-DQW3E3VPJ2KQVT7C2M9JE616T.pcm

SwiftExplicitDependencyGeneratePcm arm64 /Users/mecid/Desktop/OKUL\ /projeler/NEXUS/NEXUSStudyPad/.build/Phase2Check/ModuleCache.noindex/CoreTransferable-93QRZBQEHIWHGWAJD58N0EO2V.pcm

SwiftExplicitDependencyGeneratePcm x86_64 /Users/mecid/Desktop/OKUL\ /projeler/NEXUS/NEXUSStudyPad/.build/Phase2Check/ModuleCache.noindex/AVRouting-42GKBBA3WXSL9SFTOXIL5GVF3.pcm

SwiftExplicitDependencyGeneratePcm arm64 /Users/mecid/Desktop/OKUL\ /projeler/NEXUS/NEXUSStudyPad/.build/Phase2Check/ModuleCache.noindex/Metal-4OSKY4BILFGCLBXMB4TGTB4FV.pcm

SwiftExplicitDependencyGeneratePcm arm64 /Users/mecid/Desktop/OKUL\ /projeler/NEXUS/NEXUSStudyPad/.build/Phase2Check/ModuleCache.noindex/DataDetection-7ZK97ZNFB1QT7N2QVABZQXRF7.pcm

SwiftExplicitDependencyGeneratePcm arm64 /Users/mecid/Desktop/OKUL\ /projeler/NEXUS/NEXUSStudyPad/.build/Phase2Check/ModuleCache.noindex/CoreMIDI-BXUNZ9GJRGDAO0GWHZWH6UF27.pcm

SwiftExplicitDependencyGeneratePcm x86_64 /Users/mecid/Desktop/OKUL\ /projeler/NEXUS/NEXUSStudyPad/.build/Phase2Check/ModuleCache.noindex/CoreTransferable-BMOP5E03X1O4XFJU2NOS4ID31.pcm

SwiftExplicitDependencyGeneratePcm x86_64 /Users/mecid/Desktop/OKUL\ /projeler/NEXUS/NEXUSStudyPad/.build/Phase2Check/ModuleCache.noindex/FileProvider-46G5YPWTQV2AVDLR72O14QKXG.pcm

SwiftExplicitDependencyGeneratePcm x86_64 /Users/mecid/Desktop/OKUL\ /projeler/NEXUS/NEXUSStudyPad/.build/Phase2Check/ModuleCache.noindex/UIUtilities-8QQZEPRDLHC87TRN3PGJ8KMAG.pcm

SwiftExplicitDependencyGeneratePcm x86_64 /Users/mecid/Desktop/OKUL\ /projeler/NEXUS/NEXUSStudyPad/.build/Phase2Check/ModuleCache.noindex/DataDetection-AYDVBALN0V50X0O3976S1XBYY.pcm

SwiftExplicitDependencyGeneratePcm arm64 /Users/mecid/Desktop/OKUL\ /projeler/NEXUS/NEXUSStudyPad/.build/Phase2Check/ModuleCache.noindex/AVRouting-E3TESDQ70UZ5CU3F5UOBXZEFA.pcm

SwiftExplicitDependencyGeneratePcm x86_64 /Users/mecid/Desktop/OKUL\ /projeler/NEXUS/NEXUSStudyPad/.build/Phase2Check/ModuleCache.noindex/IOSurface-CJZC7S4HNJWDEU0RBJRS5R6NT.pcm

SwiftExplicitDependencyGeneratePcm arm64 /Users/mecid/Desktop/OKUL\ /projeler/NEXUS/NEXUSStudyPad/.build/Phase2Check/ModuleCache.noindex/AudioToolbox-AYSB1ODCITKWSK7PDEQM3BSL0.pcm

SwiftExplicitDependencyGeneratePcm x86_64 /Users/mecid/Desktop/OKUL\ /projeler/NEXUS/NEXUSStudyPad/.build/Phase2Check/ModuleCache.noindex/Metal-4BXVF3WWCUE12J2YT7LLD0C7T.pcm

SwiftExplicitDependencyGeneratePcm arm64 /Users/mecid/Desktop/OKUL\ /projeler/NEXUS/NEXUSStudyPad/.build/Phase2Check/ModuleCache.noindex/CoreVideo-9DBEBUO98C4ZLRWEKYA753501.pcm

SwiftExplicitDependencyGeneratePcm arm64 /Users/mecid/Desktop/OKUL\ /projeler/NEXUS/NEXUSStudyPad/.build/Phase2Check/ModuleCache.noindex/CoreMedia-87885E5XPBNBRQXZWOUEBMVGX.pcm

SwiftExplicitDependencyGeneratePcm arm64 /Users/mecid/Desktop/OKUL\ /projeler/NEXUS/NEXUSStudyPad/.build/Phase2Check/ModuleCache.noindex/QuartzCore-DLD1XCKAXFJK0HDFMBX4JCFPS.pcm

SwiftExplicitDependencyGeneratePcm arm64 /Users/mecid/Desktop/OKUL\ /projeler/NEXUS/NEXUSStudyPad/.build/Phase2Check/ModuleCache.noindex/CoreImage-D30ZWP6ZLGPRCY3OE9VCN1H9Q.pcm

SwiftExplicitDependencyGeneratePcm x86_64 /Users/mecid/Desktop/OKUL\ /projeler/NEXUS/NEXUSStudyPad/.build/Phase2Check/ModuleCache.noindex/CoreVideo-6BJ36KD5RO0O8PQA56JN08OUX.pcm

SwiftExplicitDependencyGeneratePcm arm64 /Users/mecid/Desktop/OKUL\ /projeler/NEXUS/NEXUSStudyPad/.build/Phase2Check/ModuleCache.noindex/SwiftUICore-3VPD2PFE5EFNTUCHYRI2UFLVL.pcm

SwiftExplicitDependencyGeneratePcm arm64 /Users/mecid/Desktop/OKUL\ /projeler/NEXUS/NEXUSStudyPad/.build/Phase2Check/ModuleCache.noindex/MediaToolbox-DHIPA2PO09XXRDR8QBFPJTDB0.pcm

SwiftExplicitDependencyGeneratePcm arm64 /Users/mecid/Desktop/OKUL\ /projeler/NEXUS/NEXUSStudyPad/.build/Phase2Check/ModuleCache.noindex/UIKit-AV27V7VMRX3N8NP86UABV1VV3.pcm

SwiftExplicitDependencyGeneratePcm arm64 /Users/mecid/Desktop/OKUL\ /projeler/NEXUS/NEXUSStudyPad/.build/Phase2Check/ModuleCache.noindex/AVFAudio-9QTDBTJPT3M2U7VGZ6W3KONPG.pcm

SwiftExplicitDependencyGeneratePcm x86_64 /Users/mecid/Desktop/OKUL\ /projeler/NEXUS/NEXUSStudyPad/.build/Phase2Check/ModuleCache.noindex/CoreMedia-BMOC3BP6KF3RVHVL1AN3HAX0S.pcm

SwiftExplicitDependencyGeneratePcm x86_64 /Users/mecid/Desktop/OKUL\ /projeler/NEXUS/NEXUSStudyPad/.build/Phase2Check/ModuleCache.noindex/CoreImage-929HB2RW3SEHIZ8C7R9ZNOG54.pcm

SwiftExplicitDependencyGeneratePcm x86_64 /Users/mecid/Desktop/OKUL\ /projeler/NEXUS/NEXUSStudyPad/.build/Phase2Check/ModuleCache.noindex/QuartzCore-DV1LAUWDAZT668EQ60PXP4GQ1.pcm

SwiftExplicitDependencyGeneratePcm x86_64 /Users/mecid/Desktop/OKUL\ /projeler/NEXUS/NEXUSStudyPad/.build/Phase2Check/ModuleCache.noindex/SwiftUICore-8QJZR6CJE92UN6OUB9NV3W3V9.pcm

SwiftExplicitDependencyGeneratePcm x86_64 /Users/mecid/Desktop/OKUL\ /projeler/NEXUS/NEXUSStudyPad/.build/Phase2Check/ModuleCache.noindex/MediaToolbox-ZHG8P32A11LWV57Y04714RYK.pcm

SwiftExplicitDependencyGeneratePcm x86_64 /Users/mecid/Desktop/OKUL\ /projeler/NEXUS/NEXUSStudyPad/.build/Phase2Check/ModuleCache.noindex/AVFAudio-1S6DKUVP8O69QJYJVXZA6DNCL.pcm

SwiftExplicitDependencyGeneratePcm x86_64 /Users/mecid/Desktop/OKUL\ /projeler/NEXUS/NEXUSStudyPad/.build/Phase2Check/ModuleCache.noindex/UIKit-HPSE5PJB1UPSVYZK2BZV8U1Q.pcm

SwiftExplicitDependencyGeneratePcm arm64 /Users/mecid/Desktop/OKUL\ /projeler/NEXUS/NEXUSStudyPad/.build/Phase2Check/ModuleCache.noindex/AVFoundation-5JEOHFHMKH0VCKIB9GNULCOZE.pcm

SwiftExplicitDependencyGeneratePcm x86_64 /Users/mecid/Desktop/OKUL\ /projeler/NEXUS/NEXUSStudyPad/.build/Phase2Check/ModuleCache.noindex/AVFoundation-9J6O0UB9OSB10A7N0SZUUPY31.pcm

SwiftExplicitDependencyGeneratePcm arm64 /Users/mecid/Desktop/OKUL\ /projeler/NEXUS/NEXUSStudyPad/.build/Phase2Check/ModuleCache.noindex/PencilKit-5W5JLRVUI4MA7WSCSBY6KAGZ6.pcm

SwiftExplicitDependencyGeneratePcm arm64 /Users/mecid/Desktop/OKUL\ /projeler/NEXUS/NEXUSStudyPad/.build/Phase2Check/ModuleCache.noindex/SwiftUI-3LC7OKSY2NT081ILI4O7KDEU0.pcm

SwiftExplicitDependencyGeneratePcm arm64 /Users/mecid/Desktop/OKUL\ /projeler/NEXUS/NEXUSStudyPad/.build/Phase2Check/ModuleCache.noindex/MetalKit-2N04TWDUXS4CPDV557HUUVBOW.pcm

SwiftExplicitDependencyGeneratePcm arm64 /Users/mecid/Desktop/OKUL\ /projeler/NEXUS/NEXUSStudyPad/.build/Phase2Check/ModuleCache.noindex/PDFKit-EMZLS4R6N9PWKSHN1WSL34ICS.pcm

SwiftExplicitDependencyGeneratePcm x86_64 /Users/mecid/Desktop/OKUL\ /projeler/NEXUS/NEXUSStudyPad/.build/Phase2Check/ModuleCache.noindex/SwiftUI-5QUVZCXU31CDSLLUKAC3UXOAI.pcm

SwiftExplicitDependencyGeneratePcm x86_64 /Users/mecid/Desktop/OKUL\ /projeler/NEXUS/NEXUSStudyPad/.build/Phase2Check/ModuleCache.noindex/MetalKit-5940MCTD7ECPTR4091M8YIYHH.pcm

SwiftExplicitDependencyGeneratePcm x86_64 /Users/mecid/Desktop/OKUL\ /projeler/NEXUS/NEXUSStudyPad/.build/Phase2Check/ModuleCache.noindex/PencilKit-4MP4593KTXSWCPWEUFIH4YHKX.pcm

SwiftExplicitDependencyGeneratePcm x86_64 /Users/mecid/Desktop/OKUL\ /projeler/NEXUS/NEXUSStudyPad/.build/Phase2Check/ModuleCache.noindex/PDFKit-2JAUHWXTXR6TIQDBFCIS9JBPK.pcm

SwiftCompile normal arm64 Compiling\ DocumentImportService.swift,\ StudyPadTransferService.swift /Users/mecid/Desktop/OKUL\ /projeler/NEXUS/NEXUSStudyPad/NEXUSStudyPad/Services/DocumentImportService.swift /Users/mecid/Desktop/OKUL\ /projeler/NEXUS/NEXUSStudyPad/NEXUSStudyPad/Services/StudyPadTransferService.swift (in target 'NEXUSStudyPad' from project 'NEXUSStudyPad')
SwiftCompile normal arm64 /Users/mecid/Desktop/OKUL\ /projeler/NEXUS/NEXUSStudyPad/NEXUSStudyPad/Services/DocumentImportService.swift (in target 'NEXUSStudyPad' from project 'NEXUSStudyPad')
    cd /Users/mecid/Desktop/OKUL\ /projeler/NEXUS/NEXUSStudyPad
    

SwiftCompile normal arm64 /Users/mecid/Desktop/OKUL\ /projeler/NEXUS/NEXUSStudyPad/NEXUSStudyPad/Services/StudyPadTransferService.swift (in target 'NEXUSStudyPad' from project 'NEXUSStudyPad')
    cd /Users/mecid/Desktop/OKUL\ /projeler/NEXUS/NEXUSStudyPad
    

SwiftEmitModule normal arm64 Emitting\ module\ for\ NEXUSStudyPad (in target 'NEXUSStudyPad' from project 'NEXUSStudyPad')

EmitSwiftModule normal arm64 (in target 'NEXUSStudyPad' from project 'NEXUSStudyPad')
    cd /Users/mecid/Desktop/OKUL\ /projeler/NEXUS/NEXUSStudyPad
    

SwiftCompile normal arm64 Compiling\ GeneratedAssetSymbols.swift /Users/mecid/Desktop/OKUL\ /projeler/NEXUS/NEXUSStudyPad/.build/Phase2Check/Build/Intermediates.noindex/NEXUSStudyPad.build/Debug-iphonesimulator/NEXUSStudyPad.build/DerivedSources/GeneratedAssetSymbols.swift (in target 'NEXUSStudyPad' from project 'NEXUSStudyPad')

SwiftCompile normal arm64 /Users/mecid/Desktop/OKUL\ /projeler/NEXUS/NEXUSStudyPad/.build/Phase2Check/Build/Intermediates.noindex/NEXUSStudyPad.build/Debug-iphonesimulator/NEXUSStudyPad.build/DerivedSources/GeneratedAssetSymbols.swift (in target 'NEXUSStudyPad' from project 'NEXUSStudyPad')
    cd /Users/mecid/Desktop/OKUL\ /projeler/NEXUS/NEXUSStudyPad
    

SwiftCompile normal arm64 Compiling\ PersistenceController.swift,\ AudioRecordingService.swift /Users/mecid/Desktop/OKUL\ /projeler/NEXUS/NEXUSStudyPad/NEXUSStudyPad/Persistence/PersistenceController.swift /Users/mecid/Desktop/OKUL\ /projeler/NEXUS/NEXUSStudyPad/NEXUSStudyPad/Services/AudioRecordingService.swift (in target 'NEXUSStudyPad' from project 'NEXUSStudyPad')

SwiftCompile normal arm64 /Users/mecid/Desktop/OKUL\ /projeler/NEXUS/NEXUSStudyPad/NEXUSStudyPad/Persistence/PersistenceController.swift (in target 'NEXUSStudyPad' from project 'NEXUSStudyPad')
    cd /Users/mecid/Desktop/OKUL\ /projeler/NEXUS/NEXUSStudyPad
    

SwiftCompile normal arm64 /Users/mecid/Desktop/OKUL\ /projeler/NEXUS/NEXUSStudyPad/NEXUSStudyPad/Services/AudioRecordingService.swift (in target 'NEXUSStudyPad' from project 'NEXUSStudyPad')
    cd /Users/mecid/Desktop/OKUL\ /projeler/NEXUS/NEXUSStudyPad
    

SwiftCompile normal arm64 Compiling\ AppRoute.swift,\ PadDesignSystem.swift /Users/mecid/Desktop/OKUL\ /projeler/NEXUS/NEXUSStudyPad/NEXUSStudyPad/Core/AppRoute.swift /Users/mecid/Desktop/OKUL\ /projeler/NEXUS/NEXUSStudyPad/NEXUSStudyPad/DesignSystem/PadDesignSystem.swift (in target 'NEXUSStudyPad' from project 'NEXUSStudyPad')
SwiftCompile normal arm64 /Users/mecid/Desktop/OKUL\ /projeler/NEXUS/NEXUSStudyPad/NEXUSStudyPad/Core/AppRoute.swift (in target 'NEXUSStudyPad' from project 'NEXUSStudyPad')
    cd /Users/mecid/Desktop/OKUL\ /projeler/NEXUS/NEXUSStudyPad
    

SwiftCompile normal arm64 /Users/mecid/Desktop/OKUL\ /projeler/NEXUS/NEXUSStudyPad/NEXUSStudyPad/DesignSystem/PadDesignSystem.swift (in target 'NEXUSStudyPad' from project 'NEXUSStudyPad')
    cd /Users/mecid/Desktop/OKUL\ /projeler/NEXUS/NEXUSStudyPad
    

SwiftCompile normal arm64 Compiling\ PDFKitViews.swift,\ HomeView.swift /Users/mecid/Desktop/OKUL\ /projeler/NEXUS/NEXUSStudyPad/NEXUSStudyPad/Features/Documents/PDFKitViews.swift /Users/mecid/Desktop/OKUL\ /projeler/NEXUS/NEXUSStudyPad/NEXUSStudyPad/Features/Home/HomeView.swift (in target 'NEXUSStudyPad' from project 'NEXUSStudyPad')

SwiftCompile normal arm64 /Users/mecid/Desktop/OKUL\ /projeler/NEXUS/NEXUSStudyPad/NEXUSStudyPad/Features/Documents/PDFKitViews.swift (in target 'NEXUSStudyPad' from project 'NEXUSStudyPad')
    cd /Users/mecid/Desktop/OKUL\ /projeler/NEXUS/NEXUSStudyPad
    

SwiftCompile normal arm64 /Users/mecid/Desktop/OKUL\ /projeler/NEXUS/NEXUSStudyPad/NEXUSStudyPad/Features/Home/HomeView.swift (in target 'NEXUSStudyPad' from project 'NEXUSStudyPad')
    cd /Users/mecid/Desktop/OKUL\ /projeler/NEXUS/NEXUSStudyPad
    

SwiftCompile normal arm64 Compiling\ TransferView.swift,\ StudyModels.swift /Users/mecid/Desktop/OKUL\ /projeler/NEXUS/NEXUSStudyPad/NEXUSStudyPad/Features/Transfer/TransferView.swift /Users/mecid/Desktop/OKUL\ /projeler/NEXUS/NEXUSStudyPad/NEXUSStudyPad/Models/StudyModels.swift (in target 'NEXUSStudyPad' from project 'NEXUSStudyPad')
SwiftCompile normal arm64 /Users/mecid/Desktop/OKUL\ /projeler/NEXUS/NEXUSStudyPad/NEXUSStudyPad/Features/Transfer/TransferView.swift (in target 'NEXUSStudyPad' from project 'NEXUSStudyPad')
    cd /Users/mecid/Desktop/OKUL\ /projeler/NEXUS/NEXUSStudyPad
    

SwiftCompile normal arm64 /Users/mecid/Desktop/OKUL\ /projeler/NEXUS/NEXUSStudyPad/NEXUSStudyPad/Models/StudyModels.swift (in target 'NEXUSStudyPad' from project 'NEXUSStudyPad')
    cd /Users/mecid/Desktop/OKUL\ /projeler/NEXUS/NEXUSStudyPad
    

SwiftCompile normal arm64 Compiling\ PencilCanvasView.swift,\ TerminalStates.swift /Users/mecid/Desktop/OKUL\ /projeler/NEXUS/NEXUSStudyPad/NEXUSStudyPad/Components/PencilCanvasView.swift /Users/mecid/Desktop/OKUL\ /projeler/NEXUS/NEXUSStudyPad/NEXUSStudyPad/Components/TerminalStates.swift (in target 'NEXUSStudyPad' from project 'NEXUSStudyPad')

SwiftCompile normal arm64 /Users/mecid/Desktop/OKUL\ /projeler/NEXUS/NEXUSStudyPad/NEXUSStudyPad/Components/PencilCanvasView.swift (in target 'NEXUSStudyPad' from project 'NEXUSStudyPad')
    cd /Users/mecid/Desktop/OKUL\ /projeler/NEXUS/NEXUSStudyPad
    

SwiftCompile normal arm64 /Users/mecid/Desktop/OKUL\ /projeler/NEXUS/NEXUSStudyPad/NEXUSStudyPad/Components/TerminalStates.swift (in target 'NEXUSStudyPad' from project 'NEXUSStudyPad')
    cd /Users/mecid/Desktop/OKUL\ /projeler/NEXUS/NEXUSStudyPad
    

SwiftCompile normal arm64 Compiling\ CourseViews.swift,\ DocumentViews.swift /Users/mecid/Desktop/OKUL\ /projeler/NEXUS/NEXUSStudyPad/NEXUSStudyPad/Features/Courses/CourseViews.swift /Users/mecid/Desktop/OKUL\ /projeler/NEXUS/NEXUSStudyPad/NEXUSStudyPad/Features/Documents/DocumentViews.swift (in target 'NEXUSStudyPad' from project 'NEXUSStudyPad')
SwiftCompile normal arm64 /Users/mecid/Desktop/OKUL\ /projeler/NEXUS/NEXUSStudyPad/NEXUSStudyPad/Features/Courses/CourseViews.swift (in target 'NEXUSStudyPad' from project 'NEXUSStudyPad')
    cd /Users/mecid/Desktop/OKUL\ /projeler/NEXUS/NEXUSStudyPad
    

SwiftCompile normal arm64 /Users/mecid/Desktop/OKUL\ /projeler/NEXUS/NEXUSStudyPad/NEXUSStudyPad/Features/Documents/DocumentViews.swift (in target 'NEXUSStudyPad' from project 'NEXUSStudyPad')
    cd /Users/mecid/Desktop/OKUL\ /projeler/NEXUS/NEXUSStudyPad
    

SwiftCompile normal arm64 Compiling\ NEXUSStudyPadApp.swift,\ RootView.swift /Users/mecid/Desktop/OKUL\ /projeler/NEXUS/NEXUSStudyPad/NEXUSStudyPad/App/NEXUSStudyPadApp.swift /Users/mecid/Desktop/OKUL\ /projeler/NEXUS/NEXUSStudyPad/NEXUSStudyPad/App/RootView.swift (in target 'NEXUSStudyPad' from project 'NEXUSStudyPad')

SwiftCompile normal arm64 /Users/mecid/Desktop/OKUL\ /projeler/NEXUS/NEXUSStudyPad/NEXUSStudyPad/App/NEXUSStudyPadApp.swift (in target 'NEXUSStudyPad' from project 'NEXUSStudyPad')
    cd /Users/mecid/Desktop/OKUL\ /projeler/NEXUS/NEXUSStudyPad
    

SwiftCompile normal arm64 /Users/mecid/Desktop/OKUL\ /projeler/NEXUS/NEXUSStudyPad/NEXUSStudyPad/App/RootView.swift (in target 'NEXUSStudyPad' from project 'NEXUSStudyPad')
    cd /Users/mecid/Desktop/OKUL\ /projeler/NEXUS/NEXUSStudyPad
    

SwiftEmitModule normal x86_64 Emitting\ module\ for\ NEXUSStudyPad (in target 'NEXUSStudyPad' from project 'NEXUSStudyPad')

EmitSwiftModule normal x86_64 (in target 'NEXUSStudyPad' from project 'NEXUSStudyPad')
    cd /Users/mecid/Desktop/OKUL\ /projeler/NEXUS/NEXUSStudyPad
    

SwiftDriverJobDiscovery normal arm64 Compiling GeneratedAssetSymbols.swift (in target 'NEXUSStudyPad' from project 'NEXUSStudyPad')

SwiftCompile normal x86_64 Compiling\ PencilCanvasView.swift,\ TerminalStates.swift /Users/mecid/Desktop/OKUL\ /projeler/NEXUS/NEXUSStudyPad/NEXUSStudyPad/Components/PencilCanvasView.swift /Users/mecid/Desktop/OKUL\ /projeler/NEXUS/NEXUSStudyPad/NEXUSStudyPad/Components/TerminalStates.swift (in target 'NEXUSStudyPad' from project 'NEXUSStudyPad')
SwiftCompile normal x86_64 /Users/mecid/Desktop/OKUL\ /projeler/NEXUS/NEXUSStudyPad/NEXUSStudyPad/Components/PencilCanvasView.swift (in target 'NEXUSStudyPad' from project 'NEXUSStudyPad')
    cd /Users/mecid/Desktop/OKUL\ /projeler/NEXUS/NEXUSStudyPad
    

SwiftCompile normal x86_64 /Users/mecid/Desktop/OKUL\ /projeler/NEXUS/NEXUSStudyPad/NEXUSStudyPad/Components/TerminalStates.swift (in target 'NEXUSStudyPad' from project 'NEXUSStudyPad')
    cd /Users/mecid/Desktop/OKUL\ /projeler/NEXUS/NEXUSStudyPad
    

SwiftDriverJobDiscovery normal arm64 Emitting module for NEXUSStudyPad (in target 'NEXUSStudyPad' from project 'NEXUSStudyPad')

SwiftDriver\ Compilation\ Requirements NEXUSStudyPad normal arm64 com.apple.xcode.tools.swift.compiler (in target 'NEXUSStudyPad' from project 'NEXUSStudyPad')
    cd /Users/mecid/Desktop/OKUL\ /projeler/NEXUS/NEXUSStudyPad
    builtin-Swift-Compilation-Requirements -- /Applications/Xcode.app/Contents/Developer/Toolchains/XcodeDefault.xctoolchain/usr/bin/swiftc -module-name NEXUSStudyPad -Onone @/Users/mecid/Desktop/OKUL\ /projeler/NEXUS/NEXUSStudyPad/.build/Phase2Check/Build/Intermediates.noindex/NEXUSStudyPad.build/Debug-iphonesimulator/NEXUSStudyPad.build/Objects-normal/arm64/NEXUSStudyPad.SwiftFileList -DDEBUG -strict-concurrency\=targeted -enable-bare-slash-regex -enable-experimental-feature DebugDescriptionMacro -sdk /Applications/Xcode.app/Contents/Developer/Platforms/iPhoneSimulator.platform/Developer/SDKs/iPhoneSimulator26.5.sdk -target arm64-apple-ios17.0-simulator -g -module-cache-path /Users/mecid/Desktop/OKUL\ /projeler/NEXUS/NEXUSStudyPad/.build/Phase2Check/ModuleCache.noindex -Xfrontend -serialize-debugging-options -enable-testing -index-store-path /Users/mecid/Desktop/OKUL\ /projeler/NEXUS/NEXUSStudyPad/.build/Phase2Check/Index.noindex/DataStore -swift-version 5 -I /Users/mecid/Desktop/OKUL\ /projeler/NEXUS/NEXUSStudyPad/.build/Phase2Check/Build/Products/Debug-iphonesimulator -F /Users/mecid/Desktop/OKUL\ /projeler/NEXUS/NEXUSStudyPad/.build/Phase2Check/Build/Products/Debug-iphonesimulator -emit-localized-strings -emit-localized-strings-path /Users/mecid/Desktop/OKUL\ /projeler/NEXUS/NEXUSStudyPad/.build/Phase2Check/Build/Intermediates.noindex/NEXUSStudyPad.build/Debug-iphonesimulator/NEXUSStudyPad.build/Objects-normal/arm64 -c -j11 -enable-batch-mode -incremental -Xcc -ivfsstatcache -Xcc /Users/mecid/Desktop/OKUL\ /projeler/NEXUS/NEXUSStudyPad/.build/Phase2Check/SDKStatCaches.noindex/iphonesimulator26.5-23F81a-6cfe768891a92b912361537c460fe42b.sdkstatcache -output-file-map /Users/mecid/Desktop/OKUL\ /projeler/NEXUS/NEXUSStudyPad/.build/Phase2Check/Build/Intermediates.noindex/NEXUSStudyPad.build/Debug-iphonesimulator/NEXUSStudyPad.build/Objects-normal/arm64/NEXUSStudyPad-OutputFileMap.json -use-frontend-parseable-output -save-temps -no-color-diagnostics -explicit-module-build -module-cache-path /Users/mecid/Desktop/OKUL\ /projeler/NEXUS/NEXUSStudyPad/.build/Phase2Check/Build/Intermediates.noindex/SwiftExplicitPrecompiledModules -clang-scanner-module-cache-path /Users/mecid/Desktop/OKUL\ /projeler/NEXUS/NEXUSStudyPad/.build/Phase2Check/ModuleCache.noindex -sdk-module-cache-path /Users/mecid/Desktop/OKUL\ /projeler/NEXUS/NEXUSStudyPad/.build/Phase2Check/ModuleCache.noindex -serialize-diagnostics -emit-dependencies -emit-module -emit-module-path /Users/mecid/Desktop/OKUL\ /projeler/NEXUS/NEXUSStudyPad/.build/Phase2Check/Build/Intermediates.noindex/NEXUSStudyPad.build/Debug-iphonesimulator/NEXUSStudyPad.build/Objects-normal/arm64/NEXUSStudyPad.swiftmodule -validate-clang-modules-once -clang-build-session-file /Users/mecid/Desktop/OKUL\ /projeler/NEXUS/NEXUSStudyPad/.build/Phase2Check/ModuleCache.noindex/Session.modulevalidation -Xcc -I/Users/mecid/Desktop/OKUL\ /projeler/NEXUS/NEXUSStudyPad/.build/Phase2Check/Build/Intermediates.noindex/NEXUSStudyPad.build/Debug-iphonesimulator/NEXUSStudyPad.build/swift-overrides.hmap -emit-const-values -Xfrontend -const-gather-protocols-file -Xfrontend /Users/mecid/Desktop/OKUL\ /projeler/NEXUS/NEXUSStudyPad/.build/Phase2Check/Build/Intermediates.noindex/NEXUSStudyPad.build/Debug-iphonesimulator/NEXUSStudyPad.build/Objects-normal/arm64/NEXUSStudyPad_const_extract_protocols.json -Xcc -iquote -Xcc /Users/mecid/Desktop/OKUL\ /projeler/NEXUS/NEXUSStudyPad/.build/Phase2Check/Build/Intermediates.noindex/NEXUSStudyPad.build/Debug-iphonesimulator/NEXUSStudyPad.build/NEXUSStudyPad-generated-files.hmap -Xcc -I/Users/mecid/Desktop/OKUL\ /projeler/NEXUS/NEXUSStudyPad/.build/Phase2Check/Build/Intermediates.noindex/NEXUSStudyPad.build/Debug-iphonesimulator/NEXUSStudyPad.build/NEXUSStudyPad-own-target-headers.hmap -Xcc -I/Users/mecid/Desktop/OKUL\ /projeler/NEXUS/NEXUSStudyPad/.build/Phase2Check/Build/Intermediates.noindex/NEXUSStudyPad.build/Debug-iphonesimulator/NEXUSStudyPad.build/NEXUSStudyPad-all-target-headers.hmap -Xcc -iquote -Xcc /Users/mecid/Desktop/OKUL\ /projeler/NEXUS/NEXUSStudyPad/.build/Phase2Check/Build/Intermediates.noindex/NEXUSStudyPad.build/Debug-iphonesimulator/NEXUSStudyPad.build/NEXUSStudyPad-project-headers.hmap -Xcc -I/Users/mecid/Desktop/OKUL\ /projeler/NEXUS/NEXUSStudyPad/.build/Phase2Check/Build/Products/Debug-iphonesimulator/include -Xcc -I/Users/mecid/Desktop/OKUL\ /projeler/NEXUS/NEXUSStudyPad/.build/Phase2Check/Build/Intermediates.noindex/NEXUSStudyPad.build/Debug-iphonesimulator/NEXUSStudyPad.build/DerivedSources-normal/arm64 -Xcc -I/Users/mecid/Desktop/OKUL\ /projeler/NEXUS/NEXUSStudyPad/.build/Phase2Check/Build/Intermediates.noindex/NEXUSStudyPad.build/Debug-iphonesimulator/NEXUSStudyPad.build/DerivedSources/arm64 -Xcc -I/Users/mecid/Desktop/OKUL\ /projeler/NEXUS/NEXUSStudyPad/.build/Phase2Check/Build/Intermediates.noindex/NEXUSStudyPad.build/Debug-iphonesimulator/NEXUSStudyPad.build/DerivedSources -emit-objc-header -emit-objc-header-path /Users/mecid/Desktop/OKUL\ /projeler/NEXUS/NEXUSStudyPad/.build/Phase2Check/Build/Intermediates.noindex/NEXUSStudyPad.build/Debug-iphonesimulator/NEXUSStudyPad.build/Objects-normal/arm64/NEXUSStudyPad-Swift.h -working-directory /Users/mecid/Desktop/OKUL\ /projeler/NEXUS/NEXUSStudyPad -experimental-emit-module-separately -disable-cmo

SwiftCompile normal x86_64 Compiling\ TransferView.swift,\ StudyModels.swift /Users/mecid/Desktop/OKUL\ /projeler/NEXUS/NEXUSStudyPad/NEXUSStudyPad/Features/Transfer/TransferView.swift /Users/mecid/Desktop/OKUL\ /projeler/NEXUS/NEXUSStudyPad/NEXUSStudyPad/Models/StudyModels.swift (in target 'NEXUSStudyPad' from project 'NEXUSStudyPad')

SwiftCompile normal x86_64 /Users/mecid/Desktop/OKUL\ /projeler/NEXUS/NEXUSStudyPad/NEXUSStudyPad/Features/Transfer/TransferView.swift (in target 'NEXUSStudyPad' from project 'NEXUSStudyPad')
    cd /Users/mecid/Desktop/OKUL\ /projeler/NEXUS/NEXUSStudyPad
    

SwiftCompile normal x86_64 /Users/mecid/Desktop/OKUL\ /projeler/NEXUS/NEXUSStudyPad/NEXUSStudyPad/Models/StudyModels.swift (in target 'NEXUSStudyPad' from project 'NEXUSStudyPad')
    cd /Users/mecid/Desktop/OKUL\ /projeler/NEXUS/NEXUSStudyPad
    

SwiftDriverJobDiscovery normal arm64 Compiling PersistenceController.swift, AudioRecordingService.swift (in target 'NEXUSStudyPad' from project 'NEXUSStudyPad')

Copy /Users/mecid/Desktop/OKUL\ /projeler/NEXUS/NEXUSStudyPad/.build/Phase2Check/Build/Products/Debug-iphonesimulator/NEXUSStudyPad.swiftmodule/arm64-apple-ios-simulator.swiftmodule /Users/mecid/Desktop/OKUL\ /projeler/NEXUS/NEXUSStudyPad/.build/Phase2Check/Build/Intermediates.noindex/NEXUSStudyPad.build/Debug-iphonesimulator/NEXUSStudyPad.build/Objects-normal/arm64/NEXUSStudyPad.swiftmodule (in target 'NEXUSStudyPad' from project 'NEXUSStudyPad')
    cd /Users/mecid/Desktop/OKUL\ /projeler/NEXUS/NEXUSStudyPad
    builtin-copy -exclude .DS_Store -exclude CVS -exclude .svn -exclude .git -exclude .hg -resolve-src-symlinks -rename /Users/mecid/Desktop/OKUL\ /projeler/NEXUS/NEXUSStudyPad/.build/Phase2Check/Build/Intermediates.noindex/NEXUSStudyPad.build/Debug-iphonesimulator/NEXUSStudyPad.build/Objects-normal/arm64/NEXUSStudyPad.swiftmodule /Users/mecid/Desktop/OKUL\ /projeler/NEXUS/NEXUSStudyPad/.build/Phase2Check/Build/Products/Debug-iphonesimulator/NEXUSStudyPad.swiftmodule/arm64-apple-ios-simulator.swiftmodule

Copy /Users/mecid/Desktop/OKUL\ /projeler/NEXUS/NEXUSStudyPad/.build/Phase2Check/Build/Products/Debug-iphonesimulator/NEXUSStudyPad.swiftmodule/arm64-apple-ios-simulator.swiftdoc /Users/mecid/Desktop/OKUL\ /projeler/NEXUS/NEXUSStudyPad/.build/Phase2Check/Build/Intermediates.noindex/NEXUSStudyPad.build/Debug-iphonesimulator/NEXUSStudyPad.build/Objects-normal/arm64/NEXUSStudyPad.swiftdoc (in target 'NEXUSStudyPad' from project 'NEXUSStudyPad')
    cd /Users/mecid/Desktop/OKUL\ /projeler/NEXUS/NEXUSStudyPad
    builtin-copy -exclude .DS_Store -exclude CVS -exclude .svn -exclude .git -exclude .hg -resolve-src-symlinks -rename /Users/mecid/Desktop/OKUL\ /projeler/NEXUS/NEXUSStudyPad/.build/Phase2Check/Build/Intermediates.noindex/NEXUSStudyPad.build/Debug-iphonesimulator/NEXUSStudyPad.build/Objects-normal/arm64/NEXUSStudyPad.swiftdoc /Users/mecid/Desktop/OKUL\ /projeler/NEXUS/NEXUSStudyPad/.build/Phase2Check/Build/Products/Debug-iphonesimulator/NEXUSStudyPad.swiftmodule/arm64-apple-ios-simulator.swiftdoc

Copy /Users/mecid/Desktop/OKUL\ /projeler/NEXUS/NEXUSStudyPad/.build/Phase2Check/Build/Products/Debug-iphonesimulator/NEXUSStudyPad.swiftmodule/arm64-apple-ios-simulator.abi.json /Users/mecid/Desktop/OKUL\ /projeler/NEXUS/NEXUSStudyPad/.build/Phase2Check/Build/Intermediates.noindex/NEXUSStudyPad.build/Debug-iphonesimulator/NEXUSStudyPad.build/Objects-normal/arm64/NEXUSStudyPad.abi.json (in target 'NEXUSStudyPad' from project 'NEXUSStudyPad')
    cd /Users/mecid/Desktop/OKUL\ /projeler/NEXUS/NEXUSStudyPad
    builtin-copy -exclude .DS_Store -exclude CVS -exclude .svn -exclude .git -exclude .hg -resolve-src-symlinks -rename /Users/mecid/Desktop/OKUL\ /projeler/NEXUS/NEXUSStudyPad/.build/Phase2Check/Build/Intermediates.noindex/NEXUSStudyPad.build/Debug-iphonesimulator/NEXUSStudyPad.build/Objects-normal/arm64/NEXUSStudyPad.abi.json /Users/mecid/Desktop/OKUL\ /projeler/NEXUS/NEXUSStudyPad/.build/Phase2Check/Build/Products/Debug-iphonesimulator/NEXUSStudyPad.swiftmodule/arm64-apple-ios-simulator.abi.json

Copy /Users/mecid/Desktop/OKUL\ /projeler/NEXUS/NEXUSStudyPad/.build/Phase2Check/Build/Products/Debug-iphonesimulator/NEXUSStudyPad.swiftmodule/Project/arm64-apple-ios-simulator.swiftsourceinfo /Users/mecid/Desktop/OKUL\ /projeler/NEXUS/NEXUSStudyPad/.build/Phase2Check/Build/Intermediates.noindex/NEXUSStudyPad.build/Debug-iphonesimulator/NEXUSStudyPad.build/Objects-normal/arm64/NEXUSStudyPad.swiftsourceinfo (in target 'NEXUSStudyPad' from project 'NEXUSStudyPad')
    cd /Users/mecid/Desktop/OKUL\ /projeler/NEXUS/NEXUSStudyPad
    builtin-copy -exclude .DS_Store -exclude CVS -exclude .svn -exclude .git -exclude .hg -resolve-src-symlinks -rename /Users/mecid/Desktop/OKUL\ /projeler/NEXUS/NEXUSStudyPad/.build/Phase2Check/Build/Intermediates.noindex/NEXUSStudyPad.build/Debug-iphonesimulator/NEXUSStudyPad.build/Objects-normal/arm64/NEXUSStudyPad.swiftsourceinfo /Users/mecid/Desktop/OKUL\ /projeler/NEXUS/NEXUSStudyPad/.build/Phase2Check/Build/Products/Debug-iphonesimulator/NEXUSStudyPad.swiftmodule/Project/arm64-apple-ios-simulator.swiftsourceinfo

SwiftCompile normal x86_64 Compiling\ NoteViews.swift,\ TaskViews.swift /Users/mecid/Desktop/OKUL\ /projeler/NEXUS/NEXUSStudyPad/NEXUSStudyPad/Features/Notes/NoteViews.swift /Users/mecid/Desktop/OKUL\ /projeler/NEXUS/NEXUSStudyPad/NEXUSStudyPad/Features/Tasks/TaskViews.swift (in target 'NEXUSStudyPad' from project 'NEXUSStudyPad')

SwiftCompile normal x86_64 /Users/mecid/Desktop/OKUL\ /projeler/NEXUS/NEXUSStudyPad/NEXUSStudyPad/Features/Notes/NoteViews.swift (in target 'NEXUSStudyPad' from project 'NEXUSStudyPad')
    cd /Users/mecid/Desktop/OKUL\ /projeler/NEXUS/NEXUSStudyPad
    

SwiftCompile normal x86_64 /Users/mecid/Desktop/OKUL\ /projeler/NEXUS/NEXUSStudyPad/NEXUSStudyPad/Features/Tasks/TaskViews.swift (in target 'NEXUSStudyPad' from project 'NEXUSStudyPad')
    cd /Users/mecid/Desktop/OKUL\ /projeler/NEXUS/NEXUSStudyPad
    

LinkAssetCatalog /Users/mecid/Desktop/OKUL\ /projeler/NEXUS/NEXUSStudyPad/NEXUSStudyPad/Resources/Assets.xcassets (in target 'NEXUSStudyPad' from project 'NEXUSStudyPad')
    cd /Users/mecid/Desktop/OKUL\ /projeler/NEXUS/NEXUSStudyPad
    builtin-linkAssetCatalog --thinned /Users/mecid/Desktop/OKUL\ /projeler/NEXUS/NEXUSStudyPad/.build/Phase2Check/Build/Intermediates.noindex/NEXUSStudyPad.build/Debug-iphonesimulator/NEXUSStudyPad.build/assetcatalog_output/thinned --thinned-dependencies /Users/mecid/Desktop/OKUL\ /projeler/NEXUS/NEXUSStudyPad/.build/Phase2Check/Build/Intermediates.noindex/NEXUSStudyPad.build/Debug-iphonesimulator/NEXUSStudyPad.build/assetcatalog_dependencies_thinned --thinned-info-plist-content /Users/mecid/Desktop/OKUL\ /projeler/NEXUS/NEXUSStudyPad/.build/Phase2Check/Build/Intermediates.noindex/NEXUSStudyPad.build/Debug-iphonesimulator/NEXUSStudyPad.build/assetcatalog_generated_info.plist_thinned --unthinned /Users/mecid/Desktop/OKUL\ /projeler/NEXUS/NEXUSStudyPad/.build/Phase2Check/Build/Intermediates.noindex/NEXUSStudyPad.build/Debug-iphonesimulator/NEXUSStudyPad.build/assetcatalog_output/unthinned --unthinned-dependencies /Users/mecid/Desktop/OKUL\ /projeler/NEXUS/NEXUSStudyPad/.build/Phase2Check/Build/Intermediates.noindex/NEXUSStudyPad.build/Debug-iphonesimulator/NEXUSStudyPad.build/assetcatalog_dependencies_unthinned --unthinned-info-plist-content /Users/mecid/Desktop/OKUL\ /projeler/NEXUS/NEXUSStudyPad/.build/Phase2Check/Build/Intermediates.noindex/NEXUSStudyPad.build/Debug-iphonesimulator/NEXUSStudyPad.build/assetcatalog_generated_info.plist_unthinned --output /Users/mecid/Desktop/OKUL\ /projeler/NEXUS/NEXUSStudyPad/.build/Phase2Check/Build/Products/Debug-iphonesimulator/NEXUSStudyPad.app --plist-output /Users/mecid/Desktop/OKUL\ /projeler/NEXUS/NEXUSStudyPad/.build/Phase2Check/Build/Intermediates.noindex/NEXUSStudyPad.build/Debug-iphonesimulator/NEXUSStudyPad.build/assetcatalog_generated_info.plist
note: Emplaced /Users/mecid/Desktop/OKUL /projeler/NEXUS/NEXUSStudyPad/.build/Phase2Check/Build/Products/Debug-iphonesimulator/NEXUSStudyPad.app/AppIcon60x60@2x.png (in target 'NEXUSStudyPad' from project 'NEXUSStudyPad')
note: Emplaced /Users/mecid/Desktop/OKUL /projeler/NEXUS/NEXUSStudyPad/.build/Phase2Check/Build/Products/Debug-iphonesimulator/NEXUSStudyPad.app/AppIcon76x76@2x~ipad.png (in target 'NEXUSStudyPad' from project 'NEXUSStudyPad')
note: Emplaced /Users/mecid/Desktop/OKUL /projeler/NEXUS/NEXUSStudyPad/.build/Phase2Check/Build/Products/Debug-iphonesimulator/NEXUSStudyPad.app/Assets.car (in target 'NEXUSStudyPad' from project 'NEXUSStudyPad')

SwiftDriverJobDiscovery normal arm64 Compiling DocumentImportService.swift, StudyPadTransferService.swift (in target 'NEXUSStudyPad' from project 'NEXUSStudyPad')

SwiftCompile normal x86_64 Compiling\ CourseViews.swift,\ DocumentViews.swift /Users/mecid/Desktop/OKUL\ /projeler/NEXUS/NEXUSStudyPad/NEXUSStudyPad/Features/Courses/CourseViews.swift /Users/mecid/Desktop/OKUL\ /projeler/NEXUS/NEXUSStudyPad/NEXUSStudyPad/Features/Documents/DocumentViews.swift (in target 'NEXUSStudyPad' from project 'NEXUSStudyPad')
SwiftCompile normal x86_64 /Users/mecid/Desktop/OKUL\ /projeler/NEXUS/NEXUSStudyPad/NEXUSStudyPad/Features/Courses/CourseViews.swift (in target 'NEXUSStudyPad' from project 'NEXUSStudyPad')
    cd /Users/mecid/Desktop/OKUL\ /projeler/NEXUS/NEXUSStudyPad
    

SwiftCompile normal x86_64 /Users/mecid/Desktop/OKUL\ /projeler/NEXUS/NEXUSStudyPad/NEXUSStudyPad/Features/Documents/DocumentViews.swift (in target 'NEXUSStudyPad' from project 'NEXUSStudyPad')
    cd /Users/mecid/Desktop/OKUL\ /projeler/NEXUS/NEXUSStudyPad
    

SwiftCompile normal x86_64 Compiling\ HomeViewModel.swift,\ LectureViews.swift /Users/mecid/Desktop/OKUL\ /projeler/NEXUS/NEXUSStudyPad/NEXUSStudyPad/Features/Home/HomeViewModel.swift /Users/mecid/Desktop/OKUL\ /projeler/NEXUS/NEXUSStudyPad/NEXUSStudyPad/Features/Lectures/LectureViews.swift (in target 'NEXUSStudyPad' from project 'NEXUSStudyPad')

SwiftCompile normal x86_64 /Users/mecid/Desktop/OKUL\ /projeler/NEXUS/NEXUSStudyPad/NEXUSStudyPad/Features/Home/HomeViewModel.swift (in target 'NEXUSStudyPad' from project 'NEXUSStudyPad')
    cd /Users/mecid/Desktop/OKUL\ /projeler/NEXUS/NEXUSStudyPad
    

SwiftCompile normal x86_64 /Users/mecid/Desktop/OKUL\ /projeler/NEXUS/NEXUSStudyPad/NEXUSStudyPad/Features/Lectures/LectureViews.swift (in target 'NEXUSStudyPad' from project 'NEXUSStudyPad')
    cd /Users/mecid/Desktop/OKUL\ /projeler/NEXUS/NEXUSStudyPad
    

SwiftDriverJobDiscovery normal arm64 Compiling PDFKitViews.swift, HomeView.swift (in target 'NEXUSStudyPad' from project 'NEXUSStudyPad')

ProcessInfoPlistFile /Users/mecid/Desktop/OKUL\ /projeler/NEXUS/NEXUSStudyPad/.build/Phase2Check/Build/Products/Debug-iphonesimulator/NEXUSStudyPad.app/Info.plist /Users/mecid/Desktop/OKUL\ /projeler/NEXUS/NEXUSStudyPad/.build/Phase2Check/Build/Intermediates.noindex/NEXUSStudyPad.build/Debug-iphonesimulator/NEXUSStudyPad.build/empty-NEXUSStudyPad.plist (in target 'NEXUSStudyPad' from project 'NEXUSStudyPad')
    cd /Users/mecid/Desktop/OKUL\ /projeler/NEXUS/NEXUSStudyPad
    builtin-infoPlistUtility /Users/mecid/Desktop/OKUL\ /projeler/NEXUS/NEXUSStudyPad/.build/Phase2Check/Build/Intermediates.noindex/NEXUSStudyPad.build/Debug-iphonesimulator/NEXUSStudyPad.build/empty-NEXUSStudyPad.plist -producttype com.apple.product-type.application -genpkginfo /Users/mecid/Desktop/OKUL\ /projeler/NEXUS/NEXUSStudyPad/.build/Phase2Check/Build/Products/Debug-iphonesimulator/NEXUSStudyPad.app/PkgInfo -expandbuildsettings -format binary -platform iphonesimulator -additionalcontentfile /Users/mecid/Desktop/OKUL\ /projeler/NEXUS/NEXUSStudyPad/.build/Phase2Check/Build/Intermediates.noindex/NEXUSStudyPad.build/Debug-iphonesimulator/NEXUSStudyPad.build/assetcatalog_generated_info.plist -o /Users/mecid/Desktop/OKUL\ /projeler/NEXUS/NEXUSStudyPad/.build/Phase2Check/Build/Products/Debug-iphonesimulator/NEXUSStudyPad.app/Info.plist

SwiftDriverJobDiscovery normal arm64 Compiling AppRoute.swift, PadDesignSystem.swift (in target 'NEXUSStudyPad' from project 'NEXUSStudyPad')

SwiftCompile normal x86_64 Compiling\ AppRoute.swift,\ PadDesignSystem.swift /Users/mecid/Desktop/OKUL\ /projeler/NEXUS/NEXUSStudyPad/NEXUSStudyPad/Core/AppRoute.swift /Users/mecid/Desktop/OKUL\ /projeler/NEXUS/NEXUSStudyPad/NEXUSStudyPad/DesignSystem/PadDesignSystem.swift (in target 'NEXUSStudyPad' from project 'NEXUSStudyPad')

SwiftCompile normal x86_64 /Users/mecid/Desktop/OKUL\ /projeler/NEXUS/NEXUSStudyPad/NEXUSStudyPad/Core/AppRoute.swift (in target 'NEXUSStudyPad' from project 'NEXUSStudyPad')
    cd /Users/mecid/Desktop/OKUL\ /projeler/NEXUS/NEXUSStudyPad
    

SwiftCompile normal x86_64 /Users/mecid/Desktop/OKUL\ /projeler/NEXUS/NEXUSStudyPad/NEXUSStudyPad/DesignSystem/PadDesignSystem.swift (in target 'NEXUSStudyPad' from project 'NEXUSStudyPad')
    cd /Users/mecid/Desktop/OKUL\ /projeler/NEXUS/NEXUSStudyPad
    

SwiftCompile normal x86_64 Compiling\ PDFKitViews.swift,\ HomeView.swift /Users/mecid/Desktop/OKUL\ /projeler/NEXUS/NEXUSStudyPad/NEXUSStudyPad/Features/Documents/PDFKitViews.swift /Users/mecid/Desktop/OKUL\ /projeler/NEXUS/NEXUSStudyPad/NEXUSStudyPad/Features/Home/HomeView.swift (in target 'NEXUSStudyPad' from project 'NEXUSStudyPad')

SwiftCompile normal x86_64 /Users/mecid/Desktop/OKUL\ /projeler/NEXUS/NEXUSStudyPad/NEXUSStudyPad/Features/Documents/PDFKitViews.swift (in target 'NEXUSStudyPad' from project 'NEXUSStudyPad')
    cd /Users/mecid/Desktop/OKUL\ /projeler/NEXUS/NEXUSStudyPad
    

SwiftCompile normal x86_64 /Users/mecid/Desktop/OKUL\ /projeler/NEXUS/NEXUSStudyPad/NEXUSStudyPad/Features/Home/HomeView.swift (in target 'NEXUSStudyPad' from project 'NEXUSStudyPad')
    cd /Users/mecid/Desktop/OKUL\ /projeler/NEXUS/NEXUSStudyPad
    

SwiftDriverJobDiscovery normal arm64 Compiling NEXUSStudyPadApp.swift, RootView.swift (in target 'NEXUSStudyPad' from project 'NEXUSStudyPad')

SwiftCompile normal x86_64 Compiling\ DocumentImportService.swift,\ StudyPadTransferService.swift /Users/mecid/Desktop/OKUL\ /projeler/NEXUS/NEXUSStudyPad/NEXUSStudyPad/Services/DocumentImportService.swift /Users/mecid/Desktop/OKUL\ /projeler/NEXUS/NEXUSStudyPad/NEXUSStudyPad/Services/StudyPadTransferService.swift (in target 'NEXUSStudyPad' from project 'NEXUSStudyPad')

SwiftCompile normal x86_64 /Users/mecid/Desktop/OKUL\ /projeler/NEXUS/NEXUSStudyPad/NEXUSStudyPad/Services/DocumentImportService.swift (in target 'NEXUSStudyPad' from project 'NEXUSStudyPad')
    cd /Users/mecid/Desktop/OKUL\ /projeler/NEXUS/NEXUSStudyPad
    

SwiftCompile normal x86_64 /Users/mecid/Desktop/OKUL\ /projeler/NEXUS/NEXUSStudyPad/NEXUSStudyPad/Services/StudyPadTransferService.swift (in target 'NEXUSStudyPad' from project 'NEXUSStudyPad')
    cd /Users/mecid/Desktop/OKUL\ /projeler/NEXUS/NEXUSStudyPad
    

SwiftDriverJobDiscovery normal arm64 Compiling PencilCanvasView.swift, TerminalStates.swift (in target 'NEXUSStudyPad' from project 'NEXUSStudyPad')

SwiftCompile normal arm64 Compiling\ HomeViewModel.swift,\ LectureViews.swift /Users/mecid/Desktop/OKUL\ /projeler/NEXUS/NEXUSStudyPad/NEXUSStudyPad/Features/Home/HomeViewModel.swift /Users/mecid/Desktop/OKUL\ /projeler/NEXUS/NEXUSStudyPad/NEXUSStudyPad/Features/Lectures/LectureViews.swift (in target 'NEXUSStudyPad' from project 'NEXUSStudyPad')

SwiftCompile normal arm64 /Users/mecid/Desktop/OKUL\ /projeler/NEXUS/NEXUSStudyPad/NEXUSStudyPad/Features/Home/HomeViewModel.swift (in target 'NEXUSStudyPad' from project 'NEXUSStudyPad')
    cd /Users/mecid/Desktop/OKUL\ /projeler/NEXUS/NEXUSStudyPad
    

SwiftCompile normal arm64 /Users/mecid/Desktop/OKUL\ /projeler/NEXUS/NEXUSStudyPad/NEXUSStudyPad/Features/Lectures/LectureViews.swift (in target 'NEXUSStudyPad' from project 'NEXUSStudyPad')
    cd /Users/mecid/Desktop/OKUL\ /projeler/NEXUS/NEXUSStudyPad
    

SwiftDriverJobDiscovery normal arm64 Compiling TransferView.swift, StudyModels.swift (in target 'NEXUSStudyPad' from project 'NEXUSStudyPad')

SwiftCompile normal x86_64 Compiling\ PersistenceController.swift,\ AudioRecordingService.swift /Users/mecid/Desktop/OKUL\ /projeler/NEXUS/NEXUSStudyPad/NEXUSStudyPad/Persistence/PersistenceController.swift /Users/mecid/Desktop/OKUL\ /projeler/NEXUS/NEXUSStudyPad/NEXUSStudyPad/Services/AudioRecordingService.swift (in target 'NEXUSStudyPad' from project 'NEXUSStudyPad')

SwiftCompile normal x86_64 /Users/mecid/Desktop/OKUL\ /projeler/NEXUS/NEXUSStudyPad/NEXUSStudyPad/Persistence/PersistenceController.swift (in target 'NEXUSStudyPad' from project 'NEXUSStudyPad')
    cd /Users/mecid/Desktop/OKUL\ /projeler/NEXUS/NEXUSStudyPad
    

SwiftCompile normal x86_64 /Users/mecid/Desktop/OKUL\ /projeler/NEXUS/NEXUSStudyPad/NEXUSStudyPad/Services/AudioRecordingService.swift (in target 'NEXUSStudyPad' from project 'NEXUSStudyPad')
    cd /Users/mecid/Desktop/OKUL\ /projeler/NEXUS/NEXUSStudyPad
    

SwiftDriverJobDiscovery normal x86_64 Emitting module for NEXUSStudyPad (in target 'NEXUSStudyPad' from project 'NEXUSStudyPad')

SwiftDriver\ Compilation\ Requirements NEXUSStudyPad normal x86_64 com.apple.xcode.tools.swift.compiler (in target 'NEXUSStudyPad' from project 'NEXUSStudyPad')
    cd /Users/mecid/Desktop/OKUL\ /projeler/NEXUS/NEXUSStudyPad
    builtin-Swift-Compilation-Requirements -- /Applications/Xcode.app/Contents/Developer/Toolchains/XcodeDefault.xctoolchain/usr/bin/swiftc -module-name NEXUSStudyPad -Onone @/Users/mecid/Desktop/OKUL\ /projeler/NEXUS/NEXUSStudyPad/.build/Phase2Check/Build/Intermediates.noindex/NEXUSStudyPad.build/Debug-iphonesimulator/NEXUSStudyPad.build/Objects-normal/x86_64/NEXUSStudyPad.SwiftFileList -DDEBUG -strict-concurrency\=targeted -enable-bare-slash-regex -enable-experimental-feature DebugDescriptionMacro -sdk /Applications/Xcode.app/Contents/Developer/Platforms/iPhoneSimulator.platform/Developer/SDKs/iPhoneSimulator26.5.sdk -target x86_64-apple-ios17.0-simulator -g -module-cache-path /Users/mecid/Desktop/OKUL\ /projeler/NEXUS/NEXUSStudyPad/.build/Phase2Check/ModuleCache.noindex -Xfrontend -serialize-debugging-options -enable-testing -index-store-path /Users/mecid/Desktop/OKUL\ /projeler/NEXUS/NEXUSStudyPad/.build/Phase2Check/Index.noindex/DataStore -swift-version 5 -I /Users/mecid/Desktop/OKUL\ /projeler/NEXUS/NEXUSStudyPad/.build/Phase2Check/Build/Products/Debug-iphonesimulator -F /Users/mecid/Desktop/OKUL\ /projeler/NEXUS/NEXUSStudyPad/.build/Phase2Check/Build/Products/Debug-iphonesimulator -emit-localized-strings -emit-localized-strings-path /Users/mecid/Desktop/OKUL\ /projeler/NEXUS/NEXUSStudyPad/.build/Phase2Check/Build/Intermediates.noindex/NEXUSStudyPad.build/Debug-iphonesimulator/NEXUSStudyPad.build/Objects-normal/x86_64 -c -j11 -enable-batch-mode -incremental -Xcc -ivfsstatcache -Xcc /Users/mecid/Desktop/OKUL\ /projeler/NEXUS/NEXUSStudyPad/.build/Phase2Check/SDKStatCaches.noindex/iphonesimulator26.5-23F81a-6cfe768891a92b912361537c460fe42b.sdkstatcache -output-file-map /Users/mecid/Desktop/OKUL\ /projeler/NEXUS/NEXUSStudyPad/.build/Phase2Check/Build/Intermediates.noindex/NEXUSStudyPad.build/Debug-iphonesimulator/NEXUSStudyPad.build/Objects-normal/x86_64/NEXUSStudyPad-OutputFileMap.json -use-frontend-parseable-output -save-temps -no-color-diagnostics -explicit-module-build -module-cache-path /Users/mecid/Desktop/OKUL\ /projeler/NEXUS/NEXUSStudyPad/.build/Phase2Check/Build/Intermediates.noindex/SwiftExplicitPrecompiledModules -clang-scanner-module-cache-path /Users/mecid/Desktop/OKUL\ /projeler/NEXUS/NEXUSStudyPad/.build/Phase2Check/ModuleCache.noindex -sdk-module-cache-path /Users/mecid/Desktop/OKUL\ /projeler/NEXUS/NEXUSStudyPad/.build/Phase2Check/ModuleCache.noindex -serialize-diagnostics -emit-dependencies -emit-module -emit-module-path /Users/mecid/Desktop/OKUL\ /projeler/NEXUS/NEXUSStudyPad/.build/Phase2Check/Build/Intermediates.noindex/NEXUSStudyPad.build/Debug-iphonesimulator/NEXUSStudyPad.build/Objects-normal/x86_64/NEXUSStudyPad.swiftmodule -validate-clang-modules-once -clang-build-session-file /Users/mecid/Desktop/OKUL\ /projeler/NEXUS/NEXUSStudyPad/.build/Phase2Check/ModuleCache.noindex/Session.modulevalidation -Xcc -I/Users/mecid/Desktop/OKUL\ /projeler/NEXUS/NEXUSStudyPad/.build/Phase2Check/Build/Intermediates.noindex/NEXUSStudyPad.build/Debug-iphonesimulator/NEXUSStudyPad.build/swift-overrides.hmap -emit-const-values -Xfrontend -const-gather-protocols-file -Xfrontend /Users/mecid/Desktop/OKUL\ /projeler/NEXUS/NEXUSStudyPad/.build/Phase2Check/Build/Intermediates.noindex/NEXUSStudyPad.build/Debug-iphonesimulator/NEXUSStudyPad.build/Objects-normal/x86_64/NEXUSStudyPad_const_extract_protocols.json -Xcc -iquote -Xcc /Users/mecid/Desktop/OKUL\ /projeler/NEXUS/NEXUSStudyPad/.build/Phase2Check/Build/Intermediates.noindex/NEXUSStudyPad.build/Debug-iphonesimulator/NEXUSStudyPad.build/NEXUSStudyPad-generated-files.hmap -Xcc -I/Users/mecid/Desktop/OKUL\ /projeler/NEXUS/NEXUSStudyPad/.build/Phase2Check/Build/Intermediates.noindex/NEXUSStudyPad.build/Debug-iphonesimulator/NEXUSStudyPad.build/NEXUSStudyPad-own-target-headers.hmap -Xcc -I/Users/mecid/Desktop/OKUL\ /projeler/NEXUS/NEXUSStudyPad/.build/Phase2Check/Build/Intermediates.noindex/NEXUSStudyPad.build/Debug-iphonesimulator/NEXUSStudyPad.build/NEXUSStudyPad-all-target-headers.hmap -Xcc -iquote -Xcc /Users/mecid/Desktop/OKUL\ /projeler/NEXUS/NEXUSStudyPad/.build/Phase2Check/Build/Intermediates.noindex/NEXUSStudyPad.build/Debug-iphonesimulator/NEXUSStudyPad.build/NEXUSStudyPad-project-headers.hmap -Xcc -I/Users/mecid/Desktop/OKUL\ /projeler/NEXUS/NEXUSStudyPad/.build/Phase2Check/Build/Products/Debug-iphonesimulator/include -Xcc -I/Users/mecid/Desktop/OKUL\ /projeler/NEXUS/NEXUSStudyPad/.build/Phase2Check/Build/Intermediates.noindex/NEXUSStudyPad.build/Debug-iphonesimulator/NEXUSStudyPad.build/DerivedSources-normal/x86_64 -Xcc -I/Users/mecid/Desktop/OKUL\ /projeler/NEXUS/NEXUSStudyPad/.build/Phase2Check/Build/Intermediates.noindex/NEXUSStudyPad.build/Debug-iphonesimulator/NEXUSStudyPad.build/DerivedSources/x86_64 -Xcc -I/Users/mecid/Desktop/OKUL\ /projeler/NEXUS/NEXUSStudyPad/.build/Phase2Check/Build/Intermediates.noindex/NEXUSStudyPad.build/Debug-iphonesimulator/NEXUSStudyPad.build/DerivedSources -emit-objc-header -emit-objc-header-path /Users/mecid/Desktop/OKUL\ /projeler/NEXUS/NEXUSStudyPad/.build/Phase2Check/Build/Intermediates.noindex/NEXUSStudyPad.build/Debug-iphonesimulator/NEXUSStudyPad.build/Objects-normal/x86_64/NEXUSStudyPad-Swift.h -working-directory /Users/mecid/Desktop/OKUL\ /projeler/NEXUS/NEXUSStudyPad -experimental-emit-module-separately -disable-cmo

SwiftDriverJobDiscovery normal arm64 Compiling CourseViews.swift, DocumentViews.swift (in target 'NEXUSStudyPad' from project 'NEXUSStudyPad')

SwiftCompile normal x86_64 Compiling\ GeneratedAssetSymbols.swift /Users/mecid/Desktop/OKUL\ /projeler/NEXUS/NEXUSStudyPad/.build/Phase2Check/Build/Intermediates.noindex/NEXUSStudyPad.build/Debug-iphonesimulator/NEXUSStudyPad.build/DerivedSources/GeneratedAssetSymbols.swift (in target 'NEXUSStudyPad' from project 'NEXUSStudyPad')

SwiftCompile normal x86_64 /Users/mecid/Desktop/OKUL\ /projeler/NEXUS/NEXUSStudyPad/.build/Phase2Check/Build/Intermediates.noindex/NEXUSStudyPad.build/Debug-iphonesimulator/NEXUSStudyPad.build/DerivedSources/GeneratedAssetSymbols.swift (in target 'NEXUSStudyPad' from project 'NEXUSStudyPad')
    cd /Users/mecid/Desktop/OKUL\ /projeler/NEXUS/NEXUSStudyPad
    

SwiftMergeGeneratedHeaders /Users/mecid/Desktop/OKUL\ /projeler/NEXUS/NEXUSStudyPad/.build/Phase2Check/Build/Intermediates.noindex/NEXUSStudyPad.build/Debug-iphonesimulator/NEXUSStudyPad.build/DerivedSources/NEXUSStudyPad-Swift.h /Users/mecid/Desktop/OKUL\ /projeler/NEXUS/NEXUSStudyPad/.build/Phase2Check/Build/Intermediates.noindex/NEXUSStudyPad.build/Debug-iphonesimulator/NEXUSStudyPad.build/Objects-normal/arm64/NEXUSStudyPad-Swift.h /Users/mecid/Desktop/OKUL\ /projeler/NEXUS/NEXUSStudyPad/.build/Phase2Check/Build/Intermediates.noindex/NEXUSStudyPad.build/Debug-iphonesimulator/NEXUSStudyPad.build/Objects-normal/x86_64/NEXUSStudyPad-Swift.h (in target 'NEXUSStudyPad' from project 'NEXUSStudyPad')
    cd /Users/mecid/Desktop/OKUL\ /projeler/NEXUS/NEXUSStudyPad
    builtin-swiftHeaderTool -arch arm64 /Users/mecid/Desktop/OKUL\ /projeler/NEXUS/NEXUSStudyPad/.build/Phase2Check/Build/Intermediates.noindex/NEXUSStudyPad.build/Debug-iphonesimulator/NEXUSStudyPad.build/Objects-normal/arm64/NEXUSStudyPad-Swift.h -arch x86_64 /Users/mecid/Desktop/OKUL\ /projeler/NEXUS/NEXUSStudyPad/.build/Phase2Check/Build/Intermediates.noindex/NEXUSStudyPad.build/Debug-iphonesimulator/NEXUSStudyPad.build/Objects-normal/x86_64/NEXUSStudyPad-Swift.h -o /Users/mecid/Desktop/OKUL\ /projeler/NEXUS/NEXUSStudyPad/.build/Phase2Check/Build/Intermediates.noindex/NEXUSStudyPad.build/Debug-iphonesimulator/NEXUSStudyPad.build/DerivedSources/NEXUSStudyPad-Swift.h

SwiftDriverJobDiscovery normal x86_64 Compiling GeneratedAssetSymbols.swift (in target 'NEXUSStudyPad' from project 'NEXUSStudyPad')

Copy /Users/mecid/Desktop/OKUL\ /projeler/NEXUS/NEXUSStudyPad/.build/Phase2Check/Build/Products/Debug-iphonesimulator/NEXUSStudyPad.swiftmodule/x86_64-apple-ios-simulator.swiftmodule /Users/mecid/Desktop/OKUL\ /projeler/NEXUS/NEXUSStudyPad/.build/Phase2Check/Build/Intermediates.noindex/NEXUSStudyPad.build/Debug-iphonesimulator/NEXUSStudyPad.build/Objects-normal/x86_64/NEXUSStudyPad.swiftmodule (in target 'NEXUSStudyPad' from project 'NEXUSStudyPad')
    cd /Users/mecid/Desktop/OKUL\ /projeler/NEXUS/NEXUSStudyPad
    builtin-copy -exclude .DS_Store -exclude CVS -exclude .svn -exclude .git -exclude .hg -resolve-src-symlinks -rename /Users/mecid/Desktop/OKUL\ /projeler/NEXUS/NEXUSStudyPad/.build/Phase2Check/Build/Intermediates.noindex/NEXUSStudyPad.build/Debug-iphonesimulator/NEXUSStudyPad.build/Objects-normal/x86_64/NEXUSStudyPad.swiftmodule /Users/mecid/Desktop/OKUL\ /projeler/NEXUS/NEXUSStudyPad/.build/Phase2Check/Build/Products/Debug-iphonesimulator/NEXUSStudyPad.swiftmodule/x86_64-apple-ios-simulator.swiftmodule

Copy /Users/mecid/Desktop/OKUL\ /projeler/NEXUS/NEXUSStudyPad/.build/Phase2Check/Build/Products/Debug-iphonesimulator/NEXUSStudyPad.swiftmodule/x86_64-apple-ios-simulator.swiftdoc /Users/mecid/Desktop/OKUL\ /projeler/NEXUS/NEXUSStudyPad/.build/Phase2Check/Build/Intermediates.noindex/NEXUSStudyPad.build/Debug-iphonesimulator/NEXUSStudyPad.build/Objects-normal/x86_64/NEXUSStudyPad.swiftdoc (in target 'NEXUSStudyPad' from project 'NEXUSStudyPad')
    cd /Users/mecid/Desktop/OKUL\ /projeler/NEXUS/NEXUSStudyPad
    builtin-copy -exclude .DS_Store -exclude CVS -exclude .svn -exclude .git -exclude .hg -resolve-src-symlinks -rename /Users/mecid/Desktop/OKUL\ /projeler/NEXUS/NEXUSStudyPad/.build/Phase2Check/Build/Intermediates.noindex/NEXUSStudyPad.build/Debug-iphonesimulator/NEXUSStudyPad.build/Objects-normal/x86_64/NEXUSStudyPad.swiftdoc /Users/mecid/Desktop/OKUL\ /projeler/NEXUS/NEXUSStudyPad/.build/Phase2Check/Build/Products/Debug-iphonesimulator/NEXUSStudyPad.swiftmodule/x86_64-apple-ios-simulator.swiftdoc

Copy /Users/mecid/Desktop/OKUL\ /projeler/NEXUS/NEXUSStudyPad/.build/Phase2Check/Build/Products/Debug-iphonesimulator/NEXUSStudyPad.swiftmodule/x86_64-apple-ios-simulator.abi.json /Users/mecid/Desktop/OKUL\ /projeler/NEXUS/NEXUSStudyPad/.build/Phase2Check/Build/Intermediates.noindex/NEXUSStudyPad.build/Debug-iphonesimulator/NEXUSStudyPad.build/Objects-normal/x86_64/NEXUSStudyPad.abi.json (in target 'NEXUSStudyPad' from project 'NEXUSStudyPad')
    cd /Users/mecid/Desktop/OKUL\ /projeler/NEXUS/NEXUSStudyPad
    builtin-copy -exclude .DS_Store -exclude CVS -exclude .svn -exclude .git -exclude .hg -resolve-src-symlinks -rename /Users/mecid/Desktop/OKUL\ /projeler/NEXUS/NEXUSStudyPad/.build/Phase2Check/Build/Intermediates.noindex/NEXUSStudyPad.build/Debug-iphonesimulator/NEXUSStudyPad.build/Objects-normal/x86_64/NEXUSStudyPad.abi.json /Users/mecid/Desktop/OKUL\ /projeler/NEXUS/NEXUSStudyPad/.build/Phase2Check/Build/Products/Debug-iphonesimulator/NEXUSStudyPad.swiftmodule/x86_64-apple-ios-simulator.abi.json

Copy /Users/mecid/Desktop/OKUL\ /projeler/NEXUS/NEXUSStudyPad/.build/Phase2Check/Build/Products/Debug-iphonesimulator/NEXUSStudyPad.swiftmodule/Project/x86_64-apple-ios-simulator.swiftsourceinfo /Users/mecid/Desktop/OKUL\ /projeler/NEXUS/NEXUSStudyPad/.build/Phase2Check/Build/Intermediates.noindex/NEXUSStudyPad.build/Debug-iphonesimulator/NEXUSStudyPad.build/Objects-normal/x86_64/NEXUSStudyPad.swiftsourceinfo (in target 'NEXUSStudyPad' from project 'NEXUSStudyPad')
    cd /Users/mecid/Desktop/OKUL\ /projeler/NEXUS/NEXUSStudyPad
    builtin-copy -exclude .DS_Store -exclude CVS -exclude .svn -exclude .git -exclude .hg -resolve-src-symlinks -rename /Users/mecid/Desktop/OKUL\ /projeler/NEXUS/NEXUSStudyPad/.build/Phase2Check/Build/Intermediates.noindex/NEXUSStudyPad.build/Debug-iphonesimulator/NEXUSStudyPad.build/Objects-normal/x86_64/NEXUSStudyPad.swiftsourceinfo /Users/mecid/Desktop/OKUL\ /projeler/NEXUS/NEXUSStudyPad/.build/Phase2Check/Build/Products/Debug-iphonesimulator/NEXUSStudyPad.swiftmodule/Project/x86_64-apple-ios-simulator.swiftsourceinfo

SwiftCompile normal x86_64 Compiling\ NEXUSStudyPadApp.swift,\ RootView.swift /Users/mecid/Desktop/OKUL\ /projeler/NEXUS/NEXUSStudyPad/NEXUSStudyPad/App/NEXUSStudyPadApp.swift /Users/mecid/Desktop/OKUL\ /projeler/NEXUS/NEXUSStudyPad/NEXUSStudyPad/App/RootView.swift (in target 'NEXUSStudyPad' from project 'NEXUSStudyPad')

SwiftCompile normal x86_64 /Users/mecid/Desktop/OKUL\ /projeler/NEXUS/NEXUSStudyPad/NEXUSStudyPad/App/NEXUSStudyPadApp.swift (in target 'NEXUSStudyPad' from project 'NEXUSStudyPad')
    cd /Users/mecid/Desktop/OKUL\ /projeler/NEXUS/NEXUSStudyPad
    

SwiftCompile normal x86_64 /Users/mecid/Desktop/OKUL\ /projeler/NEXUS/NEXUSStudyPad/NEXUSStudyPad/App/RootView.swift (in target 'NEXUSStudyPad' from project 'NEXUSStudyPad')
    cd /Users/mecid/Desktop/OKUL\ /projeler/NEXUS/NEXUSStudyPad
    

SwiftDriverJobDiscovery normal x86_64 Compiling AppRoute.swift, PadDesignSystem.swift (in target 'NEXUSStudyPad' from project 'NEXUSStudyPad')

SwiftCompile normal arm64 Compiling\ NoteViews.swift,\ TaskViews.swift /Users/mecid/Desktop/OKUL\ /projeler/NEXUS/NEXUSStudyPad/NEXUSStudyPad/Features/Notes/NoteViews.swift /Users/mecid/Desktop/OKUL\ /projeler/NEXUS/NEXUSStudyPad/NEXUSStudyPad/Features/Tasks/TaskViews.swift (in target 'NEXUSStudyPad' from project 'NEXUSStudyPad')
SwiftCompile normal arm64 /Users/mecid/Desktop/OKUL\ /projeler/NEXUS/NEXUSStudyPad/NEXUSStudyPad/Features/Notes/NoteViews.swift (in target 'NEXUSStudyPad' from project 'NEXUSStudyPad')
    cd /Users/mecid/Desktop/OKUL\ /projeler/NEXUS/NEXUSStudyPad
    

SwiftCompile normal arm64 /Users/mecid/Desktop/OKUL\ /projeler/NEXUS/NEXUSStudyPad/NEXUSStudyPad/Features/Tasks/TaskViews.swift (in target 'NEXUSStudyPad' from project 'NEXUSStudyPad')
    cd /Users/mecid/Desktop/OKUL\ /projeler/NEXUS/NEXUSStudyPad
    

SwiftDriverJobDiscovery normal x86_64 Compiling TransferView.swift, StudyModels.swift (in target 'NEXUSStudyPad' from project 'NEXUSStudyPad')

SwiftDriverJobDiscovery normal x86_64 Compiling DocumentImportService.swift, StudyPadTransferService.swift (in target 'NEXUSStudyPad' from project 'NEXUSStudyPad')

SwiftDriverJobDiscovery normal x86_64 Compiling PDFKitViews.swift, HomeView.swift (in target 'NEXUSStudyPad' from project 'NEXUSStudyPad')

SwiftDriverJobDiscovery normal x86_64 Compiling PersistenceController.swift, AudioRecordingService.swift (in target 'NEXUSStudyPad' from project 'NEXUSStudyPad')

SwiftDriverJobDiscovery normal x86_64 Compiling NoteViews.swift, TaskViews.swift (in target 'NEXUSStudyPad' from project 'NEXUSStudyPad')

SwiftDriverJobDiscovery normal x86_64 Compiling HomeViewModel.swift, LectureViews.swift (in target 'NEXUSStudyPad' from project 'NEXUSStudyPad')

SwiftDriverJobDiscovery normal x86_64 Compiling NEXUSStudyPadApp.swift, RootView.swift (in target 'NEXUSStudyPad' from project 'NEXUSStudyPad')

SwiftDriverJobDiscovery normal x86_64 Compiling PencilCanvasView.swift, TerminalStates.swift (in target 'NEXUSStudyPad' from project 'NEXUSStudyPad')

SwiftDriverJobDiscovery normal arm64 Compiling HomeViewModel.swift, LectureViews.swift (in target 'NEXUSStudyPad' from project 'NEXUSStudyPad')

SwiftDriverJobDiscovery normal x86_64 Compiling CourseViews.swift, DocumentViews.swift (in target 'NEXUSStudyPad' from project 'NEXUSStudyPad')

SwiftDriver\ Compilation NEXUSStudyPad normal x86_64 com.apple.xcode.tools.swift.compiler (in target 'NEXUSStudyPad' from project 'NEXUSStudyPad')
    cd /Users/mecid/Desktop/OKUL\ /projeler/NEXUS/NEXUSStudyPad
    builtin-Swift-Compilation -- /Applications/Xcode.app/Contents/Developer/Toolchains/XcodeDefault.xctoolchain/usr/bin/swiftc -module-name NEXUSStudyPad -Onone @/Users/mecid/Desktop/OKUL\ /projeler/NEXUS/NEXUSStudyPad/.build/Phase2Check/Build/Intermediates.noindex/NEXUSStudyPad.build/Debug-iphonesimulator/NEXUSStudyPad.build/Objects-normal/x86_64/NEXUSStudyPad.SwiftFileList -DDEBUG -strict-concurrency\=targeted -enable-bare-slash-regex -enable-experimental-feature DebugDescriptionMacro -sdk /Applications/Xcode.app/Contents/Developer/Platforms/iPhoneSimulator.platform/Developer/SDKs/iPhoneSimulator26.5.sdk -target x86_64-apple-ios17.0-simulator -g -module-cache-path /Users/mecid/Desktop/OKUL\ /projeler/NEXUS/NEXUSStudyPad/.build/Phase2Check/ModuleCache.noindex -Xfrontend -serialize-debugging-options -enable-testing -index-store-path /Users/mecid/Desktop/OKUL\ /projeler/NEXUS/NEXUSStudyPad/.build/Phase2Check/Index.noindex/DataStore -swift-version 5 -I /Users/mecid/Desktop/OKUL\ /projeler/NEXUS/NEXUSStudyPad/.build/Phase2Check/Build/Products/Debug-iphonesimulator -F /Users/mecid/Desktop/OKUL\ /projeler/NEXUS/NEXUSStudyPad/.build/Phase2Check/Build/Products/Debug-iphonesimulator -emit-localized-strings -emit-localized-strings-path /Users/mecid/Desktop/OKUL\ /projeler/NEXUS/NEXUSStudyPad/.build/Phase2Check/Build/Intermediates.noindex/NEXUSStudyPad.build/Debug-iphonesimulator/NEXUSStudyPad.build/Objects-normal/x86_64 -c -j11 -enable-batch-mode -incremental -Xcc -ivfsstatcache -Xcc /Users/mecid/Desktop/OKUL\ /projeler/NEXUS/NEXUSStudyPad/.build/Phase2Check/SDKStatCaches.noindex/iphonesimulator26.5-23F81a-6cfe768891a92b912361537c460fe42b.sdkstatcache -output-file-map /Users/mecid/Desktop/OKUL\ /projeler/NEXUS/NEXUSStudyPad/.build/Phase2Check/Build/Intermediates.noindex/NEXUSStudyPad.build/Debug-iphonesimulator/NEXUSStudyPad.build/Objects-normal/x86_64/NEXUSStudyPad-OutputFileMap.json -use-frontend-parseable-output -save-temps -no-color-diagnostics -explicit-module-build -module-cache-path /Users/mecid/Desktop/OKUL\ /projeler/NEXUS/NEXUSStudyPad/.build/Phase2Check/Build/Intermediates.noindex/SwiftExplicitPrecompiledModules -clang-scanner-module-cache-path /Users/mecid/Desktop/OKUL\ /projeler/NEXUS/NEXUSStudyPad/.build/Phase2Check/ModuleCache.noindex -sdk-module-cache-path /Users/mecid/Desktop/OKUL\ /projeler/NEXUS/NEXUSStudyPad/.build/Phase2Check/ModuleCache.noindex -serialize-diagnostics -emit-dependencies -emit-module -emit-module-path /Users/mecid/Desktop/OKUL\ /projeler/NEXUS/NEXUSStudyPad/.build/Phase2Check/Build/Intermediates.noindex/NEXUSStudyPad.build/Debug-iphonesimulator/NEXUSStudyPad.build/Objects-normal/x86_64/NEXUSStudyPad.swiftmodule -validate-clang-modules-once -clang-build-session-file /Users/mecid/Desktop/OKUL\ /projeler/NEXUS/NEXUSStudyPad/.build/Phase2Check/ModuleCache.noindex/Session.modulevalidation -Xcc -I/Users/mecid/Desktop/OKUL\ /projeler/NEXUS/NEXUSStudyPad/.build/Phase2Check/Build/Intermediates.noindex/NEXUSStudyPad.build/Debug-iphonesimulator/NEXUSStudyPad.build/swift-overrides.hmap -emit-const-values -Xfrontend -const-gather-protocols-file -Xfrontend /Users/mecid/Desktop/OKUL\ /projeler/NEXUS/NEXUSStudyPad/.build/Phase2Check/Build/Intermediates.noindex/NEXUSStudyPad.build/Debug-iphonesimulator/NEXUSStudyPad.build/Objects-normal/x86_64/NEXUSStudyPad_const_extract_protocols.json -Xcc -iquote -Xcc /Users/mecid/Desktop/OKUL\ /projeler/NEXUS/NEXUSStudyPad/.build/Phase2Check/Build/Intermediates.noindex/NEXUSStudyPad.build/Debug-iphonesimulator/NEXUSStudyPad.build/NEXUSStudyPad-generated-files.hmap -Xcc -I/Users/mecid/Desktop/OKUL\ /projeler/NEXUS/NEXUSStudyPad/.build/Phase2Check/Build/Intermediates.noindex/NEXUSStudyPad.build/Debug-iphonesimulator/NEXUSStudyPad.build/NEXUSStudyPad-own-target-headers.hmap -Xcc -I/Users/mecid/Desktop/OKUL\ /projeler/NEXUS/NEXUSStudyPad/.build/Phase2Check/Build/Intermediates.noindex/NEXUSStudyPad.build/Debug-iphonesimulator/NEXUSStudyPad.build/NEXUSStudyPad-all-target-headers.hmap -Xcc -iquote -Xcc /Users/mecid/Desktop/OKUL\ /projeler/NEXUS/NEXUSStudyPad/.build/Phase2Check/Build/Intermediates.noindex/NEXUSStudyPad.build/Debug-iphonesimulator/NEXUSStudyPad.build/NEXUSStudyPad-project-headers.hmap -Xcc -I/Users/mecid/Desktop/OKUL\ /projeler/NEXUS/NEXUSStudyPad/.build/Phase2Check/Build/Products/Debug-iphonesimulator/include -Xcc -I/Users/mecid/Desktop/OKUL\ /projeler/NEXUS/NEXUSStudyPad/.build/Phase2Check/Build/Intermediates.noindex/NEXUSStudyPad.build/Debug-iphonesimulator/NEXUSStudyPad.build/DerivedSources-normal/x86_64 -Xcc -I/Users/mecid/Desktop/OKUL\ /projeler/NEXUS/NEXUSStudyPad/.build/Phase2Check/Build/Intermediates.noindex/NEXUSStudyPad.build/Debug-iphonesimulator/NEXUSStudyPad.build/DerivedSources/x86_64 -Xcc -I/Users/mecid/Desktop/OKUL\ /projeler/NEXUS/NEXUSStudyPad/.build/Phase2Check/Build/Intermediates.noindex/NEXUSStudyPad.build/Debug-iphonesimulator/NEXUSStudyPad.build/DerivedSources -emit-objc-header -emit-objc-header-path /Users/mecid/Desktop/OKUL\ /projeler/NEXUS/NEXUSStudyPad/.build/Phase2Check/Build/Intermediates.noindex/NEXUSStudyPad.build/Debug-iphonesimulator/NEXUSStudyPad.build/Objects-normal/x86_64/NEXUSStudyPad-Swift.h -working-directory /Users/mecid/Desktop/OKUL\ /projeler/NEXUS/NEXUSStudyPad -experimental-emit-module-separately -disable-cmo

Ld /Users/mecid/Desktop/OKUL\ /projeler/NEXUS/NEXUSStudyPad/.build/Phase2Check/Build/Intermediates.noindex/NEXUSStudyPad.build/Debug-iphonesimulator/NEXUSStudyPad.build/Objects-normal/x86_64/Binary/NEXUSStudyPad.debug.dylib normal x86_64 (in target 'NEXUSStudyPad' from project 'NEXUSStudyPad')
    cd /Users/mecid/Desktop/OKUL\ /projeler/NEXUS/NEXUSStudyPad
    /Applications/Xcode.app/Contents/Developer/Toolchains/XcodeDefault.xctoolchain/usr/bin/clang -Xlinker -reproducible -target x86_64-apple-ios17.0-simulator -dynamiclib -isysroot /Applications/Xcode.app/Contents/Developer/Platforms/iPhoneSimulator.platform/Developer/SDKs/iPhoneSimulator26.5.sdk -Os -L/Users/mecid/Desktop/OKUL\ /projeler/NEXUS/NEXUSStudyPad/.build/Phase2Check/Build/Intermediates.noindex/EagerLinkingTBDs/Debug-iphonesimulator -L/Users/mecid/Desktop/OKUL\ /projeler/NEXUS/NEXUSStudyPad/.build/Phase2Check/Build/Products/Debug-iphonesimulator -F/Users/mecid/Desktop/OKUL\ /projeler/NEXUS/NEXUSStudyPad/.build/Phase2Check/Build/Intermediates.noindex/EagerLinkingTBDs/Debug-iphonesimulator -F/Users/mecid/Desktop/OKUL\ /projeler/NEXUS/NEXUSStudyPad/.build/Phase2Check/Build/Products/Debug-iphonesimulator -filelist /Users/mecid/Desktop/OKUL\ /projeler/NEXUS/NEXUSStudyPad/.build/Phase2Check/Build/Intermediates.noindex/NEXUSStudyPad.build/Debug-iphonesimulator/NEXUSStudyPad.build/Objects-normal/x86_64/NEXUSStudyPad.LinkFileList -install_name @rpath/NEXUSStudyPad.debug.dylib -Xlinker -rpath -Xlinker /usr/lib/swift -Xlinker -rpath -Xlinker @executable_path/Frameworks -Xlinker -dead_strip -Xlinker -object_path_lto -Xlinker /Users/mecid/Desktop/OKUL\ /projeler/NEXUS/NEXUSStudyPad/.build/Phase2Check/Build/Intermediates.noindex/NEXUSStudyPad.build/Debug-iphonesimulator/NEXUSStudyPad.build/Objects-normal/x86_64/NEXUSStudyPad_lto.o -rdynamic -Xlinker -objc_abi_version -Xlinker 2 -Xlinker -dependency_info -Xlinker /Users/mecid/Desktop/OKUL\ /projeler/NEXUS/NEXUSStudyPad/.build/Phase2Check/Build/Intermediates.noindex/NEXUSStudyPad.build/Debug-iphonesimulator/NEXUSStudyPad.build/Objects-normal/x86_64/NEXUSStudyPad_dependency_info.dat -fobjc-link-runtime -L/Applications/Xcode.app/Contents/Developer/Toolchains/XcodeDefault.xctoolchain/usr/lib/swift/iphonesimulator -L/usr/lib/swift -Xlinker -add_ast_path -Xlinker /Users/mecid/Desktop/OKUL\ /projeler/NEXUS/NEXUSStudyPad/.build/Phase2Check/Build/Intermediates.noindex/NEXUSStudyPad.build/Debug-iphonesimulator/NEXUSStudyPad.build/Objects-normal/x86_64/NEXUSStudyPad.swiftmodule @/Users/mecid/Desktop/OKUL\ /projeler/NEXUS/NEXUSStudyPad/.build/Phase2Check/Build/Intermediates.noindex/NEXUSStudyPad.build/Debug-iphonesimulator/NEXUSStudyPad.build/Objects-normal/x86_64/NEXUSStudyPad-linker-args.resp -Xlinker -alias -Xlinker _main -Xlinker ___debug_main_executable_dylib_entry_point -o /Users/mecid/Desktop/OKUL\ /projeler/NEXUS/NEXUSStudyPad/.build/Phase2Check/Build/Intermediates.noindex/NEXUSStudyPad.build/Debug-iphonesimulator/NEXUSStudyPad.build/Objects-normal/x86_64/Binary/NEXUSStudyPad.debug.dylib

SwiftDriverJobDiscovery normal arm64 Compiling NoteViews.swift, TaskViews.swift (in target 'NEXUSStudyPad' from project 'NEXUSStudyPad')

SwiftDriver\ Compilation NEXUSStudyPad normal arm64 com.apple.xcode.tools.swift.compiler (in target 'NEXUSStudyPad' from project 'NEXUSStudyPad')
    cd /Users/mecid/Desktop/OKUL\ /projeler/NEXUS/NEXUSStudyPad
    builtin-Swift-Compilation -- /Applications/Xcode.app/Contents/Developer/Toolchains/XcodeDefault.xctoolchain/usr/bin/swiftc -module-name NEXUSStudyPad -Onone @/Users/mecid/Desktop/OKUL\ /projeler/NEXUS/NEXUSStudyPad/.build/Phase2Check/Build/Intermediates.noindex/NEXUSStudyPad.build/Debug-iphonesimulator/NEXUSStudyPad.build/Objects-normal/arm64/NEXUSStudyPad.SwiftFileList -DDEBUG -strict-concurrency\=targeted -enable-bare-slash-regex -enable-experimental-feature DebugDescriptionMacro -sdk /Applications/Xcode.app/Contents/Developer/Platforms/iPhoneSimulator.platform/Developer/SDKs/iPhoneSimulator26.5.sdk -target arm64-apple-ios17.0-simulator -g -module-cache-path /Users/mecid/Desktop/OKUL\ /projeler/NEXUS/NEXUSStudyPad/.build/Phase2Check/ModuleCache.noindex -Xfrontend -serialize-debugging-options -enable-testing -index-store-path /Users/mecid/Desktop/OKUL\ /projeler/NEXUS/NEXUSStudyPad/.build/Phase2Check/Index.noindex/DataStore -swift-version 5 -I /Users/mecid/Desktop/OKUL\ /projeler/NEXUS/NEXUSStudyPad/.build/Phase2Check/Build/Products/Debug-iphonesimulator -F /Users/mecid/Desktop/OKUL\ /projeler/NEXUS/NEXUSStudyPad/.build/Phase2Check/Build/Products/Debug-iphonesimulator -emit-localized-strings -emit-localized-strings-path /Users/mecid/Desktop/OKUL\ /projeler/NEXUS/NEXUSStudyPad/.build/Phase2Check/Build/Intermediates.noindex/NEXUSStudyPad.build/Debug-iphonesimulator/NEXUSStudyPad.build/Objects-normal/arm64 -c -j11 -enable-batch-mode -incremental -Xcc -ivfsstatcache -Xcc /Users/mecid/Desktop/OKUL\ /projeler/NEXUS/NEXUSStudyPad/.build/Phase2Check/SDKStatCaches.noindex/iphonesimulator26.5-23F81a-6cfe768891a92b912361537c460fe42b.sdkstatcache -output-file-map /Users/mecid/Desktop/OKUL\ /projeler/NEXUS/NEXUSStudyPad/.build/Phase2Check/Build/Intermediates.noindex/NEXUSStudyPad.build/Debug-iphonesimulator/NEXUSStudyPad.build/Objects-normal/arm64/NEXUSStudyPad-OutputFileMap.json -use-frontend-parseable-output -save-temps -no-color-diagnostics -explicit-module-build -module-cache-path /Users/mecid/Desktop/OKUL\ /projeler/NEXUS/NEXUSStudyPad/.build/Phase2Check/Build/Intermediates.noindex/SwiftExplicitPrecompiledModules -clang-scanner-module-cache-path /Users/mecid/Desktop/OKUL\ /projeler/NEXUS/NEXUSStudyPad/.build/Phase2Check/ModuleCache.noindex -sdk-module-cache-path /Users/mecid/Desktop/OKUL\ /projeler/NEXUS/NEXUSStudyPad/.build/Phase2Check/ModuleCache.noindex -serialize-diagnostics -emit-dependencies -emit-module -emit-module-path /Users/mecid/Desktop/OKUL\ /projeler/NEXUS/NEXUSStudyPad/.build/Phase2Check/Build/Intermediates.noindex/NEXUSStudyPad.build/Debug-iphonesimulator/NEXUSStudyPad.build/Objects-normal/arm64/NEXUSStudyPad.swiftmodule -validate-clang-modules-once -clang-build-session-file /Users/mecid/Desktop/OKUL\ /projeler/NEXUS/NEXUSStudyPad/.build/Phase2Check/ModuleCache.noindex/Session.modulevalidation -Xcc -I/Users/mecid/Desktop/OKUL\ /projeler/NEXUS/NEXUSStudyPad/.build/Phase2Check/Build/Intermediates.noindex/NEXUSStudyPad.build/Debug-iphonesimulator/NEXUSStudyPad.build/swift-overrides.hmap -emit-const-values -Xfrontend -const-gather-protocols-file -Xfrontend /Users/mecid/Desktop/OKUL\ /projeler/NEXUS/NEXUSStudyPad/.build/Phase2Check/Build/Intermediates.noindex/NEXUSStudyPad.build/Debug-iphonesimulator/NEXUSStudyPad.build/Objects-normal/arm64/NEXUSStudyPad_const_extract_protocols.json -Xcc -iquote -Xcc /Users/mecid/Desktop/OKUL\ /projeler/NEXUS/NEXUSStudyPad/.build/Phase2Check/Build/Intermediates.noindex/NEXUSStudyPad.build/Debug-iphonesimulator/NEXUSStudyPad.build/NEXUSStudyPad-generated-files.hmap -Xcc -I/Users/mecid/Desktop/OKUL\ /projeler/NEXUS/NEXUSStudyPad/.build/Phase2Check/Build/Intermediates.noindex/NEXUSStudyPad.build/Debug-iphonesimulator/NEXUSStudyPad.build/NEXUSStudyPad-own-target-headers.hmap -Xcc -I/Users/mecid/Desktop/OKUL\ /projeler/NEXUS/NEXUSStudyPad/.build/Phase2Check/Build/Intermediates.noindex/NEXUSStudyPad.build/Debug-iphonesimulator/NEXUSStudyPad.build/NEXUSStudyPad-all-target-headers.hmap -Xcc -iquote -Xcc /Users/mecid/Desktop/OKUL\ /projeler/NEXUS/NEXUSStudyPad/.build/Phase2Check/Build/Intermediates.noindex/NEXUSStudyPad.build/Debug-iphonesimulator/NEXUSStudyPad.build/NEXUSStudyPad-project-headers.hmap -Xcc -I/Users/mecid/Desktop/OKUL\ /projeler/NEXUS/NEXUSStudyPad/.build/Phase2Check/Build/Products/Debug-iphonesimulator/include -Xcc -I/Users/mecid/Desktop/OKUL\ /projeler/NEXUS/NEXUSStudyPad/.build/Phase2Check/Build/Intermediates.noindex/NEXUSStudyPad.build/Debug-iphonesimulator/NEXUSStudyPad.build/DerivedSources-normal/arm64 -Xcc -I/Users/mecid/Desktop/OKUL\ /projeler/NEXUS/NEXUSStudyPad/.build/Phase2Check/Build/Intermediates.noindex/NEXUSStudyPad.build/Debug-iphonesimulator/NEXUSStudyPad.build/DerivedSources/arm64 -Xcc -I/Users/mecid/Desktop/OKUL\ /projeler/NEXUS/NEXUSStudyPad/.build/Phase2Check/Build/Intermediates.noindex/NEXUSStudyPad.build/Debug-iphonesimulator/NEXUSStudyPad.build/DerivedSources -emit-objc-header -emit-objc-header-path /Users/mecid/Desktop/OKUL\ /projeler/NEXUS/NEXUSStudyPad/.build/Phase2Check/Build/Intermediates.noindex/NEXUSStudyPad.build/Debug-iphonesimulator/NEXUSStudyPad.build/Objects-normal/arm64/NEXUSStudyPad-Swift.h -working-directory /Users/mecid/Desktop/OKUL\ /projeler/NEXUS/NEXUSStudyPad -experimental-emit-module-separately -disable-cmo

Ld /Users/mecid/Desktop/OKUL\ /projeler/NEXUS/NEXUSStudyPad/.build/Phase2Check/Build/Intermediates.noindex/NEXUSStudyPad.build/Debug-iphonesimulator/NEXUSStudyPad.build/Objects-normal/arm64/Binary/NEXUSStudyPad.debug.dylib normal arm64 (in target 'NEXUSStudyPad' from project 'NEXUSStudyPad')
    cd /Users/mecid/Desktop/OKUL\ /projeler/NEXUS/NEXUSStudyPad
    /Applications/Xcode.app/Contents/Developer/Toolchains/XcodeDefault.xctoolchain/usr/bin/clang -Xlinker -reproducible -target arm64-apple-ios17.0-simulator -dynamiclib -isysroot /Applications/Xcode.app/Contents/Developer/Platforms/iPhoneSimulator.platform/Developer/SDKs/iPhoneSimulator26.5.sdk -Os -L/Users/mecid/Desktop/OKUL\ /projeler/NEXUS/NEXUSStudyPad/.build/Phase2Check/Build/Intermediates.noindex/EagerLinkingTBDs/Debug-iphonesimulator -L/Users/mecid/Desktop/OKUL\ /projeler/NEXUS/NEXUSStudyPad/.build/Phase2Check/Build/Products/Debug-iphonesimulator -F/Users/mecid/Desktop/OKUL\ /projeler/NEXUS/NEXUSStudyPad/.build/Phase2Check/Build/Intermediates.noindex/EagerLinkingTBDs/Debug-iphonesimulator -F/Users/mecid/Desktop/OKUL\ /projeler/NEXUS/NEXUSStudyPad/.build/Phase2Check/Build/Products/Debug-iphonesimulator -filelist /Users/mecid/Desktop/OKUL\ /projeler/NEXUS/NEXUSStudyPad/.build/Phase2Check/Build/Intermediates.noindex/NEXUSStudyPad.build/Debug-iphonesimulator/NEXUSStudyPad.build/Objects-normal/arm64/NEXUSStudyPad.LinkFileList -install_name @rpath/NEXUSStudyPad.debug.dylib -Xlinker -rpath -Xlinker /usr/lib/swift -Xlinker -rpath -Xlinker @executable_path/Frameworks -Xlinker -dead_strip -Xlinker -object_path_lto -Xlinker /Users/mecid/Desktop/OKUL\ /projeler/NEXUS/NEXUSStudyPad/.build/Phase2Check/Build/Intermediates.noindex/NEXUSStudyPad.build/Debug-iphonesimulator/NEXUSStudyPad.build/Objects-normal/arm64/NEXUSStudyPad_lto.o -rdynamic -Xlinker -objc_abi_version -Xlinker 2 -Xlinker -dependency_info -Xlinker /Users/mecid/Desktop/OKUL\ /projeler/NEXUS/NEXUSStudyPad/.build/Phase2Check/Build/Intermediates.noindex/NEXUSStudyPad.build/Debug-iphonesimulator/NEXUSStudyPad.build/Objects-normal/arm64/NEXUSStudyPad_dependency_info.dat -fobjc-link-runtime -L/Applications/Xcode.app/Contents/Developer/Toolchains/XcodeDefault.xctoolchain/usr/lib/swift/iphonesimulator -L/usr/lib/swift -Xlinker -add_ast_path -Xlinker /Users/mecid/Desktop/OKUL\ /projeler/NEXUS/NEXUSStudyPad/.build/Phase2Check/Build/Intermediates.noindex/NEXUSStudyPad.build/Debug-iphonesimulator/NEXUSStudyPad.build/Objects-normal/arm64/NEXUSStudyPad.swiftmodule @/Users/mecid/Desktop/OKUL\ /projeler/NEXUS/NEXUSStudyPad/.build/Phase2Check/Build/Intermediates.noindex/NEXUSStudyPad.build/Debug-iphonesimulator/NEXUSStudyPad.build/Objects-normal/arm64/NEXUSStudyPad-linker-args.resp -Xlinker -alias -Xlinker _main -Xlinker ___debug_main_executable_dylib_entry_point -o /Users/mecid/Desktop/OKUL\ /projeler/NEXUS/NEXUSStudyPad/.build/Phase2Check/Build/Intermediates.noindex/NEXUSStudyPad.build/Debug-iphonesimulator/NEXUSStudyPad.build/Objects-normal/arm64/Binary/NEXUSStudyPad.debug.dylib

ConstructStubExecutorLinkFileList /Users/mecid/Desktop/OKUL\ /projeler/NEXUS/NEXUSStudyPad/.build/Phase2Check/Build/Intermediates.noindex/NEXUSStudyPad.build/Debug-iphonesimulator/NEXUSStudyPad.build/NEXUSStudyPad-ExecutorLinkFileList-normal-x86_64.txt (in target 'NEXUSStudyPad' from project 'NEXUSStudyPad')
    cd /Users/mecid/Desktop/OKUL\ /projeler/NEXUS/NEXUSStudyPad
    construct-stub-executor-link-file-list /Users/mecid/Desktop/OKUL\ /projeler/NEXUS/NEXUSStudyPad/.build/Phase2Check/Build/Intermediates.noindex/NEXUSStudyPad.build/Debug-iphonesimulator/NEXUSStudyPad.build/Objects-normal/x86_64/Binary/NEXUSStudyPad.debug.dylib /Applications/Xcode.app/Contents/Developer/Platforms/iPhoneSimulator.platform/Developer/usr/lib/libPreviewsJITStubExecutor_no_swift_entry_point.a /Applications/Xcode.app/Contents/Developer/Platforms/iPhoneSimulator.platform/Developer/usr/lib/libPreviewsJITStubExecutor.a --output /Users/mecid/Desktop/OKUL\ /projeler/NEXUS/NEXUSStudyPad/.build/Phase2Check/Build/Intermediates.noindex/NEXUSStudyPad.build/Debug-iphonesimulator/NEXUSStudyPad.build/NEXUSStudyPad-ExecutorLinkFileList-normal-x86_64.txt
note: Using stub executor library with Swift entry point. (in target 'NEXUSStudyPad' from project 'NEXUSStudyPad')

Ld /Users/mecid/Desktop/OKUL\ /projeler/NEXUS/NEXUSStudyPad/.build/Phase2Check/Build/Intermediates.noindex/NEXUSStudyPad.build/Debug-iphonesimulator/NEXUSStudyPad.build/Objects-normal/x86_64/Binary/NEXUSStudyPad normal x86_64 (in target 'NEXUSStudyPad' from project 'NEXUSStudyPad')
    cd /Users/mecid/Desktop/OKUL\ /projeler/NEXUS/NEXUSStudyPad
    /Applications/Xcode.app/Contents/Developer/Toolchains/XcodeDefault.xctoolchain/usr/bin/clang -Xlinker -reproducible -target x86_64-apple-ios17.0-simulator -isysroot /Applications/Xcode.app/Contents/Developer/Platforms/iPhoneSimulator.platform/Developer/SDKs/iPhoneSimulator26.5.sdk -Os -L/Users/mecid/Desktop/OKUL\ /projeler/NEXUS/NEXUSStudyPad/.build/Phase2Check/Build/Products/Debug-iphonesimulator -F/Users/mecid/Desktop/OKUL\ /projeler/NEXUS/NEXUSStudyPad/.build/Phase2Check/Build/Products/Debug-iphonesimulator -Xlinker -rpath -Xlinker @executable_path -Xlinker -rpath -Xlinker @executable_path/Frameworks -rdynamic -Xlinker -objc_abi_version -Xlinker 2 -e ___debug_blank_executor_main -Xlinker -sectcreate -Xlinker __TEXT -Xlinker __debug_dylib -Xlinker /Users/mecid/Desktop/OKUL\ /projeler/NEXUS/NEXUSStudyPad/.build/Phase2Check/Build/Intermediates.noindex/NEXUSStudyPad.build/Debug-iphonesimulator/NEXUSStudyPad.build/NEXUSStudyPad-DebugDylibPath-normal-x86_64.txt -Xlinker -sectcreate -Xlinker __TEXT -Xlinker __debug_instlnm -Xlinker /Users/mecid/Desktop/OKUL\ /projeler/NEXUS/NEXUSStudyPad/.build/Phase2Check/Build/Intermediates.noindex/NEXUSStudyPad.build/Debug-iphonesimulator/NEXUSStudyPad.build/NEXUSStudyPad-DebugDylibInstallName-normal-x86_64.txt -Xlinker -filelist -Xlinker /Users/mecid/Desktop/OKUL\ /projeler/NEXUS/NEXUSStudyPad/.build/Phase2Check/Build/Intermediates.noindex/NEXUSStudyPad.build/Debug-iphonesimulator/NEXUSStudyPad.build/NEXUSStudyPad-ExecutorLinkFileList-normal-x86_64.txt /Users/mecid/Desktop/OKUL\ /projeler/NEXUS/NEXUSStudyPad/.build/Phase2Check/Build/Intermediates.noindex/NEXUSStudyPad.build/Debug-iphonesimulator/NEXUSStudyPad.build/Objects-normal/x86_64/Binary/NEXUSStudyPad.debug.dylib -o /Users/mecid/Desktop/OKUL\ /projeler/NEXUS/NEXUSStudyPad/.build/Phase2Check/Build/Intermediates.noindex/NEXUSStudyPad.build/Debug-iphonesimulator/NEXUSStudyPad.build/Objects-normal/x86_64/Binary/NEXUSStudyPad

CreateUniversalBinary /Users/mecid/Desktop/OKUL\ /projeler/NEXUS/NEXUSStudyPad/.build/Phase2Check/Build/Products/Debug-iphonesimulator/NEXUSStudyPad.app/NEXUSStudyPad.debug.dylib normal arm64\ x86_64 (in target 'NEXUSStudyPad' from project 'NEXUSStudyPad')
    cd /Users/mecid/Desktop/OKUL\ /projeler/NEXUS/NEXUSStudyPad
    /Applications/Xcode.app/Contents/Developer/Toolchains/XcodeDefault.xctoolchain/usr/bin/lipo -create /Users/mecid/Desktop/OKUL\ /projeler/NEXUS/NEXUSStudyPad/.build/Phase2Check/Build/Intermediates.noindex/NEXUSStudyPad.build/Debug-iphonesimulator/NEXUSStudyPad.build/Objects-normal/arm64/Binary/NEXUSStudyPad.debug.dylib /Users/mecid/Desktop/OKUL\ /projeler/NEXUS/NEXUSStudyPad/.build/Phase2Check/Build/Intermediates.noindex/NEXUSStudyPad.build/Debug-iphonesimulator/NEXUSStudyPad.build/Objects-normal/x86_64/Binary/NEXUSStudyPad.debug.dylib -output /Users/mecid/Desktop/OKUL\ /projeler/NEXUS/NEXUSStudyPad/.build/Phase2Check/Build/Products/Debug-iphonesimulator/NEXUSStudyPad.app/NEXUSStudyPad.debug.dylib

ConstructStubExecutorLinkFileList /Users/mecid/Desktop/OKUL\ /projeler/NEXUS/NEXUSStudyPad/.build/Phase2Check/Build/Intermediates.noindex/NEXUSStudyPad.build/Debug-iphonesimulator/NEXUSStudyPad.build/NEXUSStudyPad-ExecutorLinkFileList-normal-arm64.txt (in target 'NEXUSStudyPad' from project 'NEXUSStudyPad')
    cd /Users/mecid/Desktop/OKUL\ /projeler/NEXUS/NEXUSStudyPad
    construct-stub-executor-link-file-list /Users/mecid/Desktop/OKUL\ /projeler/NEXUS/NEXUSStudyPad/.build/Phase2Check/Build/Intermediates.noindex/NEXUSStudyPad.build/Debug-iphonesimulator/NEXUSStudyPad.build/Objects-normal/arm64/Binary/NEXUSStudyPad.debug.dylib /Applications/Xcode.app/Contents/Developer/Platforms/iPhoneSimulator.platform/Developer/usr/lib/libPreviewsJITStubExecutor_no_swift_entry_point.a /Applications/Xcode.app/Contents/Developer/Platforms/iPhoneSimulator.platform/Developer/usr/lib/libPreviewsJITStubExecutor.a --output /Users/mecid/Desktop/OKUL\ /projeler/NEXUS/NEXUSStudyPad/.build/Phase2Check/Build/Intermediates.noindex/NEXUSStudyPad.build/Debug-iphonesimulator/NEXUSStudyPad.build/NEXUSStudyPad-ExecutorLinkFileList-normal-arm64.txt
note: Using stub executor library with Swift entry point. (in target 'NEXUSStudyPad' from project 'NEXUSStudyPad')

Ld /Users/mecid/Desktop/OKUL\ /projeler/NEXUS/NEXUSStudyPad/.build/Phase2Check/Build/Intermediates.noindex/NEXUSStudyPad.build/Debug-iphonesimulator/NEXUSStudyPad.build/Objects-normal/arm64/Binary/NEXUSStudyPad normal arm64 (in target 'NEXUSStudyPad' from project 'NEXUSStudyPad')
    cd /Users/mecid/Desktop/OKUL\ /projeler/NEXUS/NEXUSStudyPad
    /Applications/Xcode.app/Contents/Developer/Toolchains/XcodeDefault.xctoolchain/usr/bin/clang -Xlinker -reproducible -target arm64-apple-ios17.0-simulator -isysroot /Applications/Xcode.app/Contents/Developer/Platforms/iPhoneSimulator.platform/Developer/SDKs/iPhoneSimulator26.5.sdk -Os -L/Users/mecid/Desktop/OKUL\ /projeler/NEXUS/NEXUSStudyPad/.build/Phase2Check/Build/Products/Debug-iphonesimulator -F/Users/mecid/Desktop/OKUL\ /projeler/NEXUS/NEXUSStudyPad/.build/Phase2Check/Build/Products/Debug-iphonesimulator -Xlinker -rpath -Xlinker @executable_path -Xlinker -rpath -Xlinker @executable_path/Frameworks -rdynamic -Xlinker -objc_abi_version -Xlinker 2 -e ___debug_blank_executor_main -Xlinker -sectcreate -Xlinker __TEXT -Xlinker __debug_dylib -Xlinker /Users/mecid/Desktop/OKUL\ /projeler/NEXUS/NEXUSStudyPad/.build/Phase2Check/Build/Intermediates.noindex/NEXUSStudyPad.build/Debug-iphonesimulator/NEXUSStudyPad.build/NEXUSStudyPad-DebugDylibPath-normal-arm64.txt -Xlinker -sectcreate -Xlinker __TEXT -Xlinker __debug_instlnm -Xlinker /Users/mecid/Desktop/OKUL\ /projeler/NEXUS/NEXUSStudyPad/.build/Phase2Check/Build/Intermediates.noindex/NEXUSStudyPad.build/Debug-iphonesimulator/NEXUSStudyPad.build/NEXUSStudyPad-DebugDylibInstallName-normal-arm64.txt -Xlinker -filelist -Xlinker /Users/mecid/Desktop/OKUL\ /projeler/NEXUS/NEXUSStudyPad/.build/Phase2Check/Build/Intermediates.noindex/NEXUSStudyPad.build/Debug-iphonesimulator/NEXUSStudyPad.build/NEXUSStudyPad-ExecutorLinkFileList-normal-arm64.txt /Users/mecid/Desktop/OKUL\ /projeler/NEXUS/NEXUSStudyPad/.build/Phase2Check/Build/Intermediates.noindex/NEXUSStudyPad.build/Debug-iphonesimulator/NEXUSStudyPad.build/Objects-normal/arm64/Binary/NEXUSStudyPad.debug.dylib -o /Users/mecid/Desktop/OKUL\ /projeler/NEXUS/NEXUSStudyPad/.build/Phase2Check/Build/Intermediates.noindex/NEXUSStudyPad.build/Debug-iphonesimulator/NEXUSStudyPad.build/Objects-normal/arm64/Binary/NEXUSStudyPad

CreateUniversalBinary /Users/mecid/Desktop/OKUL\ /projeler/NEXUS/NEXUSStudyPad/.build/Phase2Check/Build/Products/Debug-iphonesimulator/NEXUSStudyPad.app/NEXUSStudyPad normal arm64\ x86_64 (in target 'NEXUSStudyPad' from project 'NEXUSStudyPad')
    cd /Users/mecid/Desktop/OKUL\ /projeler/NEXUS/NEXUSStudyPad
    /Applications/Xcode.app/Contents/Developer/Toolchains/XcodeDefault.xctoolchain/usr/bin/lipo -create /Users/mecid/Desktop/OKUL\ /projeler/NEXUS/NEXUSStudyPad/.build/Phase2Check/Build/Intermediates.noindex/NEXUSStudyPad.build/Debug-iphonesimulator/NEXUSStudyPad.build/Objects-normal/arm64/Binary/NEXUSStudyPad /Users/mecid/Desktop/OKUL\ /projeler/NEXUS/NEXUSStudyPad/.build/Phase2Check/Build/Intermediates.noindex/NEXUSStudyPad.build/Debug-iphonesimulator/NEXUSStudyPad.build/Objects-normal/x86_64/Binary/NEXUSStudyPad -output /Users/mecid/Desktop/OKUL\ /projeler/NEXUS/NEXUSStudyPad/.build/Phase2Check/Build/Products/Debug-iphonesimulator/NEXUSStudyPad.app/NEXUSStudyPad

CopySwiftLibs /Users/mecid/Desktop/OKUL\ /projeler/NEXUS/NEXUSStudyPad/.build/Phase2Check/Build/Products/Debug-iphonesimulator/NEXUSStudyPad.app (in target 'NEXUSStudyPad' from project 'NEXUSStudyPad')
    cd /Users/mecid/Desktop/OKUL\ /projeler/NEXUS/NEXUSStudyPad
    builtin-swiftStdLibTool --copy --verbose --scan-executable /Users/mecid/Desktop/OKUL\ /projeler/NEXUS/NEXUSStudyPad/.build/Phase2Check/Build/Products/Debug-iphonesimulator/NEXUSStudyPad.app/NEXUSStudyPad.debug.dylib --scan-folder /Users/mecid/Desktop/OKUL\ /projeler/NEXUS/NEXUSStudyPad/.build/Phase2Check/Build/Products/Debug-iphonesimulator/NEXUSStudyPad.app/Frameworks --scan-folder /Users/mecid/Desktop/OKUL\ /projeler/NEXUS/NEXUSStudyPad/.build/Phase2Check/Build/Products/Debug-iphonesimulator/NEXUSStudyPad.app/PlugIns --scan-folder /Users/mecid/Desktop/OKUL\ /projeler/NEXUS/NEXUSStudyPad/.build/Phase2Check/Build/Products/Debug-iphonesimulator/NEXUSStudyPad.app/SystemExtensions --scan-folder /Users/mecid/Desktop/OKUL\ /projeler/NEXUS/NEXUSStudyPad/.build/Phase2Check/Build/Products/Debug-iphonesimulator/NEXUSStudyPad.app/Extensions --platform iphonesimulator --toolchain /Applications/Xcode.app/Contents/Developer/Toolchains/XcodeDefault.xctoolchain --destination /Users/mecid/Desktop/OKUL\ /projeler/NEXUS/NEXUSStudyPad/.build/Phase2Check/Build/Products/Debug-iphonesimulator/NEXUSStudyPad.app/Frameworks --strip-bitcode --strip-bitcode-tool /Applications/Xcode.app/Contents/Developer/Toolchains/XcodeDefault.xctoolchain/usr/bin/bitcode_strip --emit-dependency-info /Users/mecid/Desktop/OKUL\ /projeler/NEXUS/NEXUSStudyPad/.build/Phase2Check/Build/Intermediates.noindex/NEXUSStudyPad.build/Debug-iphonesimulator/NEXUSStudyPad.build/SwiftStdLibToolInputDependencies.dep --filter-for-swift-os --back-deploy-swift-span
Ignoring --strip-bitcode because --sign was not passed

ExtractAppIntentsMetadata (in target 'NEXUSStudyPad' from project 'NEXUSStudyPad')
    cd /Users/mecid/Desktop/OKUL\ /projeler/NEXUS/NEXUSStudyPad
    /Applications/Xcode.app/Contents/Developer/Toolchains/XcodeDefault.xctoolchain/usr/bin/appintentsmetadataprocessor --toolchain-dir /Applications/Xcode.app/Contents/Developer/Toolchains/XcodeDefault.xctoolchain --module-name NEXUSStudyPad --sdk-root /Applications/Xcode.app/Contents/Developer/Platforms/iPhoneSimulator.platform/Developer/SDKs/iPhoneSimulator26.5.sdk --xcode-version 17F113 --platform-family iOS --deployment-target 17.0 --bundle-identifier com.nexus.studypad --output /Users/mecid/Desktop/OKUL\ /projeler/NEXUS/NEXUSStudyPad/.build/Phase2Check/Build/Products/Debug-iphonesimulator/NEXUSStudyPad.app --target-triple arm64-apple-ios17.0-simulator --target-triple x86_64-apple-ios17.0-simulator --binary-file /Users/mecid/Desktop/OKUL\ /projeler/NEXUS/NEXUSStudyPad/.build/Phase2Check/Build/Products/Debug-iphonesimulator/NEXUSStudyPad.app/NEXUSStudyPad --dependency-file /Users/mecid/Desktop/OKUL\ /projeler/NEXUS/NEXUSStudyPad/.build/Phase2Check/Build/Intermediates.noindex/NEXUSStudyPad.build/Debug-iphonesimulator/NEXUSStudyPad.build/Objects-normal/arm64/NEXUSStudyPad_dependency_info.dat --dependency-file /Users/mecid/Desktop/OKUL\ /projeler/NEXUS/NEXUSStudyPad/.build/Phase2Check/Build/Intermediates.noindex/NEXUSStudyPad.build/Debug-iphonesimulator/NEXUSStudyPad.build/Objects-normal/x86_64/NEXUSStudyPad_dependency_info.dat --stringsdata-file /Users/mecid/Desktop/OKUL\ /projeler/NEXUS/NEXUSStudyPad/.build/Phase2Check/Build/Intermediates.noindex/NEXUSStudyPad.build/Debug-iphonesimulator/NEXUSStudyPad.build/Objects-normal/arm64/ExtractedAppShortcutsMetadata.stringsdata --stringsdata-file /Users/mecid/Desktop/OKUL\ /projeler/NEXUS/NEXUSStudyPad/.build/Phase2Check/Build/Intermediates.noindex/NEXUSStudyPad.build/Debug-iphonesimulator/NEXUSStudyPad.build/Objects-normal/x86_64/ExtractedAppShortcutsMetadata.stringsdata --source-file-list /Users/mecid/Desktop/OKUL\ /projeler/NEXUS/NEXUSStudyPad/.build/Phase2Check/Build/Intermediates.noindex/NEXUSStudyPad.build/Debug-iphonesimulator/NEXUSStudyPad.build/Objects-normal/arm64/NEXUSStudyPad.SwiftFileList --source-file-list /Users/mecid/Desktop/OKUL\ /projeler/NEXUS/NEXUSStudyPad/.build/Phase2Check/Build/Intermediates.noindex/NEXUSStudyPad.build/Debug-iphonesimulator/NEXUSStudyPad.build/Objects-normal/x86_64/NEXUSStudyPad.SwiftFileList --metadata-file-list /Users/mecid/Desktop/OKUL\ /projeler/NEXUS/NEXUSStudyPad/.build/Phase2Check/Build/Intermediates.noindex/NEXUSStudyPad.build/Debug-iphonesimulator/NEXUSStudyPad.build/NEXUSStudyPad.DependencyMetadataFileList --static-metadata-file-list /Users/mecid/Desktop/OKUL\ /projeler/NEXUS/NEXUSStudyPad/.build/Phase2Check/Build/Intermediates.noindex/NEXUSStudyPad.build/Debug-iphonesimulator/NEXUSStudyPad.build/NEXUSStudyPad.DependencyStaticMetadataFileList --swift-const-vals-list /Users/mecid/Desktop/OKUL\ /projeler/NEXUS/NEXUSStudyPad/.build/Phase2Check/Build/Intermediates.noindex/NEXUSStudyPad.build/Debug-iphonesimulator/NEXUSStudyPad.build/Objects-normal/arm64/NEXUSStudyPad.SwiftConstValuesFileList --swift-const-vals-list /Users/mecid/Desktop/OKUL\ /projeler/NEXUS/NEXUSStudyPad/.build/Phase2Check/Build/Intermediates.noindex/NEXUSStudyPad.build/Debug-iphonesimulator/NEXUSStudyPad.build/Objects-normal/x86_64/NEXUSStudyPad.SwiftConstValuesFileList --compile-time-extraction --deployment-aware-processing --validate-assistant-intents --no-app-shortcuts-localization
2026-08-30 00:26:20.195 appintentsmetadataprocessor[58593:848346] Starting appintentsmetadataprocessor export
2026-08-30 00:26:20.199 appintentsmetadataprocessor[58593:848346] warning: Metadata extraction skipped. No AppIntents.framework dependency found.

AppIntentsSSUTraining (in target 'NEXUSStudyPad' from project 'NEXUSStudyPad')
    cd /Users/mecid/Desktop/OKUL\ /projeler/NEXUS/NEXUSStudyPad
    /Applications/Xcode.app/Contents/Developer/Toolchains/XcodeDefault.xctoolchain/usr/bin/appintentsnltrainingprocessor --infoplist-path /Users/mecid/Desktop/OKUL\ /projeler/NEXUS/NEXUSStudyPad/.build/Phase2Check/Build/Products/Debug-iphonesimulator/NEXUSStudyPad.app/Info.plist --temp-dir-path /Users/mecid/Desktop/OKUL\ /projeler/NEXUS/NEXUSStudyPad/.build/Phase2Check/Build/Intermediates.noindex/NEXUSStudyPad.build/Debug-iphonesimulator/NEXUSStudyPad.build/ssu --bundle-id com.nexus.studypad --product-path /Users/mecid/Desktop/OKUL\ /projeler/NEXUS/NEXUSStudyPad/.build/Phase2Check/Build/Products/Debug-iphonesimulator/NEXUSStudyPad.app --extracted-metadata-path /Users/mecid/Desktop/OKUL\ /projeler/NEXUS/NEXUSStudyPad/.build/Phase2Check/Build/Products/Debug-iphonesimulator/NEXUSStudyPad.app/Metadata.appintents --metadata-file-list /Users/mecid/Desktop/OKUL\ /projeler/NEXUS/NEXUSStudyPad/.build/Phase2Check/Build/Intermediates.noindex/NEXUSStudyPad.build/Debug-iphonesimulator/NEXUSStudyPad.build/NEXUSStudyPad.DependencyMetadataFileList --source-file /Users/mecid/Desktop/OKUL\ /projeler/NEXUS/NEXUSStudyPad/.build/Phase2Check/Build/Products/Debug-iphonesimulator/NEXUSStudyPad.app/Info.plist --archive-ssu-assets
2026-08-30 00:26:20.215 appintentsnltrainingprocessor[58594:848347] Parsing options for appintentsnltrainingprocessor
2026-08-30 00:26:20.215 appintentsnltrainingprocessor[58594:848347] Starting AppIntents SSU YAML Generation
2026-08-30 00:26:20.216 appintentsnltrainingprocessor[58594:848347] No AppShortcuts found - Skipping.

RegisterExecutionPolicyException /Users/mecid/Desktop/OKUL\ /projeler/NEXUS/NEXUSStudyPad/.build/Phase2Check/Build/Products/Debug-iphonesimulator/NEXUSStudyPad.app (in target 'NEXUSStudyPad' from project 'NEXUSStudyPad')
    cd /Users/mecid/Desktop/OKUL\ /projeler/NEXUS/NEXUSStudyPad
    builtin-RegisterExecutionPolicyException /Users/mecid/Desktop/OKUL\ /projeler/NEXUS/NEXUSStudyPad/.build/Phase2Check/Build/Products/Debug-iphonesimulator/NEXUSStudyPad.app

Validate /Users/mecid/Desktop/OKUL\ /projeler/NEXUS/NEXUSStudyPad/.build/Phase2Check/Build/Products/Debug-iphonesimulator/NEXUSStudyPad.app (in target 'NEXUSStudyPad' from project 'NEXUSStudyPad')
    cd /Users/mecid/Desktop/OKUL\ /projeler/NEXUS/NEXUSStudyPad
    builtin-validationUtility /Users/mecid/Desktop/OKUL\ /projeler/NEXUS/NEXUSStudyPad/.build/Phase2Check/Build/Products/Debug-iphonesimulator/NEXUSStudyPad.app -shallow-bundle -infoplist-subpath Info.plist

Touch /Users/mecid/Desktop/OKUL\ /projeler/NEXUS/NEXUSStudyPad/.build/Phase2Check/Build/Products/Debug-iphonesimulator/NEXUSStudyPad.app (in target 'NEXUSStudyPad' from project 'NEXUSStudyPad')
    cd /Users/mecid/Desktop/OKUL\ /projeler/NEXUS/NEXUSStudyPad
    /usr/bin/touch -c /Users/mecid/Desktop/OKUL\ /projeler/NEXUS/NEXUSStudyPad/.build/Phase2Check/Build/Products/Debug-iphonesimulator/NEXUSStudyPad.app

** BUILD SUCCEEDED **

