Command line invocation:
    /Applications/Xcode.app/Contents/Developer/usr/bin/xcodebuild build -project NEXUSStudyPad.xcodeproj -scheme NEXUSStudyPad -configuration Release -destination "generic/platform=iOS Simulator" -derivedDataPath .build/ReleaseDerivedData CODE_SIGNING_ALLOWED=NO

Build settings from command line:
    CODE_SIGNING_ALLOWED = NO

ComputePackagePrebuildTargetDependencyGraph

Prepare packages

CreateBuildRequest

SendProjectDescription

CreateBuildOperation

ComputeTargetDependencyGraph
note: Building targets in dependency order
note: Target dependency graph (1 target)
    Target 'NEXUSStudyPad' in project 'NEXUSStudyPad' (no dependencies)

GatherProvisioningInputs

CreateBuildDescription

ExecuteExternalTool /Applications/Xcode.app/Contents/Developer/Toolchains/XcodeDefault.xctoolchain/usr/bin/clang -v -E -dM -isysroot /Applications/Xcode.app/Contents/Developer/Platforms/iPhoneSimulator.platform/Developer/SDKs/iPhoneSimulator26.5.sdk -x c -c /dev/null

ExecuteExternalTool /Applications/Xcode.app/Contents/Developer/usr/bin/xcstringstool compile --dry-run --output-directory /Users/mecid/Desktop/OKUL /projeler/NEXUS/NEXUSStudyPad/.build/ReleaseDerivedData/Build/Intermediates.noindex/NEXUSStudyPad.build/Release-iphonesimulator/NEXUSStudyPad.build /Users/mecid/Desktop/OKUL /projeler/NEXUS/NEXUSStudyPad/NEXUSStudyPad/Resources/Localizable.xcstrings

ExecuteExternalTool /Applications/Xcode.app/Contents/Developer/usr/bin/actool --print-asset-tag-combinations --output-format xml1 /Users/mecid/Desktop/OKUL /projeler/NEXUS/NEXUSStudyPad/NEXUSStudyPad/Resources/Assets.xcassets

ExecuteExternalTool /Applications/Xcode.app/Contents/Developer/usr/bin/actool --version --output-format xml1

ExecuteExternalTool /Applications/Xcode.app/Contents/Developer/Toolchains/XcodeDefault.xctoolchain/usr/bin/swiftc --version

ExecuteExternalTool /Applications/Xcode.app/Contents/Developer/Toolchains/XcodeDefault.xctoolchain/usr/bin/ld -version_details

Build description signature: 2c0c9a37b9f8eb8d9759684dd5ffd576
Build description path: /Users/mecid/Desktop/OKUL /projeler/NEXUS/NEXUSStudyPad/.build/ReleaseDerivedData/Build/Intermediates.noindex/XCBuildData/2c0c9a37b9f8eb8d9759684dd5ffd576.xcbuilddata
CreateBuildDirectory /Users/mecid/Desktop/OKUL\ /projeler/NEXUS/NEXUSStudyPad/.build/ReleaseDerivedData/Build/Intermediates.noindex
    cd /Users/mecid/Desktop/OKUL\ /projeler/NEXUS/NEXUSStudyPad/NEXUSStudyPad.xcodeproj
    builtin-create-build-directory /Users/mecid/Desktop/OKUL\ /projeler/NEXUS/NEXUSStudyPad/.build/ReleaseDerivedData/Build/Intermediates.noindex

CreateBuildDirectory /Users/mecid/Desktop/OKUL\ /projeler/NEXUS/NEXUSStudyPad/.build/ReleaseDerivedData/Build/Products
    cd /Users/mecid/Desktop/OKUL\ /projeler/NEXUS/NEXUSStudyPad/NEXUSStudyPad.xcodeproj
    builtin-create-build-directory /Users/mecid/Desktop/OKUL\ /projeler/NEXUS/NEXUSStudyPad/.build/ReleaseDerivedData/Build/Products

ClangStatCache /Applications/Xcode.app/Contents/Developer/Toolchains/XcodeDefault.xctoolchain/usr/bin/clang-stat-cache /Applications/Xcode.app/Contents/Developer/Platforms/iPhoneSimulator.platform/Developer/SDKs/iPhoneSimulator26.5.sdk /Users/mecid/Desktop/OKUL\ /projeler/NEXUS/NEXUSStudyPad/.build/ReleaseDerivedData/SDKStatCaches.noindex/iphonesimulator26.5-23F81a-6cfe768891a92b912361537c460fe42b.sdkstatcache
    cd /Users/mecid/Desktop/OKUL\ /projeler/NEXUS/NEXUSStudyPad/NEXUSStudyPad.xcodeproj
    /Applications/Xcode.app/Contents/Developer/Toolchains/XcodeDefault.xctoolchain/usr/bin/clang-stat-cache /Applications/Xcode.app/Contents/Developer/Platforms/iPhoneSimulator.platform/Developer/SDKs/iPhoneSimulator26.5.sdk -o /Users/mecid/Desktop/OKUL\ /projeler/NEXUS/NEXUSStudyPad/.build/ReleaseDerivedData/SDKStatCaches.noindex/iphonesimulator26.5-23F81a-6cfe768891a92b912361537c460fe42b.sdkstatcache

WriteAuxiliaryFile /Users/mecid/Desktop/OKUL\ /projeler/NEXUS/NEXUSStudyPad/.build/ReleaseDerivedData/Build/Intermediates.noindex/NEXUSStudyPad.build/Release-iphonesimulator/NEXUSStudyPad-1461429eb36fd68e752e3d5e378957f1-VFS-iphonesimulator/all-product-headers.yaml
    cd /Users/mecid/Desktop/OKUL\ /projeler/NEXUS/NEXUSStudyPad/NEXUSStudyPad.xcodeproj
    write-file /Users/mecid/Desktop/OKUL\ /projeler/NEXUS/NEXUSStudyPad/.build/ReleaseDerivedData/Build/Intermediates.noindex/NEXUSStudyPad.build/Release-iphonesimulator/NEXUSStudyPad-1461429eb36fd68e752e3d5e378957f1-VFS-iphonesimulator/all-product-headers.yaml

CreateBuildDirectory /Users/mecid/Desktop/OKUL\ /projeler/NEXUS/NEXUSStudyPad/.build/ReleaseDerivedData/Build/Products/Release-iphonesimulator
    cd /Users/mecid/Desktop/OKUL\ /projeler/NEXUS/NEXUSStudyPad/NEXUSStudyPad.xcodeproj
    builtin-create-build-directory /Users/mecid/Desktop/OKUL\ /projeler/NEXUS/NEXUSStudyPad/.build/ReleaseDerivedData/Build/Products/Release-iphonesimulator

CreateBuildDirectory /Users/mecid/Desktop/OKUL\ /projeler/NEXUS/NEXUSStudyPad/.build/ReleaseDerivedData/Build/Intermediates.noindex/SwiftExplicitPrecompiledModules
    cd /Users/mecid/Desktop/OKUL\ /projeler/NEXUS/NEXUSStudyPad/NEXUSStudyPad.xcodeproj
    builtin-create-build-directory /Users/mecid/Desktop/OKUL\ /projeler/NEXUS/NEXUSStudyPad/.build/ReleaseDerivedData/Build/Intermediates.noindex/SwiftExplicitPrecompiledModules

CreateBuildDirectory /Users/mecid/Desktop/OKUL\ /projeler/NEXUS/NEXUSStudyPad/.build/ReleaseDerivedData/Build/Intermediates.noindex/ExplicitPrecompiledModules
    cd /Users/mecid/Desktop/OKUL\ /projeler/NEXUS/NEXUSStudyPad/NEXUSStudyPad.xcodeproj
    builtin-create-build-directory /Users/mecid/Desktop/OKUL\ /projeler/NEXUS/NEXUSStudyPad/.build/ReleaseDerivedData/Build/Intermediates.noindex/ExplicitPrecompiledModules

CreateBuildDirectory /Users/mecid/Desktop/OKUL\ /projeler/NEXUS/NEXUSStudyPad/.build/ReleaseDerivedData/Build/Intermediates.noindex/EagerLinkingTBDs/Release-iphonesimulator
    cd /Users/mecid/Desktop/OKUL\ /projeler/NEXUS/NEXUSStudyPad/NEXUSStudyPad.xcodeproj
    builtin-create-build-directory /Users/mecid/Desktop/OKUL\ /projeler/NEXUS/NEXUSStudyPad/.build/ReleaseDerivedData/Build/Intermediates.noindex/EagerLinkingTBDs/Release-iphonesimulator

WriteAuxiliaryFile /Users/mecid/Desktop/OKUL\ /projeler/NEXUS/NEXUSStudyPad/.build/ReleaseDerivedData/Build/Intermediates.noindex/NEXUSStudyPad.build/Release-iphonesimulator/NEXUSStudyPad.build/empty-NEXUSStudyPad.plist (in target 'NEXUSStudyPad' from project 'NEXUSStudyPad')
    cd /Users/mecid/Desktop/OKUL\ /projeler/NEXUS/NEXUSStudyPad
    write-file /Users/mecid/Desktop/OKUL\ /projeler/NEXUS/NEXUSStudyPad/.build/ReleaseDerivedData/Build/Intermediates.noindex/NEXUSStudyPad.build/Release-iphonesimulator/NEXUSStudyPad.build/empty-NEXUSStudyPad.plist

WriteAuxiliaryFile /Users/mecid/Desktop/OKUL\ /projeler/NEXUS/NEXUSStudyPad/.build/ReleaseDerivedData/Build/Intermediates.noindex/NEXUSStudyPad.build/Release-iphonesimulator/NEXUSStudyPad.build/Objects-normal/x86_64/NEXUSStudyPad_const_extract_protocols.json (in target 'NEXUSStudyPad' from project 'NEXUSStudyPad')
    cd /Users/mecid/Desktop/OKUL\ /projeler/NEXUS/NEXUSStudyPad
    write-file /Users/mecid/Desktop/OKUL\ /projeler/NEXUS/NEXUSStudyPad/.build/ReleaseDerivedData/Build/Intermediates.noindex/NEXUSStudyPad.build/Release-iphonesimulator/NEXUSStudyPad.build/Objects-normal/x86_64/NEXUSStudyPad_const_extract_protocols.json

WriteAuxiliaryFile /Users/mecid/Desktop/OKUL\ /projeler/NEXUS/NEXUSStudyPad/.build/ReleaseDerivedData/Build/Intermediates.noindex/NEXUSStudyPad.build/Release-iphonesimulator/NEXUSStudyPad.build/Objects-normal/x86_64/NEXUSStudyPad.SwiftConstValuesFileList (in target 'NEXUSStudyPad' from project 'NEXUSStudyPad')
    cd /Users/mecid/Desktop/OKUL\ /projeler/NEXUS/NEXUSStudyPad
    write-file /Users/mecid/Desktop/OKUL\ /projeler/NEXUS/NEXUSStudyPad/.build/ReleaseDerivedData/Build/Intermediates.noindex/NEXUSStudyPad.build/Release-iphonesimulator/NEXUSStudyPad.build/Objects-normal/x86_64/NEXUSStudyPad.SwiftConstValuesFileList

WriteAuxiliaryFile /Users/mecid/Desktop/OKUL\ /projeler/NEXUS/NEXUSStudyPad/.build/ReleaseDerivedData/Build/Intermediates.noindex/NEXUSStudyPad.build/Release-iphonesimulator/NEXUSStudyPad.build/Objects-normal/x86_64/NEXUSStudyPad.SwiftFileList (in target 'NEXUSStudyPad' from project 'NEXUSStudyPad')
    cd /Users/mecid/Desktop/OKUL\ /projeler/NEXUS/NEXUSStudyPad
    write-file /Users/mecid/Desktop/OKUL\ /projeler/NEXUS/NEXUSStudyPad/.build/ReleaseDerivedData/Build/Intermediates.noindex/NEXUSStudyPad.build/Release-iphonesimulator/NEXUSStudyPad.build/Objects-normal/x86_64/NEXUSStudyPad.SwiftFileList

WriteAuxiliaryFile /Users/mecid/Desktop/OKUL\ /projeler/NEXUS/NEXUSStudyPad/.build/ReleaseDerivedData/Build/Intermediates.noindex/NEXUSStudyPad.build/Release-iphonesimulator/NEXUSStudyPad.build/Objects-normal/x86_64/NEXUSStudyPad.LinkFileList (in target 'NEXUSStudyPad' from project 'NEXUSStudyPad')
    cd /Users/mecid/Desktop/OKUL\ /projeler/NEXUS/NEXUSStudyPad
    write-file /Users/mecid/Desktop/OKUL\ /projeler/NEXUS/NEXUSStudyPad/.build/ReleaseDerivedData/Build/Intermediates.noindex/NEXUSStudyPad.build/Release-iphonesimulator/NEXUSStudyPad.build/Objects-normal/x86_64/NEXUSStudyPad.LinkFileList

WriteAuxiliaryFile /Users/mecid/Desktop/OKUL\ /projeler/NEXUS/NEXUSStudyPad/.build/ReleaseDerivedData/Build/Intermediates.noindex/NEXUSStudyPad.build/Release-iphonesimulator/NEXUSStudyPad.build/Objects-normal/x86_64/NEXUSStudyPad-OutputFileMap.json (in target 'NEXUSStudyPad' from project 'NEXUSStudyPad')
    cd /Users/mecid/Desktop/OKUL\ /projeler/NEXUS/NEXUSStudyPad
    write-file /Users/mecid/Desktop/OKUL\ /projeler/NEXUS/NEXUSStudyPad/.build/ReleaseDerivedData/Build/Intermediates.noindex/NEXUSStudyPad.build/Release-iphonesimulator/NEXUSStudyPad.build/Objects-normal/x86_64/NEXUSStudyPad-OutputFileMap.json

WriteAuxiliaryFile /Users/mecid/Desktop/OKUL\ /projeler/NEXUS/NEXUSStudyPad/.build/ReleaseDerivedData/Build/Intermediates.noindex/NEXUSStudyPad.build/Release-iphonesimulator/NEXUSStudyPad.build/Objects-normal/arm64/NEXUSStudyPad.SwiftFileList (in target 'NEXUSStudyPad' from project 'NEXUSStudyPad')
    cd /Users/mecid/Desktop/OKUL\ /projeler/NEXUS/NEXUSStudyPad
    write-file /Users/mecid/Desktop/OKUL\ /projeler/NEXUS/NEXUSStudyPad/.build/ReleaseDerivedData/Build/Intermediates.noindex/NEXUSStudyPad.build/Release-iphonesimulator/NEXUSStudyPad.build/Objects-normal/arm64/NEXUSStudyPad.SwiftFileList

WriteAuxiliaryFile /Users/mecid/Desktop/OKUL\ /projeler/NEXUS/NEXUSStudyPad/.build/ReleaseDerivedData/Build/Intermediates.noindex/NEXUSStudyPad.build/Release-iphonesimulator/NEXUSStudyPad.build/Objects-normal/arm64/NEXUSStudyPad.SwiftConstValuesFileList (in target 'NEXUSStudyPad' from project 'NEXUSStudyPad')
    cd /Users/mecid/Desktop/OKUL\ /projeler/NEXUS/NEXUSStudyPad
    write-file /Users/mecid/Desktop/OKUL\ /projeler/NEXUS/NEXUSStudyPad/.build/ReleaseDerivedData/Build/Intermediates.noindex/NEXUSStudyPad.build/Release-iphonesimulator/NEXUSStudyPad.build/Objects-normal/arm64/NEXUSStudyPad.SwiftConstValuesFileList

WriteAuxiliaryFile /Users/mecid/Desktop/OKUL\ /projeler/NEXUS/NEXUSStudyPad/.build/ReleaseDerivedData/Build/Intermediates.noindex/NEXUSStudyPad.build/Release-iphonesimulator/NEXUSStudyPad.build/Objects-normal/arm64/NEXUSStudyPad_const_extract_protocols.json (in target 'NEXUSStudyPad' from project 'NEXUSStudyPad')
    cd /Users/mecid/Desktop/OKUL\ /projeler/NEXUS/NEXUSStudyPad
    write-file /Users/mecid/Desktop/OKUL\ /projeler/NEXUS/NEXUSStudyPad/.build/ReleaseDerivedData/Build/Intermediates.noindex/NEXUSStudyPad.build/Release-iphonesimulator/NEXUSStudyPad.build/Objects-normal/arm64/NEXUSStudyPad_const_extract_protocols.json

WriteAuxiliaryFile /Users/mecid/Desktop/OKUL\ /projeler/NEXUS/NEXUSStudyPad/.build/ReleaseDerivedData/Build/Intermediates.noindex/NEXUSStudyPad.build/Release-iphonesimulator/NEXUSStudyPad.build/Objects-normal/arm64/NEXUSStudyPad.LinkFileList (in target 'NEXUSStudyPad' from project 'NEXUSStudyPad')
    cd /Users/mecid/Desktop/OKUL\ /projeler/NEXUS/NEXUSStudyPad
    write-file /Users/mecid/Desktop/OKUL\ /projeler/NEXUS/NEXUSStudyPad/.build/ReleaseDerivedData/Build/Intermediates.noindex/NEXUSStudyPad.build/Release-iphonesimulator/NEXUSStudyPad.build/Objects-normal/arm64/NEXUSStudyPad.LinkFileList

WriteAuxiliaryFile /Users/mecid/Desktop/OKUL\ /projeler/NEXUS/NEXUSStudyPad/.build/ReleaseDerivedData/Build/Intermediates.noindex/NEXUSStudyPad.build/Release-iphonesimulator/NEXUSStudyPad.build/Objects-normal/arm64/NEXUSStudyPad-OutputFileMap.json (in target 'NEXUSStudyPad' from project 'NEXUSStudyPad')
    cd /Users/mecid/Desktop/OKUL\ /projeler/NEXUS/NEXUSStudyPad
    write-file /Users/mecid/Desktop/OKUL\ /projeler/NEXUS/NEXUSStudyPad/.build/ReleaseDerivedData/Build/Intermediates.noindex/NEXUSStudyPad.build/Release-iphonesimulator/NEXUSStudyPad.build/Objects-normal/arm64/NEXUSStudyPad-OutputFileMap.json

WriteAuxiliaryFile /Users/mecid/Desktop/OKUL\ /projeler/NEXUS/NEXUSStudyPad/.build/ReleaseDerivedData/Build/Intermediates.noindex/NEXUSStudyPad.build/Release-iphonesimulator/NEXUSStudyPad.build/NEXUSStudyPad.hmap (in target 'NEXUSStudyPad' from project 'NEXUSStudyPad')
    cd /Users/mecid/Desktop/OKUL\ /projeler/NEXUS/NEXUSStudyPad
    write-file /Users/mecid/Desktop/OKUL\ /projeler/NEXUS/NEXUSStudyPad/.build/ReleaseDerivedData/Build/Intermediates.noindex/NEXUSStudyPad.build/Release-iphonesimulator/NEXUSStudyPad.build/NEXUSStudyPad.hmap

WriteAuxiliaryFile /Users/mecid/Desktop/OKUL\ /projeler/NEXUS/NEXUSStudyPad/.build/ReleaseDerivedData/Build/Intermediates.noindex/NEXUSStudyPad.build/Release-iphonesimulator/NEXUSStudyPad.build/NEXUSStudyPad.DependencyStaticMetadataFileList (in target 'NEXUSStudyPad' from project 'NEXUSStudyPad')
    cd /Users/mecid/Desktop/OKUL\ /projeler/NEXUS/NEXUSStudyPad
    write-file /Users/mecid/Desktop/OKUL\ /projeler/NEXUS/NEXUSStudyPad/.build/ReleaseDerivedData/Build/Intermediates.noindex/NEXUSStudyPad.build/Release-iphonesimulator/NEXUSStudyPad.build/NEXUSStudyPad.DependencyStaticMetadataFileList

WriteAuxiliaryFile /Users/mecid/Desktop/OKUL\ /projeler/NEXUS/NEXUSStudyPad/.build/ReleaseDerivedData/Build/Intermediates.noindex/NEXUSStudyPad.build/Release-iphonesimulator/NEXUSStudyPad.build/NEXUSStudyPad.DependencyMetadataFileList (in target 'NEXUSStudyPad' from project 'NEXUSStudyPad')
    cd /Users/mecid/Desktop/OKUL\ /projeler/NEXUS/NEXUSStudyPad
    write-file /Users/mecid/Desktop/OKUL\ /projeler/NEXUS/NEXUSStudyPad/.build/ReleaseDerivedData/Build/Intermediates.noindex/NEXUSStudyPad.build/Release-iphonesimulator/NEXUSStudyPad.build/NEXUSStudyPad.DependencyMetadataFileList

WriteAuxiliaryFile /Users/mecid/Desktop/OKUL\ /projeler/NEXUS/NEXUSStudyPad/.build/ReleaseDerivedData/Build/Intermediates.noindex/NEXUSStudyPad.build/Release-iphonesimulator/NEXUSStudyPad.build/NEXUSStudyPad-project-headers.hmap (in target 'NEXUSStudyPad' from project 'NEXUSStudyPad')
    cd /Users/mecid/Desktop/OKUL\ /projeler/NEXUS/NEXUSStudyPad
    write-file /Users/mecid/Desktop/OKUL\ /projeler/NEXUS/NEXUSStudyPad/.build/ReleaseDerivedData/Build/Intermediates.noindex/NEXUSStudyPad.build/Release-iphonesimulator/NEXUSStudyPad.build/NEXUSStudyPad-project-headers.hmap

WriteAuxiliaryFile /Users/mecid/Desktop/OKUL\ /projeler/NEXUS/NEXUSStudyPad/.build/ReleaseDerivedData/Build/Intermediates.noindex/NEXUSStudyPad.build/Release-iphonesimulator/NEXUSStudyPad.build/NEXUSStudyPad-own-target-headers.hmap (in target 'NEXUSStudyPad' from project 'NEXUSStudyPad')
    cd /Users/mecid/Desktop/OKUL\ /projeler/NEXUS/NEXUSStudyPad
    write-file /Users/mecid/Desktop/OKUL\ /projeler/NEXUS/NEXUSStudyPad/.build/ReleaseDerivedData/Build/Intermediates.noindex/NEXUSStudyPad.build/Release-iphonesimulator/NEXUSStudyPad.build/NEXUSStudyPad-own-target-headers.hmap

WriteAuxiliaryFile /Users/mecid/Desktop/OKUL\ /projeler/NEXUS/NEXUSStudyPad/.build/ReleaseDerivedData/Build/Intermediates.noindex/NEXUSStudyPad.build/Release-iphonesimulator/NEXUSStudyPad.build/NEXUSStudyPad-generated-files.hmap (in target 'NEXUSStudyPad' from project 'NEXUSStudyPad')
    cd /Users/mecid/Desktop/OKUL\ /projeler/NEXUS/NEXUSStudyPad
    write-file /Users/mecid/Desktop/OKUL\ /projeler/NEXUS/NEXUSStudyPad/.build/ReleaseDerivedData/Build/Intermediates.noindex/NEXUSStudyPad.build/Release-iphonesimulator/NEXUSStudyPad.build/NEXUSStudyPad-generated-files.hmap

WriteAuxiliaryFile /Users/mecid/Desktop/OKUL\ /projeler/NEXUS/NEXUSStudyPad/.build/ReleaseDerivedData/Build/Intermediates.noindex/NEXUSStudyPad.build/Release-iphonesimulator/NEXUSStudyPad.build/NEXUSStudyPad-all-target-headers.hmap (in target 'NEXUSStudyPad' from project 'NEXUSStudyPad')
    cd /Users/mecid/Desktop/OKUL\ /projeler/NEXUS/NEXUSStudyPad
    write-file /Users/mecid/Desktop/OKUL\ /projeler/NEXUS/NEXUSStudyPad/.build/ReleaseDerivedData/Build/Intermediates.noindex/NEXUSStudyPad.build/Release-iphonesimulator/NEXUSStudyPad.build/NEXUSStudyPad-all-target-headers.hmap

WriteAuxiliaryFile /Users/mecid/Desktop/OKUL\ /projeler/NEXUS/NEXUSStudyPad/.build/ReleaseDerivedData/Build/Intermediates.noindex/NEXUSStudyPad.build/Release-iphonesimulator/NEXUSStudyPad.build/NEXUSStudyPad-all-non-framework-target-headers.hmap (in target 'NEXUSStudyPad' from project 'NEXUSStudyPad')
    cd /Users/mecid/Desktop/OKUL\ /projeler/NEXUS/NEXUSStudyPad
    write-file /Users/mecid/Desktop/OKUL\ /projeler/NEXUS/NEXUSStudyPad/.build/ReleaseDerivedData/Build/Intermediates.noindex/NEXUSStudyPad.build/Release-iphonesimulator/NEXUSStudyPad.build/NEXUSStudyPad-all-non-framework-target-headers.hmap

MkDir /Users/mecid/Desktop/OKUL\ /projeler/NEXUS/NEXUSStudyPad/.build/ReleaseDerivedData/Build/Products/Release-iphonesimulator/NEXUSStudyPad.app (in target 'NEXUSStudyPad' from project 'NEXUSStudyPad')
    cd /Users/mecid/Desktop/OKUL\ /projeler/NEXUS/NEXUSStudyPad
    /bin/mkdir -p /Users/mecid/Desktop/OKUL\ /projeler/NEXUS/NEXUSStudyPad/.build/ReleaseDerivedData/Build/Products/Release-iphonesimulator/NEXUSStudyPad.app

MkDir /Users/mecid/Desktop/OKUL\ /projeler/NEXUS/NEXUSStudyPad/.build/ReleaseDerivedData/Build/Intermediates.noindex/NEXUSStudyPad.build/Release-iphonesimulator/NEXUSStudyPad.build/assetcatalog_output/thinned (in target 'NEXUSStudyPad' from project 'NEXUSStudyPad')
    cd /Users/mecid/Desktop/OKUL\ /projeler/NEXUS/NEXUSStudyPad
    /bin/mkdir -p /Users/mecid/Desktop/OKUL\ /projeler/NEXUS/NEXUSStudyPad/.build/ReleaseDerivedData/Build/Intermediates.noindex/NEXUSStudyPad.build/Release-iphonesimulator/NEXUSStudyPad.build/assetcatalog_output/thinned

MkDir /Users/mecid/Desktop/OKUL\ /projeler/NEXUS/NEXUSStudyPad/.build/ReleaseDerivedData/Build/Intermediates.noindex/NEXUSStudyPad.build/Release-iphonesimulator/NEXUSStudyPad.build/assetcatalog_output/unthinned (in target 'NEXUSStudyPad' from project 'NEXUSStudyPad')
    cd /Users/mecid/Desktop/OKUL\ /projeler/NEXUS/NEXUSStudyPad
    /bin/mkdir -p /Users/mecid/Desktop/OKUL\ /projeler/NEXUS/NEXUSStudyPad/.build/ReleaseDerivedData/Build/Intermediates.noindex/NEXUSStudyPad.build/Release-iphonesimulator/NEXUSStudyPad.build/assetcatalog_output/unthinned

GenerateAssetSymbols /Users/mecid/Desktop/OKUL\ /projeler/NEXUS/NEXUSStudyPad/NEXUSStudyPad/Resources/Assets.xcassets (in target 'NEXUSStudyPad' from project 'NEXUSStudyPad')
    cd /Users/mecid/Desktop/OKUL\ /projeler/NEXUS/NEXUSStudyPad
    /Applications/Xcode.app/Contents/Developer/usr/bin/actool /Users/mecid/Desktop/OKUL\ /projeler/NEXUS/NEXUSStudyPad/NEXUSStudyPad/Resources/Assets.xcassets --compile /Users/mecid/Desktop/OKUL\ /projeler/NEXUS/NEXUSStudyPad/.build/ReleaseDerivedData/Build/Products/Release-iphonesimulator/NEXUSStudyPad.app --output-format human-readable-text --notices --warnings --export-dependency-info /Users/mecid/Desktop/OKUL\ /projeler/NEXUS/NEXUSStudyPad/.build/ReleaseDerivedData/Build/Intermediates.noindex/NEXUSStudyPad.build/Release-iphonesimulator/NEXUSStudyPad.build/assetcatalog_dependencies --output-partial-info-plist /Users/mecid/Desktop/OKUL\ /projeler/NEXUS/NEXUSStudyPad/.build/ReleaseDerivedData/Build/Intermediates.noindex/NEXUSStudyPad.build/Release-iphonesimulator/NEXUSStudyPad.build/assetcatalog_generated_info.plist --app-icon AppIcon --accent-color AccentColor --compress-pngs --enable-on-demand-resources YES --development-region tr --target-device ipad --minimum-deployment-target 17.0 --platform iphonesimulator --bundle-identifier com.nexus.studypad --generate-swift-asset-symbol-extensions NO --generate-swift-asset-symbols /Users/mecid/Desktop/OKUL\ /projeler/NEXUS/NEXUSStudyPad/.build/ReleaseDerivedData/Build/Intermediates.noindex/NEXUSStudyPad.build/Release-iphonesimulator/NEXUSStudyPad.build/DerivedSources/GeneratedAssetSymbols.swift --generate-objc-asset-symbols /Users/mecid/Desktop/OKUL\ /projeler/NEXUS/NEXUSStudyPad/.build/ReleaseDerivedData/Build/Intermediates.noindex/NEXUSStudyPad.build/Release-iphonesimulator/NEXUSStudyPad.build/DerivedSources/GeneratedAssetSymbols.h --generate-asset-symbol-index /Users/mecid/Desktop/OKUL\ /projeler/NEXUS/NEXUSStudyPad/.build/ReleaseDerivedData/Build/Intermediates.noindex/NEXUSStudyPad.build/Release-iphonesimulator/NEXUSStudyPad.build/DerivedSources/GeneratedAssetSymbols-Index.plist
/* com.apple.actool.compilation-results */
/Users/mecid/Desktop/OKUL /projeler/NEXUS/NEXUSStudyPad/.build/ReleaseDerivedData/Build/Intermediates.noindex/NEXUSStudyPad.build/Release-iphonesimulator/NEXUSStudyPad.build/DerivedSources/GeneratedAssetSymbols-Index.plist
/Users/mecid/Desktop/OKUL /projeler/NEXUS/NEXUSStudyPad/.build/ReleaseDerivedData/Build/Intermediates.noindex/NEXUSStudyPad.build/Release-iphonesimulator/NEXUSStudyPad.build/DerivedSources/GeneratedAssetSymbols.h
/Users/mecid/Desktop/OKUL /projeler/NEXUS/NEXUSStudyPad/.build/ReleaseDerivedData/Build/Intermediates.noindex/NEXUSStudyPad.build/Release-iphonesimulator/NEXUSStudyPad.build/DerivedSources/GeneratedAssetSymbols.swift


CompileXCStrings /Users/mecid/Desktop/OKUL\ /projeler/NEXUS/NEXUSStudyPad/.build/ReleaseDerivedData/Build/Intermediates.noindex/NEXUSStudyPad.build/Release-iphonesimulator/NEXUSStudyPad.build/ /Users/mecid/Desktop/OKUL\ /projeler/NEXUS/NEXUSStudyPad/NEXUSStudyPad/Resources/Localizable.xcstrings (in target 'NEXUSStudyPad' from project 'NEXUSStudyPad')
    cd /Users/mecid/Desktop/OKUL\ /projeler/NEXUS/NEXUSStudyPad
    /Applications/Xcode.app/Contents/Developer/usr/bin/xcstringstool compile --output-directory /Users/mecid/Desktop/OKUL\ /projeler/NEXUS/NEXUSStudyPad/.build/ReleaseDerivedData/Build/Intermediates.noindex/NEXUSStudyPad.build/Release-iphonesimulator/NEXUSStudyPad.build /Users/mecid/Desktop/OKUL\ /projeler/NEXUS/NEXUSStudyPad/NEXUSStudyPad/Resources/Localizable.xcstrings

CompileAssetCatalogVariant thinned /Users/mecid/Desktop/OKUL\ /projeler/NEXUS/NEXUSStudyPad/.build/ReleaseDerivedData/Build/Products/Release-iphonesimulator/NEXUSStudyPad.app /Users/mecid/Desktop/OKUL\ /projeler/NEXUS/NEXUSStudyPad/NEXUSStudyPad/Resources/Assets.xcassets (in target 'NEXUSStudyPad' from project 'NEXUSStudyPad')
    cd /Users/mecid/Desktop/OKUL\ /projeler/NEXUS/NEXUSStudyPad
    /Applications/Xcode.app/Contents/Developer/usr/bin/actool /Users/mecid/Desktop/OKUL\ /projeler/NEXUS/NEXUSStudyPad/NEXUSStudyPad/Resources/Assets.xcassets --compile /Users/mecid/Desktop/OKUL\ /projeler/NEXUS/NEXUSStudyPad/.build/ReleaseDerivedData/Build/Intermediates.noindex/NEXUSStudyPad.build/Release-iphonesimulator/NEXUSStudyPad.build/assetcatalog_output/thinned --output-format human-readable-text --notices --warnings --export-dependency-info /Users/mecid/Desktop/OKUL\ /projeler/NEXUS/NEXUSStudyPad/.build/ReleaseDerivedData/Build/Intermediates.noindex/NEXUSStudyPad.build/Release-iphonesimulator/NEXUSStudyPad.build/assetcatalog_dependencies_thinned --output-partial-info-plist /Users/mecid/Desktop/OKUL\ /projeler/NEXUS/NEXUSStudyPad/.build/ReleaseDerivedData/Build/Intermediates.noindex/NEXUSStudyPad.build/Release-iphonesimulator/NEXUSStudyPad.build/assetcatalog_generated_info.plist_thinned --app-icon AppIcon --accent-color AccentColor --compress-pngs --enable-on-demand-resources YES --development-region tr --target-device ipad --minimum-deployment-target 17.0 --platform iphonesimulator
/* com.apple.actool.compilation-results */
/Users/mecid/Desktop/OKUL /projeler/NEXUS/NEXUSStudyPad/.build/ReleaseDerivedData/Build/Intermediates.noindex/NEXUSStudyPad.build/Release-iphonesimulator/NEXUSStudyPad.build/assetcatalog_generated_info.plist_thinned
/Users/mecid/Desktop/OKUL /projeler/NEXUS/NEXUSStudyPad/.build/ReleaseDerivedData/Build/Intermediates.noindex/NEXUSStudyPad.build/Release-iphonesimulator/NEXUSStudyPad.build/assetcatalog_output/thinned/AppIcon60x60@2x.png
/Users/mecid/Desktop/OKUL /projeler/NEXUS/NEXUSStudyPad/.build/ReleaseDerivedData/Build/Intermediates.noindex/NEXUSStudyPad.build/Release-iphonesimulator/NEXUSStudyPad.build/assetcatalog_output/thinned/AppIcon76x76@2x~ipad.png
/Users/mecid/Desktop/OKUL /projeler/NEXUS/NEXUSStudyPad/.build/ReleaseDerivedData/Build/Intermediates.noindex/NEXUSStudyPad.build/Release-iphonesimulator/NEXUSStudyPad.build/assetcatalog_output/thinned/Assets.car


CopyStringsFile /Users/mecid/Desktop/OKUL\ /projeler/NEXUS/NEXUSStudyPad/.build/ReleaseDerivedData/Build/Products/Release-iphonesimulator/NEXUSStudyPad.app/en.lproj/Localizable.strings /Users/mecid/Desktop/OKUL\ /projeler/NEXUS/NEXUSStudyPad/.build/ReleaseDerivedData/Build/Intermediates.noindex/NEXUSStudyPad.build/Release-iphonesimulator/NEXUSStudyPad.build/en.lproj/Localizable.strings (in target 'NEXUSStudyPad' from project 'NEXUSStudyPad')
    cd /Users/mecid/Desktop/OKUL\ /projeler/NEXUS/NEXUSStudyPad
    builtin-copyStrings --validate --outputencoding binary --outfilename Localizable.strings --outdir /Users/mecid/Desktop/OKUL\ /projeler/NEXUS/NEXUSStudyPad/.build/ReleaseDerivedData/Build/Products/Release-iphonesimulator/NEXUSStudyPad.app/en.lproj -- /Users/mecid/Desktop/OKUL\ /projeler/NEXUS/NEXUSStudyPad/.build/ReleaseDerivedData/Build/Intermediates.noindex/NEXUSStudyPad.build/Release-iphonesimulator/NEXUSStudyPad.build/en.lproj/Localizable.strings
/Users/mecid/Desktop/OKUL /projeler/NEXUS/NEXUSStudyPad/.build/ReleaseDerivedData/Build/Intermediates.noindex/NEXUSStudyPad.build/Release-iphonesimulator/NEXUSStudyPad.build/en.lproj/Localizable.strings:1:1: note: detected encoding of input file as Unicode (UTF-8) (in target 'NEXUSStudyPad' from project 'NEXUSStudyPad')

CopyStringsFile /Users/mecid/Desktop/OKUL\ /projeler/NEXUS/NEXUSStudyPad/.build/ReleaseDerivedData/Build/Products/Release-iphonesimulator/NEXUSStudyPad.app/ar.lproj/Localizable.strings /Users/mecid/Desktop/OKUL\ /projeler/NEXUS/NEXUSStudyPad/.build/ReleaseDerivedData/Build/Intermediates.noindex/NEXUSStudyPad.build/Release-iphonesimulator/NEXUSStudyPad.build/ar.lproj/Localizable.strings (in target 'NEXUSStudyPad' from project 'NEXUSStudyPad')
    cd /Users/mecid/Desktop/OKUL\ /projeler/NEXUS/NEXUSStudyPad
    builtin-copyStrings --validate --outputencoding binary --outfilename Localizable.strings --outdir /Users/mecid/Desktop/OKUL\ /projeler/NEXUS/NEXUSStudyPad/.build/ReleaseDerivedData/Build/Products/Release-iphonesimulator/NEXUSStudyPad.app/ar.lproj -- /Users/mecid/Desktop/OKUL\ /projeler/NEXUS/NEXUSStudyPad/.build/ReleaseDerivedData/Build/Intermediates.noindex/NEXUSStudyPad.build/Release-iphonesimulator/NEXUSStudyPad.build/ar.lproj/Localizable.strings
/Users/mecid/Desktop/OKUL /projeler/NEXUS/NEXUSStudyPad/.build/ReleaseDerivedData/Build/Intermediates.noindex/NEXUSStudyPad.build/Release-iphonesimulator/NEXUSStudyPad.build/ar.lproj/Localizable.strings:1:1: note: detected encoding of input file as Unicode (UTF-8) (in target 'NEXUSStudyPad' from project 'NEXUSStudyPad')

SwiftDriver NEXUSStudyPad normal x86_64 com.apple.xcode.tools.swift.compiler (in target 'NEXUSStudyPad' from project 'NEXUSStudyPad')
    cd /Users/mecid/Desktop/OKUL\ /projeler/NEXUS/NEXUSStudyPad
    builtin-SwiftDriver -- /Applications/Xcode.app/Contents/Developer/Toolchains/XcodeDefault.xctoolchain/usr/bin/swiftc -module-name NEXUSStudyPad -O -whole-module-optimization @/Users/mecid/Desktop/OKUL\ /projeler/NEXUS/NEXUSStudyPad/.build/ReleaseDerivedData/Build/Intermediates.noindex/NEXUSStudyPad.build/Release-iphonesimulator/NEXUSStudyPad.build/Objects-normal/x86_64/NEXUSStudyPad.SwiftFileList -strict-concurrency\=targeted -enable-bare-slash-regex -enable-experimental-feature DebugDescriptionMacro -sdk /Applications/Xcode.app/Contents/Developer/Platforms/iPhoneSimulator.platform/Developer/SDKs/iPhoneSimulator26.5.sdk -target x86_64-apple-ios17.0-simulator -g -module-cache-path /Users/mecid/Desktop/OKUL\ /projeler/NEXUS/NEXUSStudyPad/.build/ReleaseDerivedData/ModuleCache.noindex -Xfrontend -serialize-debugging-options -swift-version 5 -I /Users/mecid/Desktop/OKUL\ /projeler/NEXUS/NEXUSStudyPad/.build/ReleaseDerivedData/Build/Products/Release-iphonesimulator -F /Users/mecid/Desktop/OKUL\ /projeler/NEXUS/NEXUSStudyPad/.build/ReleaseDerivedData/Build/Products/Release-iphonesimulator -emit-localized-strings -emit-localized-strings-path /Users/mecid/Desktop/OKUL\ /projeler/NEXUS/NEXUSStudyPad/.build/ReleaseDerivedData/Build/Intermediates.noindex/NEXUSStudyPad.build/Release-iphonesimulator/NEXUSStudyPad.build/Objects-normal/x86_64 -c -num-threads 11 -Xcc -ivfsstatcache -Xcc /Users/mecid/Desktop/OKUL\ /projeler/NEXUS/NEXUSStudyPad/.build/ReleaseDerivedData/SDKStatCaches.noindex/iphonesimulator26.5-23F81a-6cfe768891a92b912361537c460fe42b.sdkstatcache -output-file-map /Users/mecid/Desktop/OKUL\ /projeler/NEXUS/NEXUSStudyPad/.build/ReleaseDerivedData/Build/Intermediates.noindex/NEXUSStudyPad.build/Release-iphonesimulator/NEXUSStudyPad.build/Objects-normal/x86_64/NEXUSStudyPad-OutputFileMap.json -use-frontend-parseable-output -save-temps -no-color-diagnostics -explicit-module-build -module-cache-path /Users/mecid/Desktop/OKUL\ /projeler/NEXUS/NEXUSStudyPad/.build/ReleaseDerivedData/Build/Intermediates.noindex/SwiftExplicitPrecompiledModules -clang-scanner-module-cache-path /Users/mecid/Desktop/OKUL\ /projeler/NEXUS/NEXUSStudyPad/.build/ReleaseDerivedData/ModuleCache.noindex -sdk-module-cache-path /Users/mecid/Desktop/OKUL\ /projeler/NEXUS/NEXUSStudyPad/.build/ReleaseDerivedData/ModuleCache.noindex -serialize-diagnostics -emit-dependencies -emit-module -emit-module-path /Users/mecid/Desktop/OKUL\ /projeler/NEXUS/NEXUSStudyPad/.build/ReleaseDerivedData/Build/Intermediates.noindex/NEXUSStudyPad.build/Release-iphonesimulator/NEXUSStudyPad.build/Objects-normal/x86_64/NEXUSStudyPad.swiftmodule -validate-clang-modules-once -clang-build-session-file /Users/mecid/Desktop/OKUL\ /projeler/NEXUS/NEXUSStudyPad/.build/ReleaseDerivedData/ModuleCache.noindex/Session.modulevalidation -Xcc -I/Users/mecid/Desktop/OKUL\ /projeler/NEXUS/NEXUSStudyPad/.build/ReleaseDerivedData/Build/Intermediates.noindex/NEXUSStudyPad.build/Release-iphonesimulator/NEXUSStudyPad.build/swift-overrides.hmap -emit-const-values -Xfrontend -const-gather-protocols-file -Xfrontend /Users/mecid/Desktop/OKUL\ /projeler/NEXUS/NEXUSStudyPad/.build/ReleaseDerivedData/Build/Intermediates.noindex/NEXUSStudyPad.build/Release-iphonesimulator/NEXUSStudyPad.build/Objects-normal/x86_64/NEXUSStudyPad_const_extract_protocols.json -Xcc -iquote -Xcc /Users/mecid/Desktop/OKUL\ /projeler/NEXUS/NEXUSStudyPad/.build/ReleaseDerivedData/Build/Intermediates.noindex/NEXUSStudyPad.build/Release-iphonesimulator/NEXUSStudyPad.build/NEXUSStudyPad-generated-files.hmap -Xcc -I/Users/mecid/Desktop/OKUL\ /projeler/NEXUS/NEXUSStudyPad/.build/ReleaseDerivedData/Build/Intermediates.noindex/NEXUSStudyPad.build/Release-iphonesimulator/NEXUSStudyPad.build/NEXUSStudyPad-own-target-headers.hmap -Xcc -I/Users/mecid/Desktop/OKUL\ /projeler/NEXUS/NEXUSStudyPad/.build/ReleaseDerivedData/Build/Intermediates.noindex/NEXUSStudyPad.build/Release-iphonesimulator/NEXUSStudyPad.build/NEXUSStudyPad-all-target-headers.hmap -Xcc -iquote -Xcc /Users/mecid/Desktop/OKUL\ /projeler/NEXUS/NEXUSStudyPad/.build/ReleaseDerivedData/Build/Intermediates.noindex/NEXUSStudyPad.build/Release-iphonesimulator/NEXUSStudyPad.build/NEXUSStudyPad-project-headers.hmap -Xcc -I/Users/mecid/Desktop/OKUL\ /projeler/NEXUS/NEXUSStudyPad/.build/ReleaseDerivedData/Build/Products/Release-iphonesimulator/include -Xcc -I/Users/mecid/Desktop/OKUL\ /projeler/NEXUS/NEXUSStudyPad/.build/ReleaseDerivedData/Build/Intermediates.noindex/NEXUSStudyPad.build/Release-iphonesimulator/NEXUSStudyPad.build/DerivedSources-normal/x86_64 -Xcc -I/Users/mecid/Desktop/OKUL\ /projeler/NEXUS/NEXUSStudyPad/.build/ReleaseDerivedData/Build/Intermediates.noindex/NEXUSStudyPad.build/Release-iphonesimulator/NEXUSStudyPad.build/DerivedSources/x86_64 -Xcc -I/Users/mecid/Desktop/OKUL\ /projeler/NEXUS/NEXUSStudyPad/.build/ReleaseDerivedData/Build/Intermediates.noindex/NEXUSStudyPad.build/Release-iphonesimulator/NEXUSStudyPad.build/DerivedSources -emit-objc-header -emit-objc-header-path /Users/mecid/Desktop/OKUL\ /projeler/NEXUS/NEXUSStudyPad/.build/ReleaseDerivedData/Build/Intermediates.noindex/NEXUSStudyPad.build/Release-iphonesimulator/NEXUSStudyPad.build/Objects-normal/x86_64/NEXUSStudyPad-Swift.h -working-directory /Users/mecid/Desktop/OKUL\ /projeler/NEXUS/NEXUSStudyPad -no-emit-module-separately-wmo

SwiftDriver NEXUSStudyPad normal arm64 com.apple.xcode.tools.swift.compiler (in target 'NEXUSStudyPad' from project 'NEXUSStudyPad')
    cd /Users/mecid/Desktop/OKUL\ /projeler/NEXUS/NEXUSStudyPad
    builtin-SwiftDriver -- /Applications/Xcode.app/Contents/Developer/Toolchains/XcodeDefault.xctoolchain/usr/bin/swiftc -module-name NEXUSStudyPad -O -whole-module-optimization @/Users/mecid/Desktop/OKUL\ /projeler/NEXUS/NEXUSStudyPad/.build/ReleaseDerivedData/Build/Intermediates.noindex/NEXUSStudyPad.build/Release-iphonesimulator/NEXUSStudyPad.build/Objects-normal/arm64/NEXUSStudyPad.SwiftFileList -strict-concurrency\=targeted -enable-bare-slash-regex -enable-experimental-feature DebugDescriptionMacro -sdk /Applications/Xcode.app/Contents/Developer/Platforms/iPhoneSimulator.platform/Developer/SDKs/iPhoneSimulator26.5.sdk -target arm64-apple-ios17.0-simulator -g -module-cache-path /Users/mecid/Desktop/OKUL\ /projeler/NEXUS/NEXUSStudyPad/.build/ReleaseDerivedData/ModuleCache.noindex -Xfrontend -serialize-debugging-options -swift-version 5 -I /Users/mecid/Desktop/OKUL\ /projeler/NEXUS/NEXUSStudyPad/.build/ReleaseDerivedData/Build/Products/Release-iphonesimulator -F /Users/mecid/Desktop/OKUL\ /projeler/NEXUS/NEXUSStudyPad/.build/ReleaseDerivedData/Build/Products/Release-iphonesimulator -emit-localized-strings -emit-localized-strings-path /Users/mecid/Desktop/OKUL\ /projeler/NEXUS/NEXUSStudyPad/.build/ReleaseDerivedData/Build/Intermediates.noindex/NEXUSStudyPad.build/Release-iphonesimulator/NEXUSStudyPad.build/Objects-normal/arm64 -c -num-threads 11 -Xcc -ivfsstatcache -Xcc /Users/mecid/Desktop/OKUL\ /projeler/NEXUS/NEXUSStudyPad/.build/ReleaseDerivedData/SDKStatCaches.noindex/iphonesimulator26.5-23F81a-6cfe768891a92b912361537c460fe42b.sdkstatcache -output-file-map /Users/mecid/Desktop/OKUL\ /projeler/NEXUS/NEXUSStudyPad/.build/ReleaseDerivedData/Build/Intermediates.noindex/NEXUSStudyPad.build/Release-iphonesimulator/NEXUSStudyPad.build/Objects-normal/arm64/NEXUSStudyPad-OutputFileMap.json -use-frontend-parseable-output -save-temps -no-color-diagnostics -explicit-module-build -module-cache-path /Users/mecid/Desktop/OKUL\ /projeler/NEXUS/NEXUSStudyPad/.build/ReleaseDerivedData/Build/Intermediates.noindex/SwiftExplicitPrecompiledModules -clang-scanner-module-cache-path /Users/mecid/Desktop/OKUL\ /projeler/NEXUS/NEXUSStudyPad/.build/ReleaseDerivedData/ModuleCache.noindex -sdk-module-cache-path /Users/mecid/Desktop/OKUL\ /projeler/NEXUS/NEXUSStudyPad/.build/ReleaseDerivedData/ModuleCache.noindex -serialize-diagnostics -emit-dependencies -emit-module -emit-module-path /Users/mecid/Desktop/OKUL\ /projeler/NEXUS/NEXUSStudyPad/.build/ReleaseDerivedData/Build/Intermediates.noindex/NEXUSStudyPad.build/Release-iphonesimulator/NEXUSStudyPad.build/Objects-normal/arm64/NEXUSStudyPad.swiftmodule -validate-clang-modules-once -clang-build-session-file /Users/mecid/Desktop/OKUL\ /projeler/NEXUS/NEXUSStudyPad/.build/ReleaseDerivedData/ModuleCache.noindex/Session.modulevalidation -Xcc -I/Users/mecid/Desktop/OKUL\ /projeler/NEXUS/NEXUSStudyPad/.build/ReleaseDerivedData/Build/Intermediates.noindex/NEXUSStudyPad.build/Release-iphonesimulator/NEXUSStudyPad.build/swift-overrides.hmap -emit-const-values -Xfrontend -const-gather-protocols-file -Xfrontend /Users/mecid/Desktop/OKUL\ /projeler/NEXUS/NEXUSStudyPad/.build/ReleaseDerivedData/Build/Intermediates.noindex/NEXUSStudyPad.build/Release-iphonesimulator/NEXUSStudyPad.build/Objects-normal/arm64/NEXUSStudyPad_const_extract_protocols.json -Xcc -iquote -Xcc /Users/mecid/Desktop/OKUL\ /projeler/NEXUS/NEXUSStudyPad/.build/ReleaseDerivedData/Build/Intermediates.noindex/NEXUSStudyPad.build/Release-iphonesimulator/NEXUSStudyPad.build/NEXUSStudyPad-generated-files.hmap -Xcc -I/Users/mecid/Desktop/OKUL\ /projeler/NEXUS/NEXUSStudyPad/.build/ReleaseDerivedData/Build/Intermediates.noindex/NEXUSStudyPad.build/Release-iphonesimulator/NEXUSStudyPad.build/NEXUSStudyPad-own-target-headers.hmap -Xcc -I/Users/mecid/Desktop/OKUL\ /projeler/NEXUS/NEXUSStudyPad/.build/ReleaseDerivedData/Build/Intermediates.noindex/NEXUSStudyPad.build/Release-iphonesimulator/NEXUSStudyPad.build/NEXUSStudyPad-all-target-headers.hmap -Xcc -iquote -Xcc /Users/mecid/Desktop/OKUL\ /projeler/NEXUS/NEXUSStudyPad/.build/ReleaseDerivedData/Build/Intermediates.noindex/NEXUSStudyPad.build/Release-iphonesimulator/NEXUSStudyPad.build/NEXUSStudyPad-project-headers.hmap -Xcc -I/Users/mecid/Desktop/OKUL\ /projeler/NEXUS/NEXUSStudyPad/.build/ReleaseDerivedData/Build/Products/Release-iphonesimulator/include -Xcc -I/Users/mecid/Desktop/OKUL\ /projeler/NEXUS/NEXUSStudyPad/.build/ReleaseDerivedData/Build/Intermediates.noindex/NEXUSStudyPad.build/Release-iphonesimulator/NEXUSStudyPad.build/DerivedSources-normal/arm64 -Xcc -I/Users/mecid/Desktop/OKUL\ /projeler/NEXUS/NEXUSStudyPad/.build/ReleaseDerivedData/Build/Intermediates.noindex/NEXUSStudyPad.build/Release-iphonesimulator/NEXUSStudyPad.build/DerivedSources/arm64 -Xcc -I/Users/mecid/Desktop/OKUL\ /projeler/NEXUS/NEXUSStudyPad/.build/ReleaseDerivedData/Build/Intermediates.noindex/NEXUSStudyPad.build/Release-iphonesimulator/NEXUSStudyPad.build/DerivedSources -emit-objc-header -emit-objc-header-path /Users/mecid/Desktop/OKUL\ /projeler/NEXUS/NEXUSStudyPad/.build/ReleaseDerivedData/Build/Intermediates.noindex/NEXUSStudyPad.build/Release-iphonesimulator/NEXUSStudyPad.build/Objects-normal/arm64/NEXUSStudyPad-Swift.h -working-directory /Users/mecid/Desktop/OKUL\ /projeler/NEXUS/NEXUSStudyPad -no-emit-module-separately-wmo

SwiftDriver\ Compilation NEXUSStudyPad normal x86_64 com.apple.xcode.tools.swift.compiler (in target 'NEXUSStudyPad' from project 'NEXUSStudyPad')
    cd /Users/mecid/Desktop/OKUL\ /projeler/NEXUS/NEXUSStudyPad
    builtin-Swift-Compilation -- /Applications/Xcode.app/Contents/Developer/Toolchains/XcodeDefault.xctoolchain/usr/bin/swiftc -module-name NEXUSStudyPad -O -whole-module-optimization @/Users/mecid/Desktop/OKUL\ /projeler/NEXUS/NEXUSStudyPad/.build/ReleaseDerivedData/Build/Intermediates.noindex/NEXUSStudyPad.build/Release-iphonesimulator/NEXUSStudyPad.build/Objects-normal/x86_64/NEXUSStudyPad.SwiftFileList -strict-concurrency\=targeted -enable-bare-slash-regex -enable-experimental-feature DebugDescriptionMacro -sdk /Applications/Xcode.app/Contents/Developer/Platforms/iPhoneSimulator.platform/Developer/SDKs/iPhoneSimulator26.5.sdk -target x86_64-apple-ios17.0-simulator -g -module-cache-path /Users/mecid/Desktop/OKUL\ /projeler/NEXUS/NEXUSStudyPad/.build/ReleaseDerivedData/ModuleCache.noindex -Xfrontend -serialize-debugging-options -swift-version 5 -I /Users/mecid/Desktop/OKUL\ /projeler/NEXUS/NEXUSStudyPad/.build/ReleaseDerivedData/Build/Products/Release-iphonesimulator -F /Users/mecid/Desktop/OKUL\ /projeler/NEXUS/NEXUSStudyPad/.build/ReleaseDerivedData/Build/Products/Release-iphonesimulator -emit-localized-strings -emit-localized-strings-path /Users/mecid/Desktop/OKUL\ /projeler/NEXUS/NEXUSStudyPad/.build/ReleaseDerivedData/Build/Intermediates.noindex/NEXUSStudyPad.build/Release-iphonesimulator/NEXUSStudyPad.build/Objects-normal/x86_64 -c -num-threads 11 -Xcc -ivfsstatcache -Xcc /Users/mecid/Desktop/OKUL\ /projeler/NEXUS/NEXUSStudyPad/.build/ReleaseDerivedData/SDKStatCaches.noindex/iphonesimulator26.5-23F81a-6cfe768891a92b912361537c460fe42b.sdkstatcache -output-file-map /Users/mecid/Desktop/OKUL\ /projeler/NEXUS/NEXUSStudyPad/.build/ReleaseDerivedData/Build/Intermediates.noindex/NEXUSStudyPad.build/Release-iphonesimulator/NEXUSStudyPad.build/Objects-normal/x86_64/NEXUSStudyPad-OutputFileMap.json -use-frontend-parseable-output -save-temps -no-color-diagnostics -explicit-module-build -module-cache-path /Users/mecid/Desktop/OKUL\ /projeler/NEXUS/NEXUSStudyPad/.build/ReleaseDerivedData/Build/Intermediates.noindex/SwiftExplicitPrecompiledModules -clang-scanner-module-cache-path /Users/mecid/Desktop/OKUL\ /projeler/NEXUS/NEXUSStudyPad/.build/ReleaseDerivedData/ModuleCache.noindex -sdk-module-cache-path /Users/mecid/Desktop/OKUL\ /projeler/NEXUS/NEXUSStudyPad/.build/ReleaseDerivedData/ModuleCache.noindex -serialize-diagnostics -emit-dependencies -emit-module -emit-module-path /Users/mecid/Desktop/OKUL\ /projeler/NEXUS/NEXUSStudyPad/.build/ReleaseDerivedData/Build/Intermediates.noindex/NEXUSStudyPad.build/Release-iphonesimulator/NEXUSStudyPad.build/Objects-normal/x86_64/NEXUSStudyPad.swiftmodule -validate-clang-modules-once -clang-build-session-file /Users/mecid/Desktop/OKUL\ /projeler/NEXUS/NEXUSStudyPad/.build/ReleaseDerivedData/ModuleCache.noindex/Session.modulevalidation -Xcc -I/Users/mecid/Desktop/OKUL\ /projeler/NEXUS/NEXUSStudyPad/.build/ReleaseDerivedData/Build/Intermediates.noindex/NEXUSStudyPad.build/Release-iphonesimulator/NEXUSStudyPad.build/swift-overrides.hmap -emit-const-values -Xfrontend -const-gather-protocols-file -Xfrontend /Users/mecid/Desktop/OKUL\ /projeler/NEXUS/NEXUSStudyPad/.build/ReleaseDerivedData/Build/Intermediates.noindex/NEXUSStudyPad.build/Release-iphonesimulator/NEXUSStudyPad.build/Objects-normal/x86_64/NEXUSStudyPad_const_extract_protocols.json -Xcc -iquote -Xcc /Users/mecid/Desktop/OKUL\ /projeler/NEXUS/NEXUSStudyPad/.build/ReleaseDerivedData/Build/Intermediates.noindex/NEXUSStudyPad.build/Release-iphonesimulator/NEXUSStudyPad.build/NEXUSStudyPad-generated-files.hmap -Xcc -I/Users/mecid/Desktop/OKUL\ /projeler/NEXUS/NEXUSStudyPad/.build/ReleaseDerivedData/Build/Intermediates.noindex/NEXUSStudyPad.build/Release-iphonesimulator/NEXUSStudyPad.build/NEXUSStudyPad-own-target-headers.hmap -Xcc -I/Users/mecid/Desktop/OKUL\ /projeler/NEXUS/NEXUSStudyPad/.build/ReleaseDerivedData/Build/Intermediates.noindex/NEXUSStudyPad.build/Release-iphonesimulator/NEXUSStudyPad.build/NEXUSStudyPad-all-target-headers.hmap -Xcc -iquote -Xcc /Users/mecid/Desktop/OKUL\ /projeler/NEXUS/NEXUSStudyPad/.build/ReleaseDerivedData/Build/Intermediates.noindex/NEXUSStudyPad.build/Release-iphonesimulator/NEXUSStudyPad.build/NEXUSStudyPad-project-headers.hmap -Xcc -I/Users/mecid/Desktop/OKUL\ /projeler/NEXUS/NEXUSStudyPad/.build/ReleaseDerivedData/Build/Products/Release-iphonesimulator/include -Xcc -I/Users/mecid/Desktop/OKUL\ /projeler/NEXUS/NEXUSStudyPad/.build/ReleaseDerivedData/Build/Intermediates.noindex/NEXUSStudyPad.build/Release-iphonesimulator/NEXUSStudyPad.build/DerivedSources-normal/x86_64 -Xcc -I/Users/mecid/Desktop/OKUL\ /projeler/NEXUS/NEXUSStudyPad/.build/ReleaseDerivedData/Build/Intermediates.noindex/NEXUSStudyPad.build/Release-iphonesimulator/NEXUSStudyPad.build/DerivedSources/x86_64 -Xcc -I/Users/mecid/Desktop/OKUL\ /projeler/NEXUS/NEXUSStudyPad/.build/ReleaseDerivedData/Build/Intermediates.noindex/NEXUSStudyPad.build/Release-iphonesimulator/NEXUSStudyPad.build/DerivedSources -emit-objc-header -emit-objc-header-path /Users/mecid/Desktop/OKUL\ /projeler/NEXUS/NEXUSStudyPad/.build/ReleaseDerivedData/Build/Intermediates.noindex/NEXUSStudyPad.build/Release-iphonesimulator/NEXUSStudyPad.build/Objects-normal/x86_64/NEXUSStudyPad-Swift.h -working-directory /Users/mecid/Desktop/OKUL\ /projeler/NEXUS/NEXUSStudyPad -no-emit-module-separately-wmo

SwiftExplicitDependencyGeneratePcm x86_64 /Users/mecid/Desktop/OKUL\ /projeler/NEXUS/NEXUSStudyPad/.build/ReleaseDerivedData/ModuleCache.noindex/_Builtin_stdbool-Y1Z8XFYQH4XCBDEDL3BIPERB.pcm

SwiftExplicitDependencyGeneratePcm x86_64 /Users/mecid/Desktop/OKUL\ /projeler/NEXUS/NEXUSStudyPad/.build/ReleaseDerivedData/ModuleCache.noindex/_Builtin_stddef-F4QSS84YUHTVRPN0I327H6IFR.pcm

SwiftExplicitDependencyGeneratePcm x86_64 /Users/mecid/Desktop/OKUL\ /projeler/NEXUS/NEXUSStudyPad/.build/ReleaseDerivedData/ModuleCache.noindex/ptrauth-8E22DCXZY1C1I10XDQPWVBABX.pcm

SwiftExplicitDependencyGeneratePcm x86_64 /Users/mecid/Desktop/OKUL\ /projeler/NEXUS/NEXUSStudyPad/.build/ReleaseDerivedData/ModuleCache.noindex/_Builtin_stdarg-C3AN7HO7ZU2TPXXM3OUUAG1DW.pcm

SwiftExplicitDependencyGeneratePcm x86_64 /Users/mecid/Desktop/OKUL\ /projeler/NEXUS/NEXUSStudyPad/.build/ReleaseDerivedData/ModuleCache.noindex/SwiftShims-3BLTPTZ4VP47PF49C3PSLASSX.pcm

SwiftExplicitDependencyGeneratePcm x86_64 /Users/mecid/Desktop/OKUL\ /projeler/NEXUS/NEXUSStudyPad/.build/ReleaseDerivedData/ModuleCache.noindex/_SwiftConcurrencyShims-D26OHIG09GZUPGGUCOWG6VK46.pcm

SwiftExplicitDependencyGeneratePcm x86_64 /Users/mecid/Desktop/OKUL\ /projeler/NEXUS/NEXUSStudyPad/.build/ReleaseDerivedData/ModuleCache.noindex/_AvailabilityInternal-F3PR56H0VKZ28KNFN861S2FOI.pcm

SwiftExplicitDependencyGeneratePcm x86_64 /Users/mecid/Desktop/OKUL\ /projeler/NEXUS/NEXUSStudyPad/.build/ReleaseDerivedData/ModuleCache.noindex/_Builtin_float-EL2DOXR7I9YGZCG5E1DR39MPT.pcm

SwiftExplicitDependencyGeneratePcm x86_64 /Users/mecid/Desktop/OKUL\ /projeler/NEXUS/NEXUSStudyPad/.build/ReleaseDerivedData/ModuleCache.noindex/ptrcheck-ENNMY1ZB0KC6O6BQ2LW4KS2C.pcm

SwiftExplicitDependencyGeneratePcm x86_64 /Users/mecid/Desktop/OKUL\ /projeler/NEXUS/NEXUSStudyPad/.build/ReleaseDerivedData/ModuleCache.noindex/DeveloperToolsSupport-3RQ8IW3ZG7L0UXIM1YNDL8J1Q.pcm

SwiftExplicitDependencyGeneratePcm arm64 /Users/mecid/Desktop/OKUL\ /projeler/NEXUS/NEXUSStudyPad/.build/ReleaseDerivedData/ModuleCache.noindex/_SwiftConcurrencyShims-51YEOVGO62CSQW5REGCF21JG.pcm

SwiftExplicitDependencyGeneratePcm arm64 /Users/mecid/Desktop/OKUL\ /projeler/NEXUS/NEXUSStudyPad/.build/ReleaseDerivedData/ModuleCache.noindex/_AvailabilityInternal-5HXS0GC9LP4YOHNP69HAQKC23.pcm

SwiftExplicitDependencyGeneratePcm arm64 /Users/mecid/Desktop/OKUL\ /projeler/NEXUS/NEXUSStudyPad/.build/ReleaseDerivedData/ModuleCache.noindex/_Builtin_stdbool-3U0CM5VFL0Z3BRQGFIMODKD82.pcm

SwiftExplicitDependencyGeneratePcm arm64 /Users/mecid/Desktop/OKUL\ /projeler/NEXUS/NEXUSStudyPad/.build/ReleaseDerivedData/ModuleCache.noindex/DeveloperToolsSupport-D8ZQNMHOFZQN5CF9RYV0GEVP0.pcm

SwiftExplicitDependencyGeneratePcm arm64 /Users/mecid/Desktop/OKUL\ /projeler/NEXUS/NEXUSStudyPad/.build/ReleaseDerivedData/ModuleCache.noindex/_Builtin_stdarg-Y78LFSUPBTORZS59OFZI520P.pcm

SwiftExplicitDependencyGeneratePcm arm64 /Users/mecid/Desktop/OKUL\ /projeler/NEXUS/NEXUSStudyPad/.build/ReleaseDerivedData/ModuleCache.noindex/ptrauth-3G9TX04JTU1U1V87031AED2K6.pcm

SwiftExplicitDependencyGeneratePcm arm64 /Users/mecid/Desktop/OKUL\ /projeler/NEXUS/NEXUSStudyPad/.build/ReleaseDerivedData/ModuleCache.noindex/_Builtin_stddef-85K9HZ9SOC3QT671JJ9F3LGNV.pcm

SwiftExplicitDependencyGeneratePcm arm64 /Users/mecid/Desktop/OKUL\ /projeler/NEXUS/NEXUSStudyPad/.build/ReleaseDerivedData/ModuleCache.noindex/SwiftShims-91YB2S3FQ3P3X1FMNYB8EXFVV.pcm

SwiftExplicitDependencyGeneratePcm x86_64 /Users/mecid/Desktop/OKUL\ /projeler/NEXUS/NEXUSStudyPad/.build/ReleaseDerivedData/ModuleCache.noindex/_DarwinFoundation1-3CIZDPIV28X66W076M2QPUXDL.pcm

SwiftExplicitDependencyGeneratePcm arm64 /Users/mecid/Desktop/OKUL\ /projeler/NEXUS/NEXUSStudyPad/.build/ReleaseDerivedData/ModuleCache.noindex/_Builtin_float-80907G7ZC4A82Y5UTYATCLAGJ.pcm

SwiftExplicitDependencyGeneratePcm arm64 /Users/mecid/Desktop/OKUL\ /projeler/NEXUS/NEXUSStudyPad/.build/ReleaseDerivedData/ModuleCache.noindex/ptrcheck-C3RP4J4PCM2RZ2YEUPQYL23FT.pcm

SwiftDriver\ Compilation NEXUSStudyPad normal arm64 com.apple.xcode.tools.swift.compiler (in target 'NEXUSStudyPad' from project 'NEXUSStudyPad')
    cd /Users/mecid/Desktop/OKUL\ /projeler/NEXUS/NEXUSStudyPad
    builtin-Swift-Compilation -- /Applications/Xcode.app/Contents/Developer/Toolchains/XcodeDefault.xctoolchain/usr/bin/swiftc -module-name NEXUSStudyPad -O -whole-module-optimization @/Users/mecid/Desktop/OKUL\ /projeler/NEXUS/NEXUSStudyPad/.build/ReleaseDerivedData/Build/Intermediates.noindex/NEXUSStudyPad.build/Release-iphonesimulator/NEXUSStudyPad.build/Objects-normal/arm64/NEXUSStudyPad.SwiftFileList -strict-concurrency\=targeted -enable-bare-slash-regex -enable-experimental-feature DebugDescriptionMacro -sdk /Applications/Xcode.app/Contents/Developer/Platforms/iPhoneSimulator.platform/Developer/SDKs/iPhoneSimulator26.5.sdk -target arm64-apple-ios17.0-simulator -g -module-cache-path /Users/mecid/Desktop/OKUL\ /projeler/NEXUS/NEXUSStudyPad/.build/ReleaseDerivedData/ModuleCache.noindex -Xfrontend -serialize-debugging-options -swift-version 5 -I /Users/mecid/Desktop/OKUL\ /projeler/NEXUS/NEXUSStudyPad/.build/ReleaseDerivedData/Build/Products/Release-iphonesimulator -F /Users/mecid/Desktop/OKUL\ /projeler/NEXUS/NEXUSStudyPad/.build/ReleaseDerivedData/Build/Products/Release-iphonesimulator -emit-localized-strings -emit-localized-strings-path /Users/mecid/Desktop/OKUL\ /projeler/NEXUS/NEXUSStudyPad/.build/ReleaseDerivedData/Build/Intermediates.noindex/NEXUSStudyPad.build/Release-iphonesimulator/NEXUSStudyPad.build/Objects-normal/arm64 -c -num-threads 11 -Xcc -ivfsstatcache -Xcc /Users/mecid/Desktop/OKUL\ /projeler/NEXUS/NEXUSStudyPad/.build/ReleaseDerivedData/SDKStatCaches.noindex/iphonesimulator26.5-23F81a-6cfe768891a92b912361537c460fe42b.sdkstatcache -output-file-map /Users/mecid/Desktop/OKUL\ /projeler/NEXUS/NEXUSStudyPad/.build/ReleaseDerivedData/Build/Intermediates.noindex/NEXUSStudyPad.build/Release-iphonesimulator/NEXUSStudyPad.build/Objects-normal/arm64/NEXUSStudyPad-OutputFileMap.json -use-frontend-parseable-output -save-temps -no-color-diagnostics -explicit-module-build -module-cache-path /Users/mecid/Desktop/OKUL\ /projeler/NEXUS/NEXUSStudyPad/.build/ReleaseDerivedData/Build/Intermediates.noindex/SwiftExplicitPrecompiledModules -clang-scanner-module-cache-path /Users/mecid/Desktop/OKUL\ /projeler/NEXUS/NEXUSStudyPad/.build/ReleaseDerivedData/ModuleCache.noindex -sdk-module-cache-path /Users/mecid/Desktop/OKUL\ /projeler/NEXUS/NEXUSStudyPad/.build/ReleaseDerivedData/ModuleCache.noindex -serialize-diagnostics -emit-dependencies -emit-module -emit-module-path /Users/mecid/Desktop/OKUL\ /projeler/NEXUS/NEXUSStudyPad/.build/ReleaseDerivedData/Build/Intermediates.noindex/NEXUSStudyPad.build/Release-iphonesimulator/NEXUSStudyPad.build/Objects-normal/arm64/NEXUSStudyPad.swiftmodule -validate-clang-modules-once -clang-build-session-file /Users/mecid/Desktop/OKUL\ /projeler/NEXUS/NEXUSStudyPad/.build/ReleaseDerivedData/ModuleCache.noindex/Session.modulevalidation -Xcc -I/Users/mecid/Desktop/OKUL\ /projeler/NEXUS/NEXUSStudyPad/.build/ReleaseDerivedData/Build/Intermediates.noindex/NEXUSStudyPad.build/Release-iphonesimulator/NEXUSStudyPad.build/swift-overrides.hmap -emit-const-values -Xfrontend -const-gather-protocols-file -Xfrontend /Users/mecid/Desktop/OKUL\ /projeler/NEXUS/NEXUSStudyPad/.build/ReleaseDerivedData/Build/Intermediates.noindex/NEXUSStudyPad.build/Release-iphonesimulator/NEXUSStudyPad.build/Objects-normal/arm64/NEXUSStudyPad_const_extract_protocols.json -Xcc -iquote -Xcc /Users/mecid/Desktop/OKUL\ /projeler/NEXUS/NEXUSStudyPad/.build/ReleaseDerivedData/Build/Intermediates.noindex/NEXUSStudyPad.build/Release-iphonesimulator/NEXUSStudyPad.build/NEXUSStudyPad-generated-files.hmap -Xcc -I/Users/mecid/Desktop/OKUL\ /projeler/NEXUS/NEXUSStudyPad/.build/ReleaseDerivedData/Build/Intermediates.noindex/NEXUSStudyPad.build/Release-iphonesimulator/NEXUSStudyPad.build/NEXUSStudyPad-own-target-headers.hmap -Xcc -I/Users/mecid/Desktop/OKUL\ /projeler/NEXUS/NEXUSStudyPad/.build/ReleaseDerivedData/Build/Intermediates.noindex/NEXUSStudyPad.build/Release-iphonesimulator/NEXUSStudyPad.build/NEXUSStudyPad-all-target-headers.hmap -Xcc -iquote -Xcc /Users/mecid/Desktop/OKUL\ /projeler/NEXUS/NEXUSStudyPad/.build/ReleaseDerivedData/Build/Intermediates.noindex/NEXUSStudyPad.build/Release-iphonesimulator/NEXUSStudyPad.build/NEXUSStudyPad-project-headers.hmap -Xcc -I/Users/mecid/Desktop/OKUL\ /projeler/NEXUS/NEXUSStudyPad/.build/ReleaseDerivedData/Build/Products/Release-iphonesimulator/include -Xcc -I/Users/mecid/Desktop/OKUL\ /projeler/NEXUS/NEXUSStudyPad/.build/ReleaseDerivedData/Build/Intermediates.noindex/NEXUSStudyPad.build/Release-iphonesimulator/NEXUSStudyPad.build/DerivedSources-normal/arm64 -Xcc -I/Users/mecid/Desktop/OKUL\ /projeler/NEXUS/NEXUSStudyPad/.build/ReleaseDerivedData/Build/Intermediates.noindex/NEXUSStudyPad.build/Release-iphonesimulator/NEXUSStudyPad.build/DerivedSources/arm64 -Xcc -I/Users/mecid/Desktop/OKUL\ /projeler/NEXUS/NEXUSStudyPad/.build/ReleaseDerivedData/Build/Intermediates.noindex/NEXUSStudyPad.build/Release-iphonesimulator/NEXUSStudyPad.build/DerivedSources -emit-objc-header -emit-objc-header-path /Users/mecid/Desktop/OKUL\ /projeler/NEXUS/NEXUSStudyPad/.build/ReleaseDerivedData/Build/Intermediates.noindex/NEXUSStudyPad.build/Release-iphonesimulator/NEXUSStudyPad.build/Objects-normal/arm64/NEXUSStudyPad-Swift.h -working-directory /Users/mecid/Desktop/OKUL\ /projeler/NEXUS/NEXUSStudyPad -no-emit-module-separately-wmo

SwiftExplicitDependencyGeneratePcm x86_64 /Users/mecid/Desktop/OKUL\ /projeler/NEXUS/NEXUSStudyPad/.build/ReleaseDerivedData/ModuleCache.noindex/_DarwinFoundation2-E717JV7Z58Y2MS6361UP83L72.pcm

SwiftExplicitDependencyGeneratePcm x86_64 /Users/mecid/Desktop/OKUL\ /projeler/NEXUS/NEXUSStudyPad/.build/ReleaseDerivedData/ModuleCache.noindex/_Builtin_limits-CC0GKD7YMC9WTUT2TVKWUI9TB.pcm

SwiftExplicitDependencyGeneratePcm arm64 /Users/mecid/Desktop/OKUL\ /projeler/NEXUS/NEXUSStudyPad/.build/ReleaseDerivedData/ModuleCache.noindex/_DarwinFoundation1-C1IUIOY9P3NCOPUL3N3YUEYIQ.pcm

SwiftExplicitDependencyGeneratePcm x86_64 /Users/mecid/Desktop/OKUL\ /projeler/NEXUS/NEXUSStudyPad/.build/ReleaseDerivedData/ModuleCache.noindex/_Builtin_stdint-8UQYX5EXOQGID8UCWMF21KTKS.pcm

SwiftExplicitDependencyGeneratePcm x86_64 /Users/mecid/Desktop/OKUL\ /projeler/NEXUS/NEXUSStudyPad/.build/ReleaseDerivedData/ModuleCache.noindex/sys_types-IVVIEWO2R9V2SE7Z3H4Z1YBB.pcm

SwiftExplicitDependencyGeneratePcm x86_64 /Users/mecid/Desktop/OKUL\ /projeler/NEXUS/NEXUSStudyPad/.build/ReleaseDerivedData/ModuleCache.noindex/_Builtin_tgmath-CDJZ284BNE8UA9OPWFZY7ZMIR.pcm

SwiftExplicitDependencyGeneratePcm arm64 /Users/mecid/Desktop/OKUL\ /projeler/NEXUS/NEXUSStudyPad/.build/ReleaseDerivedData/ModuleCache.noindex/_DarwinFoundation2-8FY9QKV3I6V3Q74W2L43N0HYN.pcm

SwiftExplicitDependencyGeneratePcm arm64 /Users/mecid/Desktop/OKUL\ /projeler/NEXUS/NEXUSStudyPad/.build/ReleaseDerivedData/ModuleCache.noindex/_Builtin_limits-80VOPV9OYGKK2TTUIAP4ZJKG2.pcm

SwiftExplicitDependencyGeneratePcm x86_64 /Users/mecid/Desktop/OKUL\ /projeler/NEXUS/NEXUSStudyPad/.build/ReleaseDerivedData/ModuleCache.noindex/_DarwinFoundation3-7ZP6P74TRTHPTIROOY12WIBJ3.pcm

SwiftExplicitDependencyGeneratePcm x86_64 /Users/mecid/Desktop/OKUL\ /projeler/NEXUS/NEXUSStudyPad/.build/ReleaseDerivedData/ModuleCache.noindex/_Builtin_stdatomic-6FNF2NS96EMIMHV9MWXQPBUU0.pcm

SwiftExplicitDependencyGeneratePcm arm64 /Users/mecid/Desktop/OKUL\ /projeler/NEXUS/NEXUSStudyPad/.build/ReleaseDerivedData/ModuleCache.noindex/_Builtin_stdint-DUMWSEPIWAOBI8JPY4XKE3IU4.pcm

SwiftExplicitDependencyGeneratePcm arm64 /Users/mecid/Desktop/OKUL\ /projeler/NEXUS/NEXUSStudyPad/.build/ReleaseDerivedData/ModuleCache.noindex/_Builtin_tgmath-BMIT3KR4BZ853CAP1WOFBD2MR.pcm

SwiftExplicitDependencyGeneratePcm arm64 /Users/mecid/Desktop/OKUL\ /projeler/NEXUS/NEXUSStudyPad/.build/ReleaseDerivedData/ModuleCache.noindex/sys_types-2TPVR3RVDHVJ3VDDQQ1466YNT.pcm

SwiftExplicitDependencyGeneratePcm x86_64 /Users/mecid/Desktop/OKUL\ /projeler/NEXUS/NEXUSStudyPad/.build/ReleaseDerivedData/ModuleCache.noindex/_Builtin_inttypes-1C0L9Z3895N6A5576PYH44L8K.pcm

SwiftExplicitDependencyGeneratePcm x86_64 /Users/mecid/Desktop/OKUL\ /projeler/NEXUS/NEXUSStudyPad/.build/ReleaseDerivedData/ModuleCache.noindex/_Builtin_intrinsics-11G55E7QTUY3YR3KGU26GSLR1.pcm

SwiftExplicitDependencyGeneratePcm arm64 /Users/mecid/Desktop/OKUL\ /projeler/NEXUS/NEXUSStudyPad/.build/ReleaseDerivedData/ModuleCache.noindex/_Builtin_stdatomic-9PR1W8BTWWAAVW00710I3E5QV.pcm

SwiftExplicitDependencyGeneratePcm arm64 /Users/mecid/Desktop/OKUL\ /projeler/NEXUS/NEXUSStudyPad/.build/ReleaseDerivedData/ModuleCache.noindex/_Builtin_intrinsics-D4UNE8YYK3N5OU6WM91OMFXG.pcm

SwiftExplicitDependencyGeneratePcm arm64 /Users/mecid/Desktop/OKUL\ /projeler/NEXUS/NEXUSStudyPad/.build/ReleaseDerivedData/ModuleCache.noindex/_DarwinFoundation3-BUERFMROB9K13GKJZZ8ABIQJQ.pcm

SwiftExplicitDependencyGeneratePcm x86_64 /Users/mecid/Desktop/OKUL\ /projeler/NEXUS/NEXUSStudyPad/.build/ReleaseDerivedData/ModuleCache.noindex/Darwin-C2J8T36Z0RSIT8748SWF3WGWJ.pcm

SwiftExplicitDependencyGeneratePcm arm64 /Users/mecid/Desktop/OKUL\ /projeler/NEXUS/NEXUSStudyPad/.build/ReleaseDerivedData/ModuleCache.noindex/_Builtin_inttypes-B95BWYNN9RBYU3JLGK2H57VTC.pcm

SwiftExplicitDependencyGeneratePcm arm64 /Users/mecid/Desktop/OKUL\ /projeler/NEXUS/NEXUSStudyPad/.build/ReleaseDerivedData/ModuleCache.noindex/Darwin-CODLTIOSC6QQKSBZJV92DH8QM.pcm

SwiftExplicitDependencyGeneratePcm arm64 /Users/mecid/Desktop/OKUL\ /projeler/NEXUS/NEXUSStudyPad/.build/ReleaseDerivedData/ModuleCache.noindex/simd-50AFOYSTZYL1K5QX510GLE6UA.pcm

SwiftExplicitDependencyGeneratePcm x86_64 /Users/mecid/Desktop/OKUL\ /projeler/NEXUS/NEXUSStudyPad/.build/ReleaseDerivedData/ModuleCache.noindex/ObjectiveC-4DX9SCYDAF3VC5N8GE4XPSP7B.pcm

SwiftExplicitDependencyGeneratePcm x86_64 /Users/mecid/Desktop/OKUL\ /projeler/NEXUS/NEXUSStudyPad/.build/ReleaseDerivedData/ModuleCache.noindex/MachO-9DL1GDX6CKIYB9A1A9CXUJLTV.pcm

SwiftExplicitDependencyGeneratePcm x86_64 /Users/mecid/Desktop/OKUL\ /projeler/NEXUS/NEXUSStudyPad/.build/ReleaseDerivedData/ModuleCache.noindex/simd-NT3U1BT5GSW1CW0CRS10L6H8.pcm

SwiftExplicitDependencyGeneratePcm x86_64 /Users/mecid/Desktop/OKUL\ /projeler/NEXUS/NEXUSStudyPad/.build/ReleaseDerivedData/ModuleCache.noindex/os_object-CHG6R9BQJHOI7YHMFZWX9A8XU.pcm

SwiftExplicitDependencyGeneratePcm arm64 /Users/mecid/Desktop/OKUL\ /projeler/NEXUS/NEXUSStudyPad/.build/ReleaseDerivedData/ModuleCache.noindex/ObjectiveC-937U775UTN86GEW6FMXZYJ4YJ.pcm

SwiftExplicitDependencyGeneratePcm arm64 /Users/mecid/Desktop/OKUL\ /projeler/NEXUS/NEXUSStudyPad/.build/ReleaseDerivedData/ModuleCache.noindex/MachO-20Q0ZSWDXPTA6VIKJ5ZXFY694.pcm

SwiftExplicitDependencyGeneratePcm x86_64 /Users/mecid/Desktop/OKUL\ /projeler/NEXUS/NEXUSStudyPad/.build/ReleaseDerivedData/ModuleCache.noindex/os_workgroup-8C6Z33CCWHOGI9USASXMY06E1.pcm

SwiftExplicitDependencyGeneratePcm arm64 /Users/mecid/Desktop/OKUL\ /projeler/NEXUS/NEXUSStudyPad/.build/ReleaseDerivedData/ModuleCache.noindex/os_object-C6FZQEKL9JZI9BYP2REDM1LS4.pcm

SwiftExplicitDependencyGeneratePcm x86_64 /Users/mecid/Desktop/OKUL\ /projeler/NEXUS/NEXUSStudyPad/.build/ReleaseDerivedData/ModuleCache.noindex/Dispatch-BYICIM613LVXECG65YZ5QBA1T.pcm

SwiftExplicitDependencyGeneratePcm arm64 /Users/mecid/Desktop/OKUL\ /projeler/NEXUS/NEXUSStudyPad/.build/ReleaseDerivedData/ModuleCache.noindex/os_workgroup-CKWBBM328URA8Y37ZL74TLO0X.pcm

SwiftExplicitDependencyGeneratePcm x86_64 /Users/mecid/Desktop/OKUL\ /projeler/NEXUS/NEXUSStudyPad/.build/ReleaseDerivedData/ModuleCache.noindex/CoreFoundation-8ZEOFOS2ZSWHB4K3C6U0PMF7H.pcm

SwiftExplicitDependencyGeneratePcm x86_64 /Users/mecid/Desktop/OKUL\ /projeler/NEXUS/NEXUSStudyPad/.build/ReleaseDerivedData/ModuleCache.noindex/XPC-7376NX0JXQSXHZM8JP3KGEMK2.pcm

SwiftExplicitDependencyGeneratePcm x86_64 /Users/mecid/Desktop/OKUL\ /projeler/NEXUS/NEXUSStudyPad/.build/ReleaseDerivedData/ModuleCache.noindex/dnssd-CLI0I1MNTCPXZVML148ZFV4G3.pcm

SwiftExplicitDependencyGeneratePcm arm64 /Users/mecid/Desktop/OKUL\ /projeler/NEXUS/NEXUSStudyPad/.build/ReleaseDerivedData/ModuleCache.noindex/Dispatch-2KPZ6V28GGIJHRNU8E65MRDZL.pcm

SwiftExplicitDependencyGeneratePcm arm64 /Users/mecid/Desktop/OKUL\ /projeler/NEXUS/NEXUSStudyPad/.build/ReleaseDerivedData/ModuleCache.noindex/Spatial-CBJFVXE2P25E6JO1OMD6W4RF2.pcm

SwiftExplicitDependencyGeneratePcm x86_64 /Users/mecid/Desktop/OKUL\ /projeler/NEXUS/NEXUSStudyPad/.build/ReleaseDerivedData/ModuleCache.noindex/os-BISG089GD2CIG3Y04O3HWWM5C.pcm

SwiftExplicitDependencyGeneratePcm arm64 /Users/mecid/Desktop/OKUL\ /projeler/NEXUS/NEXUSStudyPad/.build/ReleaseDerivedData/ModuleCache.noindex/dnssd-D43JMHNRQPZEW339OU5LL2OGS.pcm

SwiftExplicitDependencyGeneratePcm arm64 /Users/mecid/Desktop/OKUL\ /projeler/NEXUS/NEXUSStudyPad/.build/ReleaseDerivedData/ModuleCache.noindex/XPC-B4H0IJ4RK26WPLALQGY50EVEI.pcm

SwiftExplicitDependencyGeneratePcm arm64 /Users/mecid/Desktop/OKUL\ /projeler/NEXUS/NEXUSStudyPad/.build/ReleaseDerivedData/ModuleCache.noindex/CoreFoundation-4J165LQ1JXRIGFCJ35DXMOIIM.pcm

SwiftExplicitDependencyGeneratePcm x86_64 /Users/mecid/Desktop/OKUL\ /projeler/NEXUS/NEXUSStudyPad/.build/ReleaseDerivedData/ModuleCache.noindex/CoreGraphics-2JXS7SSOZ9UUA9VEVXMGJPBXL.pcm

SwiftExplicitDependencyGeneratePcm x86_64 /Users/mecid/Desktop/OKUL\ /projeler/NEXUS/NEXUSStudyPad/.build/ReleaseDerivedData/ModuleCache.noindex/CFNetwork-63VJF0X0LDXEZ5IDYWZ19WS4V.pcm

SwiftExplicitDependencyGeneratePcm x86_64 /Users/mecid/Desktop/OKUL\ /projeler/NEXUS/NEXUSStudyPad/.build/ReleaseDerivedData/ModuleCache.noindex/CoreAudioTypes-2LISDUN2KJUB2ZHB89RY05BVK.pcm

SwiftExplicitDependencyGeneratePcm x86_64 /Users/mecid/Desktop/OKUL\ /projeler/NEXUS/NEXUSStudyPad/.build/ReleaseDerivedData/ModuleCache.noindex/Security-F4ZMQNCHU42XGBSZ1DGUJ6RMM.pcm

SwiftExplicitDependencyGeneratePcm x86_64 /Users/mecid/Desktop/OKUL\ /projeler/NEXUS/NEXUSStudyPad/.build/ReleaseDerivedData/ModuleCache.noindex/Spatial-83GUSODJ769TDA4QCORBKFFK3.pcm

SwiftExplicitDependencyGeneratePcm x86_64 /Users/mecid/Desktop/OKUL\ /projeler/NEXUS/NEXUSStudyPad/.build/ReleaseDerivedData/ModuleCache.noindex/CoreAudio-CPV7YKA1JHXEWVYP7WIIRHF0N.pcm

SwiftExplicitDependencyGeneratePcm x86_64 /Users/mecid/Desktop/OKUL\ /projeler/NEXUS/NEXUSStudyPad/.build/ReleaseDerivedData/ModuleCache.noindex/Foundation-1FGMPNOW5G2IWGWBX9Y9TMWAB.pcm

SwiftExplicitDependencyGeneratePcm arm64 /Users/mecid/Desktop/OKUL\ /projeler/NEXUS/NEXUSStudyPad/.build/ReleaseDerivedData/ModuleCache.noindex/os-DL7V0B1YTRHLYG9GJPFZ45WV1.pcm

SwiftExplicitDependencyGeneratePcm x86_64 /Users/mecid/Desktop/OKUL\ /projeler/NEXUS/NEXUSStudyPad/.build/ReleaseDerivedData/ModuleCache.noindex/CoreText-3XZW3OXOMV2DIYV2O080DPTZD.pcm

SwiftExplicitDependencyGeneratePcm x86_64 /Users/mecid/Desktop/OKUL\ /projeler/NEXUS/NEXUSStudyPad/.build/ReleaseDerivedData/ModuleCache.noindex/ImageIO-6MFOGYUX23HI3LYGZMYJJLMMN.pcm

SwiftExplicitDependencyGeneratePcm arm64 /Users/mecid/Desktop/OKUL\ /projeler/NEXUS/NEXUSStudyPad/.build/ReleaseDerivedData/ModuleCache.noindex/CoreAudioTypes-1TIJJVXSLIYJYYMLI2YL107DE.pcm

SwiftExplicitDependencyGeneratePcm arm64 /Users/mecid/Desktop/OKUL\ /projeler/NEXUS/NEXUSStudyPad/.build/ReleaseDerivedData/ModuleCache.noindex/Security-EQF58Q8NT8JFRER5H4W0MYMY3.pcm

SwiftExplicitDependencyGeneratePcm arm64 /Users/mecid/Desktop/OKUL\ /projeler/NEXUS/NEXUSStudyPad/.build/ReleaseDerivedData/ModuleCache.noindex/CFNetwork-2LAJJHC1JWGKUEAFHVINM0ZZY.pcm

SwiftExplicitDependencyGeneratePcm arm64 /Users/mecid/Desktop/OKUL\ /projeler/NEXUS/NEXUSStudyPad/.build/ReleaseDerivedData/ModuleCache.noindex/CoreGraphics-543G145BOVJROVWBR8L8YSSGF.pcm

SwiftExplicitDependencyGeneratePcm arm64 /Users/mecid/Desktop/OKUL\ /projeler/NEXUS/NEXUSStudyPad/.build/ReleaseDerivedData/ModuleCache.noindex/CoreAudio-15I8WW32CUTTQKICMAG6OVZMT.pcm

SwiftExplicitDependencyGeneratePcm arm64 /Users/mecid/Desktop/OKUL\ /projeler/NEXUS/NEXUSStudyPad/.build/ReleaseDerivedData/ModuleCache.noindex/Foundation-7PZTPIOFZNIBF7VVGOBBYSENN.pcm

SwiftExplicitDependencyGeneratePcm arm64 /Users/mecid/Desktop/OKUL\ /projeler/NEXUS/NEXUSStudyPad/.build/ReleaseDerivedData/ModuleCache.noindex/CoreText-B6XFV0HGGB4K6NFNIIVK831VK.pcm

SwiftExplicitDependencyGeneratePcm arm64 /Users/mecid/Desktop/OKUL\ /projeler/NEXUS/NEXUSStudyPad/.build/ReleaseDerivedData/ModuleCache.noindex/ImageIO-33BH64IWVP1I2D8JX2PIAOO3U.pcm

SwiftExplicitDependencyGeneratePcm x86_64 /Users/mecid/Desktop/OKUL\ /projeler/NEXUS/NEXUSStudyPad/.build/ReleaseDerivedData/ModuleCache.noindex/CoreTransferable-EVAWYMVJTXKQXD5UWWCTHYFYK.pcm

SwiftExplicitDependencyGeneratePcm x86_64 /Users/mecid/Desktop/OKUL\ /projeler/NEXUS/NEXUSStudyPad/.build/ReleaseDerivedData/ModuleCache.noindex/UniformTypeIdentifiers-1HCYG7H615DT4HXD3478JVULZ.pcm

SwiftExplicitDependencyGeneratePcm x86_64 /Users/mecid/Desktop/OKUL\ /projeler/NEXUS/NEXUSStudyPad/.build/ReleaseDerivedData/ModuleCache.noindex/CoreMIDI-34P0W36FU0T7RCOE8CON8HRY2.pcm

SwiftExplicitDependencyGeneratePcm x86_64 /Users/mecid/Desktop/OKUL\ /projeler/NEXUS/NEXUSStudyPad/.build/ReleaseDerivedData/ModuleCache.noindex/DataDetection-B14YINF8JEYX8LG5L9SKF44BA.pcm

SwiftExplicitDependencyGeneratePcm x86_64 /Users/mecid/Desktop/OKUL\ /projeler/NEXUS/NEXUSStudyPad/.build/ReleaseDerivedData/ModuleCache.noindex/IOSurface-EPA0IPOW3X2LJY6IKPGGPFX8T.pcm

SwiftExplicitDependencyGeneratePcm x86_64 /Users/mecid/Desktop/OKUL\ /projeler/NEXUS/NEXUSStudyPad/.build/ReleaseDerivedData/ModuleCache.noindex/UIUtilities-CXX8GIS76B1N48QAI97TGRCCW.pcm

SwiftExplicitDependencyGeneratePcm x86_64 /Users/mecid/Desktop/OKUL\ /projeler/NEXUS/NEXUSStudyPad/.build/ReleaseDerivedData/ModuleCache.noindex/UserNotifications-PGSACAA9AE76PSN76WBBVNVT.pcm

SwiftExplicitDependencyGeneratePcm x86_64 /Users/mecid/Desktop/OKUL\ /projeler/NEXUS/NEXUSStudyPad/.build/ReleaseDerivedData/ModuleCache.noindex/FileProvider-7USPLFGDV9GN3QAECTI0F2ZBX.pcm

SwiftExplicitDependencyGeneratePcm x86_64 /Users/mecid/Desktop/OKUL\ /projeler/NEXUS/NEXUSStudyPad/.build/ReleaseDerivedData/ModuleCache.noindex/ModelIO-4EO9V1YRFLDZ54UST2YEODCO7.pcm

SwiftExplicitDependencyGeneratePcm x86_64 /Users/mecid/Desktop/OKUL\ /projeler/NEXUS/NEXUSStudyPad/.build/ReleaseDerivedData/ModuleCache.noindex/Network-2MCIQ7AONHL9PE7KFR1J1T745.pcm

SwiftExplicitDependencyGeneratePcm x86_64 /Users/mecid/Desktop/OKUL\ /projeler/NEXUS/NEXUSStudyPad/.build/ReleaseDerivedData/ModuleCache.noindex/Symbols-6XUL6MIHYVLLV0HISTQVPCJKP.pcm

SwiftExplicitDependencyGeneratePcm x86_64 /Users/mecid/Desktop/OKUL\ /projeler/NEXUS/NEXUSStudyPad/.build/ReleaseDerivedData/ModuleCache.noindex/OpenGLES-ZVQ26E13E7JW80HVI5235LYV.pcm

SwiftExplicitDependencyGeneratePcm x86_64 /Users/mecid/Desktop/OKUL\ /projeler/NEXUS/NEXUSStudyPad/.build/ReleaseDerivedData/ModuleCache.noindex/OSLog-8XOXKP3YWJL2I53NHR1Y1VIMK.pcm

SwiftExplicitDependencyGeneratePcm x86_64 /Users/mecid/Desktop/OKUL\ /projeler/NEXUS/NEXUSStudyPad/.build/ReleaseDerivedData/ModuleCache.noindex/CoreData-BOGQYMQMGIS42R2N2JJRJIEB.pcm

SwiftExplicitDependencyGeneratePcm x86_64 /Users/mecid/Desktop/OKUL\ /projeler/NEXUS/NEXUSStudyPad/.build/ReleaseDerivedData/ModuleCache.noindex/Accessibility-6T7CJ8822UX6JTQVH39DF3X0U.pcm

SwiftExplicitDependencyGeneratePcm x86_64 /Users/mecid/Desktop/OKUL\ /projeler/NEXUS/NEXUSStudyPad/.build/ReleaseDerivedData/ModuleCache.noindex/Metal-EWYG2Q0P9CFH0JRJO97BXQ7FA.pcm

SwiftExplicitDependencyGeneratePcm x86_64 /Users/mecid/Desktop/OKUL\ /projeler/NEXUS/NEXUSStudyPad/.build/ReleaseDerivedData/ModuleCache.noindex/AudioToolbox-9N9MG1RGKONJT28LCMZA82KA3.pcm

SwiftExplicitDependencyGeneratePcm x86_64 /Users/mecid/Desktop/OKUL\ /projeler/NEXUS/NEXUSStudyPad/.build/ReleaseDerivedData/ModuleCache.noindex/AVRouting-D9SL85GI6A7DU7OSQF5BHLG2H.pcm

SwiftExplicitDependencyGeneratePcm arm64 /Users/mecid/Desktop/OKUL\ /projeler/NEXUS/NEXUSStudyPad/.build/ReleaseDerivedData/ModuleCache.noindex/FileProvider-CWUMSVFJICUWS5MOV27JUC2OF.pcm

SwiftExplicitDependencyGeneratePcm arm64 /Users/mecid/Desktop/OKUL\ /projeler/NEXUS/NEXUSStudyPad/.build/ReleaseDerivedData/ModuleCache.noindex/Accessibility-EO65VE6MNMM10DMT00VV7FBYJ.pcm

SwiftExplicitDependencyGeneratePcm arm64 /Users/mecid/Desktop/OKUL\ /projeler/NEXUS/NEXUSStudyPad/.build/ReleaseDerivedData/ModuleCache.noindex/UserNotifications-7BFC0JAMV8YS8F96N8DYXH8Y3.pcm

SwiftExplicitDependencyGeneratePcm arm64 /Users/mecid/Desktop/OKUL\ /projeler/NEXUS/NEXUSStudyPad/.build/ReleaseDerivedData/ModuleCache.noindex/IOSurface-60URD47PO5LIQWSHUNHGKH4WN.pcm

SwiftExplicitDependencyGeneratePcm arm64 /Users/mecid/Desktop/OKUL\ /projeler/NEXUS/NEXUSStudyPad/.build/ReleaseDerivedData/ModuleCache.noindex/OpenGLES-5D6C6W0Z0DLRA6NK50TW38LTH.pcm

SwiftExplicitDependencyGeneratePcm arm64 /Users/mecid/Desktop/OKUL\ /projeler/NEXUS/NEXUSStudyPad/.build/ReleaseDerivedData/ModuleCache.noindex/DataDetection-7EXM0Z1HWAIP0Z826375TNC2R.pcm

SwiftExplicitDependencyGeneratePcm arm64 /Users/mecid/Desktop/OKUL\ /projeler/NEXUS/NEXUSStudyPad/.build/ReleaseDerivedData/ModuleCache.noindex/Symbols-CMLNLEKKUUTF52GAS9W7HILRO.pcm

SwiftExplicitDependencyGeneratePcm arm64 /Users/mecid/Desktop/OKUL\ /projeler/NEXUS/NEXUSStudyPad/.build/ReleaseDerivedData/ModuleCache.noindex/OSLog-5IKM6V0M115WPNHAUIB8U7ZU7.pcm

SwiftExplicitDependencyGeneratePcm arm64 /Users/mecid/Desktop/OKUL\ /projeler/NEXUS/NEXUSStudyPad/.build/ReleaseDerivedData/ModuleCache.noindex/CoreMIDI-CHGII0Q6UR1ULT84W1UCJC9OF.pcm

SwiftExplicitDependencyGeneratePcm arm64 /Users/mecid/Desktop/OKUL\ /projeler/NEXUS/NEXUSStudyPad/.build/ReleaseDerivedData/ModuleCache.noindex/Metal-ALWB0E85W8UO0D4WFZDBSXUDD.pcm

SwiftExplicitDependencyGeneratePcm arm64 /Users/mecid/Desktop/OKUL\ /projeler/NEXUS/NEXUSStudyPad/.build/ReleaseDerivedData/ModuleCache.noindex/UIUtilities-9ZWXFA8YUAZTK0LU47RX1YJVT.pcm

SwiftExplicitDependencyGeneratePcm arm64 /Users/mecid/Desktop/OKUL\ /projeler/NEXUS/NEXUSStudyPad/.build/ReleaseDerivedData/ModuleCache.noindex/Network-9YFEXL8I2V14RG5M7WZKK16UQ.pcm

SwiftExplicitDependencyGeneratePcm arm64 /Users/mecid/Desktop/OKUL\ /projeler/NEXUS/NEXUSStudyPad/.build/ReleaseDerivedData/ModuleCache.noindex/ModelIO-1THPTAGM8LFNL9DQZC6I7FYNM.pcm

SwiftExplicitDependencyGeneratePcm arm64 /Users/mecid/Desktop/OKUL\ /projeler/NEXUS/NEXUSStudyPad/.build/ReleaseDerivedData/ModuleCache.noindex/CoreTransferable-NZTM041SDP7UY7BQACIHUMMF.pcm

SwiftExplicitDependencyGeneratePcm arm64 /Users/mecid/Desktop/OKUL\ /projeler/NEXUS/NEXUSStudyPad/.build/ReleaseDerivedData/ModuleCache.noindex/CoreData-7S42MMJJLMZRW0J3BH3JQXE33.pcm

SwiftExplicitDependencyGeneratePcm x86_64 /Users/mecid/Desktop/OKUL\ /projeler/NEXUS/NEXUSStudyPad/.build/ReleaseDerivedData/ModuleCache.noindex/CoreVideo-AU9161KBA5V1L6CY6YJHDHAG6.pcm

SwiftExplicitDependencyGeneratePcm arm64 /Users/mecid/Desktop/OKUL\ /projeler/NEXUS/NEXUSStudyPad/.build/ReleaseDerivedData/ModuleCache.noindex/UniformTypeIdentifiers-A0D62SN5QIEDU7SWKGYK7ONJT.pcm

SwiftExplicitDependencyGeneratePcm arm64 /Users/mecid/Desktop/OKUL\ /projeler/NEXUS/NEXUSStudyPad/.build/ReleaseDerivedData/ModuleCache.noindex/AudioToolbox-QYK8XEB8C3EHOE8OIAVZ7NQB.pcm

SwiftExplicitDependencyGeneratePcm x86_64 /Users/mecid/Desktop/OKUL\ /projeler/NEXUS/NEXUSStudyPad/.build/ReleaseDerivedData/ModuleCache.noindex/CoreImage-DFPPWZ0A4EURRK0B2WN1T0F70.pcm

SwiftExplicitDependencyGeneratePcm x86_64 /Users/mecid/Desktop/OKUL\ /projeler/NEXUS/NEXUSStudyPad/.build/ReleaseDerivedData/ModuleCache.noindex/QuartzCore-3WRO61HESTZ3O0PEDLEP95ORN.pcm

SwiftExplicitDependencyGeneratePcm x86_64 /Users/mecid/Desktop/OKUL\ /projeler/NEXUS/NEXUSStudyPad/.build/ReleaseDerivedData/ModuleCache.noindex/CoreMedia-3J2U6ZDFDYHC6F68L8P8OSLHJ.pcm

SwiftExplicitDependencyGeneratePcm arm64 /Users/mecid/Desktop/OKUL\ /projeler/NEXUS/NEXUSStudyPad/.build/ReleaseDerivedData/ModuleCache.noindex/AVRouting-9DI57844X42ODZTDLR7K2F53R.pcm

SwiftExplicitDependencyGeneratePcm arm64 /Users/mecid/Desktop/OKUL\ /projeler/NEXUS/NEXUSStudyPad/.build/ReleaseDerivedData/ModuleCache.noindex/CoreVideo-2BSTCAS6YSN4WP23RU0PSKDMO.pcm

SwiftExplicitDependencyGeneratePcm x86_64 /Users/mecid/Desktop/OKUL\ /projeler/NEXUS/NEXUSStudyPad/.build/ReleaseDerivedData/ModuleCache.noindex/SwiftUICore-SAL92FQBANJ0GBQNYIHTIDWK.pcm

SwiftExplicitDependencyGeneratePcm x86_64 /Users/mecid/Desktop/OKUL\ /projeler/NEXUS/NEXUSStudyPad/.build/ReleaseDerivedData/ModuleCache.noindex/UIKit-184IG5WMKI3V9WJ312INM3RWL.pcm

SwiftExplicitDependencyGeneratePcm x86_64 /Users/mecid/Desktop/OKUL\ /projeler/NEXUS/NEXUSStudyPad/.build/ReleaseDerivedData/ModuleCache.noindex/MediaToolbox-881WZ0FP9S76GR4XCDA4W5P7R.pcm

SwiftExplicitDependencyGeneratePcm x86_64 /Users/mecid/Desktop/OKUL\ /projeler/NEXUS/NEXUSStudyPad/.build/ReleaseDerivedData/ModuleCache.noindex/AVFAudio-8JYHLG3A8ON02MGQLHR9FN3G1.pcm

SwiftExplicitDependencyGeneratePcm arm64 /Users/mecid/Desktop/OKUL\ /projeler/NEXUS/NEXUSStudyPad/.build/ReleaseDerivedData/ModuleCache.noindex/CoreMedia-8UADDDS0K3760VFCRGZ4CNC5C.pcm

SwiftExplicitDependencyGeneratePcm arm64 /Users/mecid/Desktop/OKUL\ /projeler/NEXUS/NEXUSStudyPad/.build/ReleaseDerivedData/ModuleCache.noindex/QuartzCore-4SSYSKWD9228A5I1POVYTHNMJ.pcm

SwiftExplicitDependencyGeneratePcm arm64 /Users/mecid/Desktop/OKUL\ /projeler/NEXUS/NEXUSStudyPad/.build/ReleaseDerivedData/ModuleCache.noindex/CoreImage-217JPHR6MDMMJMIA70CPDM6BS.pcm

SwiftExplicitDependencyGeneratePcm arm64 /Users/mecid/Desktop/OKUL\ /projeler/NEXUS/NEXUSStudyPad/.build/ReleaseDerivedData/ModuleCache.noindex/SwiftUICore-2B2UOB7CY436UUTDO9GWQAJK9.pcm

SwiftExplicitDependencyGeneratePcm x86_64 /Users/mecid/Desktop/OKUL\ /projeler/NEXUS/NEXUSStudyPad/.build/ReleaseDerivedData/ModuleCache.noindex/AVFoundation-APXH3U9QGRF5U99BP921UHBTU.pcm

SwiftExplicitDependencyGeneratePcm arm64 /Users/mecid/Desktop/OKUL\ /projeler/NEXUS/NEXUSStudyPad/.build/ReleaseDerivedData/ModuleCache.noindex/AVFAudio-4IFAVRHMR5UYU2LODD6XU16QR.pcm

SwiftExplicitDependencyGeneratePcm arm64 /Users/mecid/Desktop/OKUL\ /projeler/NEXUS/NEXUSStudyPad/.build/ReleaseDerivedData/ModuleCache.noindex/MediaToolbox-38NQX518PIVSZX4UBHMMMFM6B.pcm

SwiftExplicitDependencyGeneratePcm arm64 /Users/mecid/Desktop/OKUL\ /projeler/NEXUS/NEXUSStudyPad/.build/ReleaseDerivedData/ModuleCache.noindex/UIKit-6ZQ1UCJOR8H7IF48KMLESK5LD.pcm

SwiftExplicitDependencyGeneratePcm arm64 /Users/mecid/Desktop/OKUL\ /projeler/NEXUS/NEXUSStudyPad/.build/ReleaseDerivedData/ModuleCache.noindex/AVFoundation-3ZZCMRD71GP783PD92RYX740P.pcm

SwiftExplicitDependencyGeneratePcm x86_64 /Users/mecid/Desktop/OKUL\ /projeler/NEXUS/NEXUSStudyPad/.build/ReleaseDerivedData/ModuleCache.noindex/SwiftUI-1JVVBSNMNE4GUWSEQBN0W7L1Y.pcm

SwiftExplicitDependencyGeneratePcm x86_64 /Users/mecid/Desktop/OKUL\ /projeler/NEXUS/NEXUSStudyPad/.build/ReleaseDerivedData/ModuleCache.noindex/PencilKit-AI5SJ9C7492ZLM1J4G9ZETB9Z.pcm

SwiftExplicitDependencyGeneratePcm x86_64 /Users/mecid/Desktop/OKUL\ /projeler/NEXUS/NEXUSStudyPad/.build/ReleaseDerivedData/ModuleCache.noindex/MetalKit-20HJ3C7GIINCMWYFSSQSBFYLQ.pcm

SwiftExplicitDependencyGeneratePcm x86_64 /Users/mecid/Desktop/OKUL\ /projeler/NEXUS/NEXUSStudyPad/.build/ReleaseDerivedData/ModuleCache.noindex/PDFKit-AL0NO90477DG0FQ5KVCNPJOQ3.pcm

SwiftCompile normal x86_64 Compiling\ NEXUSStudyPadApp.swift,\ RootView.swift,\ PencilCanvasView.swift,\ TerminalStates.swift,\ AppRoute.swift,\ PadDesignSystem.swift,\ CourseViews.swift,\ DocumentViews.swift,\ PDFKitViews.swift,\ HomeView.swift,\ HomeViewModel.swift,\ LectureViews.swift,\ NoteViews.swift,\ TaskViews.swift,\ StudyModels.swift,\ PersistenceController.swift,\ AudioRecordingService.swift,\ DocumentImportService.swift,\ GeneratedAssetSymbols.swift /Users/mecid/Desktop/OKUL\ /projeler/NEXUS/NEXUSStudyPad/NEXUSStudyPad/App/NEXUSStudyPadApp.swift /Users/mecid/Desktop/OKUL\ /projeler/NEXUS/NEXUSStudyPad/NEXUSStudyPad/App/RootView.swift /Users/mecid/Desktop/OKUL\ /projeler/NEXUS/NEXUSStudyPad/NEXUSStudyPad/Components/PencilCanvasView.swift /Users/mecid/Desktop/OKUL\ /projeler/NEXUS/NEXUSStudyPad/NEXUSStudyPad/Components/TerminalStates.swift /Users/mecid/Desktop/OKUL\ /projeler/NEXUS/NEXUSStudyPad/NEXUSStudyPad/Core/AppRoute.swift /Users/mecid/Desktop/OKUL\ /projeler/NEXUS/NEXUSStudyPad/NEXUSStudyPad/DesignSystem/PadDesignSystem.swift /Users/mecid/Desktop/OKUL\ /projeler/NEXUS/NEXUSStudyPad/NEXUSStudyPad/Features/Courses/CourseViews.swift /Users/mecid/Desktop/OKUL\ /projeler/NEXUS/NEXUSStudyPad/NEXUSStudyPad/Features/Documents/DocumentViews.swift /Users/mecid/Desktop/OKUL\ /projeler/NEXUS/NEXUSStudyPad/NEXUSStudyPad/Features/Documents/PDFKitViews.swift /Users/mecid/Desktop/OKUL\ /projeler/NEXUS/NEXUSStudyPad/NEXUSStudyPad/Features/Home/HomeView.swift /Users/mecid/Desktop/OKUL\ /projeler/NEXUS/NEXUSStudyPad/NEXUSStudyPad/Features/Home/HomeViewModel.swift /Users/mecid/Desktop/OKUL\ /projeler/NEXUS/NEXUSStudyPad/NEXUSStudyPad/Features/Lectures/LectureViews.swift /Users/mecid/Desktop/OKUL\ /projeler/NEXUS/NEXUSStudyPad/NEXUSStudyPad/Features/Notes/NoteViews.swift /Users/mecid/Desktop/OKUL\ /projeler/NEXUS/NEXUSStudyPad/NEXUSStudyPad/Features/Tasks/TaskViews.swift /Users/mecid/Desktop/OKUL\ /projeler/NEXUS/NEXUSStudyPad/NEXUSStudyPad/Models/StudyModels.swift /Users/mecid/Desktop/OKUL\ /projeler/NEXUS/NEXUSStudyPad/NEXUSStudyPad/Persistence/PersistenceController.swift /Users/mecid/Desktop/OKUL\ /projeler/NEXUS/NEXUSStudyPad/NEXUSStudyPad/Services/AudioRecordingService.swift /Users/mecid/Desktop/OKUL\ /projeler/NEXUS/NEXUSStudyPad/NEXUSStudyPad/Services/DocumentImportService.swift /Users/mecid/Desktop/OKUL\ /projeler/NEXUS/NEXUSStudyPad/.build/ReleaseDerivedData/Build/Intermediates.noindex/NEXUSStudyPad.build/Release-iphonesimulator/NEXUSStudyPad.build/DerivedSources/GeneratedAssetSymbols.swift /Applications/Xcode.app/Contents/Developer/Toolchains/XcodeDefault.xctoolchain/usr/lib/swift/iphonesimulator/prebuilt-modules/26.5/CoreData.swiftmodule/x86_64-apple-ios-simulator.swiftmodule /Applications/Xcode.app/Contents/Developer/Toolchains/XcodeDefault.xctoolchain/usr/lib/swift/iphonesimulator/prebuilt-modules/26.5/Symbols.swiftmodule/x86_64-apple-ios-simulator.swiftmodule /Applications/Xcode.app/Contents/Developer/Toolchains/XcodeDefault.xctoolchain/usr/lib/swift/iphonesimulator/prebuilt-modules/26.5/Swift.swiftmodule/x86_64-apple-ios-simulator.swiftmodule /Applications/Xcode.app/Contents/Developer/Toolchains/XcodeDefault.xctoolchain/usr/lib/swift/iphonesimulator/prebuilt-modules/26.5/PencilKit.swiftmodule/x86_64-apple-ios-simulator.swiftmodule /Applications/Xcode.app/Contents/Developer/Toolchains/XcodeDefault.xctoolchain/usr/lib/swift/iphonesimulator/prebuilt-modules/26.5/SwiftData.swiftmodule/x86_64-apple-ios-simulator.swiftmodule /Applications/Xcode.app/Contents/Developer/Toolchains/XcodeDefault.xctoolchain/usr/lib/swift/iphonesimulator/prebuilt-modules/26.5/PDFKit.swiftmodule/x86_64-apple-ios-simulator.swiftmodule /Applications/Xcode.app/Contents/Developer/Toolchains/XcodeDefault.xctoolchain/usr/lib/swift/iphonesimulator/prebuilt-modules/26.5/ModelIO.swiftmodule/x86_64-apple-ios-simulator.swiftmodule /Applications/Xcode.app/Contents/Developer/Toolchains/XcodeDefault.xctoolchain/usr/lib/swift/iphonesimulator/prebuilt-modules/26.5/QuartzCore.swiftmodule/x86_64-apple-ios-simulator.swiftmodule /Applications/Xcode.app/Contents/Developer/Toolchains/XcodeDefault.xctoolchain/usr/lib/swift/iphonesimulator/prebuilt-modules/26.5/_DarwinFoundation1.swiftmodule/x86_64-apple-ios-simulator.swiftmodule /Applications/Xcode.app/Contents/Developer/Toolchains/XcodeDefault.xctoolchain/usr/lib/swift/iphonesimulator/prebuilt-modules/26.5/_DarwinFoundation2.swiftmodule/x86_64-apple-ios-simulator.swiftmodule /Applications/Xcode.app/Contents/Developer/Toolchains/XcodeDefault.xctoolchain/usr/lib/swift/iphonesimulator/prebuilt-modules/26.5/AudioToolbox.swiftmodule/x86_64-apple-ios-simulator.swiftmodule /Applications/Xcode.app/Contents/Developer/Toolchains/XcodeDefault.xctoolchain/usr/lib/swift/iphonesimulator/prebuilt-modules/26.5/MetalKit.swiftmodule/x86_64-apple-ios-simulator.swiftmodule /Applications/Xcode.app/Contents/Developer/Toolchains/XcodeDefault.xctoolchain/usr/lib/swift/iphonesimulator/prebuilt-modules/26.5/_Builtin_float.swiftmodule/x86_64-apple-ios-simulator.swiftmodule /Applications/Xcode.app/Contents/Developer/Toolchains/XcodeDefault.xctoolchain/usr/lib/swift/iphonesimulator/prebuilt-modules/26.5/SwiftUICore.swiftmodule/x86_64-apple-ios-simulator.swiftmodule /Applications/Xcode.app/Contents/Developer/Toolchains/XcodeDefault.xctoolchain/usr/lib/swift/iphonesimulator/prebuilt-modules/26.5/SwiftUI.swiftmodule/x86_64-apple-ios-simulator.swiftmodule /Applications/Xcode.app/Contents/Developer/Toolchains/XcodeDefault.xctoolchain/usr/lib/swift/iphonesimulator/prebuilt-modules/26.5/DataDetection.swiftmodule/x86_64-apple-ios-simulator.swiftmodule /Applications/Xcode.app/Contents/Developer/Toolchains/XcodeDefault.xctoolchain/usr/lib/swift/iphonesimulator/prebuilt-modules/26.5/CoreTransferable.swiftmodule/x86_64-apple-ios-simulator.swiftmodule /Applications/Xcode.app/Contents/Developer/Toolchains/XcodeDefault.xctoolchain/usr/lib/swift/iphonesimulator/prebuilt-modules/26.5/_Concurrency.swiftmodule/x86_64-apple-ios-simulator.swiftmodule /Applications/Xcode.app/Contents/Developer/Toolchains/XcodeDefault.xctoolchain/usr/lib/swift/iphonesimulator/prebuilt-modules/26.5/UniformTypeIdentifiers.swiftmodule/x86_64-apple-ios-simulator.swiftmodule /Applications/Xcode.app/Contents/Developer/Toolchains/XcodeDefault.xctoolchain/usr/lib/swift/iphonesimulator/prebuilt-modules/26.5/DeveloperToolsSupport.swiftmodule/x86_64-apple-ios-simulator.swiftmodule /Applications/Xcode.app/Contents/Developer/Toolchains/XcodeDefault.xctoolchain/usr/lib/swift/iphonesimulator/prebuilt-modules/26.5/Combine.swiftmodule/x86_64-apple-ios-simulator.swiftmodule /Applications/Xcode.app/Contents/Developer/Toolchains/XcodeDefault.xctoolchain/usr/lib/swift/iphonesimulator/prebuilt-modules/26.5/AVFoundation.swiftmodule/x86_64-apple-ios-simulator.swiftmodule /Applications/Xcode.app/Contents/Developer/Toolchains/XcodeDefault.xctoolchain/usr/lib/swift/iphonesimulator/prebuilt-modules/26.5/XPC.swiftmodule/x86_64-apple-ios-simulator.swiftmodule /Applications/Xcode.app/Contents/Developer/Toolchains/XcodeDefault.xctoolchain/usr/lib/swift/iphonesimulator/prebuilt-modules/26.5/_StringProcessing.swiftmodule/x86_64-apple-ios-simulator.swiftmodule /Applications/Xcode.app/Contents/Developer/Toolchains/XcodeDefault.xctoolchain/usr/lib/swift/iphonesimulator/prebuilt-modules/26.5/CoreText.swiftmodule/x86_64-apple-ios-simulator.swiftmodule /Applications/Xcode.app/Contents/Developer/Toolchains/XcodeDefault.xctoolchain/usr/lib/swift/iphonesimulator/prebuilt-modules/26.5/System.swiftmodule/x86_64-apple-ios-simulator.swiftmodule /Applications/Xcode.app/Contents/Developer/Toolchains/XcodeDefault.xctoolchain/usr/lib/swift/iphonesimulator/prebuilt-modules/26.5/CoreMedia.swiftmodule/x86_64-apple-ios-simulator.swiftmodule /Applications/Xcode.app/Contents/Developer/Toolchains/XcodeDefault.xctoolchain/usr/lib/swift/iphonesimulator/prebuilt-modules/26.5/OSLog.swiftmodule/x86_64-apple-ios-simulator.swiftmodule /Applications/Xcode.app/Contents/Developer/Toolchains/XcodeDefault.xctoolchain/usr/lib/swift/iphonesimulator/prebuilt-modules/26.5/Spatial.swiftmodule/x86_64-apple-ios-simulator.swiftmodule /Applications/Xcode.app/Contents/Developer/Toolchains/XcodeDefault.xctoolchain/usr/lib/swift/iphonesimulator/prebuilt-modules/26.5/Observation.swiftmodule/x86_64-apple-ios-simulator.swiftmodule /Applications/Xcode.app/Contents/Developer/Toolchains/XcodeDefault.xctoolchain/usr/lib/swift/iphonesimulator/prebuilt-modules/26.5/AVFAudio.swiftmodule/x86_64-apple-ios-simulator.swiftmodule /Applications/Xcode.app/Contents/Developer/Toolchains/XcodeDefault.xctoolchain/usr/lib/swift/iphonesimulator/prebuilt-modules/26.5/Metal.swiftmodule/x86_64-apple-ios-simulator.swiftmodule /Applications/Xcode.app/Contents/Developer/Toolchains/XcodeDefault.xctoolchain/usr/lib/swift/iphonesimulator/prebuilt-modules/26.5/ObjectiveC.swiftmodule/x86_64-apple-ios-simulator.swiftmodule /Applications/Xcode.app/Contents/Developer/Toolchains/XcodeDefault.xctoolchain/usr/lib/swift/iphonesimulator/prebuilt-modules/26.5/Darwin.swiftmodule/x86_64-apple-ios-simulator.swiftmodule /Applications/Xcode.app/Contents/Developer/Toolchains/XcodeDefault.xctoolchain/usr/lib/swift/iphonesimulator/prebuilt-modules/26.5/CoreFoundation.swiftmodule/x86_64-apple-ios-simulator.swiftmodule /Applications/Xcode.app/Contents/Developer/Toolchains/XcodeDefault.xctoolchain/usr/lib/swift/iphonesimulator/prebuilt-modules/26.5/FileProvider.swiftmodule/x86_64-apple-ios-simulator.swiftmodule /Applications/Xcode.app/Contents/Developer/Toolchains/XcodeDefault.xctoolchain/usr/lib/swift/iphonesimulator/prebuilt-modules/26.5/simd.swiftmodule/x86_64-apple-ios-simulator.swiftmodule /Applications/Xcode.app/Contents/Developer/Toolchains/XcodeDefault.xctoolchain/usr/lib/swift/iphonesimulator/prebuilt-modules/26.5/CoreImage.swiftmodule/x86_64-apple-ios-simulator.swiftmodule /Applications/Xcode.app/Contents/Developer/Toolchains/XcodeDefault.xctoolchain/usr/lib/swift/iphonesimulator/prebuilt-modules/26.5/Foundation.swiftmodule/x86_64-apple-ios-simulator.swiftmodule /Applications/Xcode.app/Contents/Developer/Toolchains/XcodeDefault.xctoolchain/usr/lib/swift/iphonesimulator/prebuilt-modules/26.5/_DarwinFoundation3.swiftmodule/x86_64-apple-ios-simulator.swiftmodule /Applications/Xcode.app/Contents/Developer/Toolchains/XcodeDefault.xctoolchain/usr/lib/swift/iphonesimulator/prebuilt-modules/26.5/CoreAudio.swiftmodule/x86_64-apple-ios-simulator.swiftmodule /Applications/Xcode.app/Contents/Developer/Toolchains/XcodeDefault.xctoolchain/usr/lib/swift/iphonesimulator/prebuilt-modules/26.5/CoreMIDI.swiftmodule/x86_64-apple-ios-simulator.swiftmodule /Applications/Xcode.app/Contents/Developer/Toolchains/XcodeDefault.xctoolchain/usr/lib/swift/iphonesimulator/prebuilt-modules/26.5/CoreVideo.swiftmodule/x86_64-apple-ios-simulator.swiftmodule /Applications/Xcode.app/Contents/Developer/Toolchains/XcodeDefault.xctoolchain/usr/lib/swift/iphonesimulator/prebuilt-modules/26.5/_SwiftData_SwiftUI.swiftmodule/x86_64-apple-ios-simulator.swiftmodule /Applications/Xcode.app/Contents/Developer/Toolchains/XcodeDefault.xctoolchain/usr/lib/swift/iphonesimulator/prebuilt-modules/26.5/Synchronization.swiftmodule/x86_64-apple-ios-simulator.swiftmodule /Applications/Xcode.app/Contents/Developer/Toolchains/XcodeDefault.xctoolchain/usr/lib/swift/iphonesimulator/prebuilt-modules/26.5/CoreGraphics.swiftmodule/x86_64-apple-ios-simulator.swiftmodule /Applications/Xcode.app/Contents/Developer/Toolchains/XcodeDefault.xctoolchain/usr/lib/swift/iphonesimulator/prebuilt-modules/26.5/UIKit.swiftmodule/x86_64-apple-ios-simulator.swiftmodule /Applications/Xcode.app/Contents/Developer/Toolchains/XcodeDefault.xctoolchain/usr/lib/swift/iphonesimulator/prebuilt-modules/26.5/Dispatch.swiftmodule/x86_64-apple-ios-simulator.swiftmodule /Applications/Xcode.app/Contents/Developer/Toolchains/XcodeDefault.xctoolchain/usr/lib/swift/iphonesimulator/prebuilt-modules/26.5/Accessibility.swiftmodule/x86_64-apple-ios-simulator.swiftmodule /Applications/Xcode.app/Contents/Developer/Toolchains/XcodeDefault.xctoolchain/usr/lib/swift/iphonesimulator/prebuilt-modules/26.5/os.swiftmodule/x86_64-apple-ios-simulator.swiftmodule /Users/mecid/Desktop/OKUL\ /projeler/NEXUS/NEXUSStudyPad/.build/ReleaseDerivedData/ModuleCache.noindex/FileProvider-7USPLFGDV9GN3QAECTI0F2ZBX.pcm /Users/mecid/Desktop/OKUL\ /projeler/NEXUS/NEXUSStudyPad/.build/ReleaseDerivedData/ModuleCache.noindex/AVFAudio-8JYHLG3A8ON02MGQLHR9FN3G1.pcm /Users/mecid/Desktop/OKUL\ /projeler/NEXUS/NEXUSStudyPad/.build/ReleaseDerivedData/ModuleCache.noindex/SwiftShims-3BLTPTZ4VP47PF49C3PSLASSX.pcm /Users/mecid/Desktop/OKUL\ /projeler/NEXUS/NEXUSStudyPad/.build/ReleaseDerivedData/ModuleCache.noindex/SwiftUI-1JVVBSNMNE4GUWSEQBN0W7L1Y.pcm /Users/mecid/Desktop/OKUL\ /projeler/NEXUS/NEXUSStudyPad/.build/ReleaseDerivedData/ModuleCache.noindex/Network-2MCIQ7AONHL9PE7KFR1J1T745.pcm /Users/mecid/Desktop/OKUL\ /projeler/NEXUS/NEXUSStudyPad/.build/ReleaseDerivedData/ModuleCache.noindex/UIUtilities-CXX8GIS76B1N48QAI97TGRCCW.pcm /Users/mecid/Desktop/OKUL\ /projeler/NEXUS/NEXUSStudyPad/.build/ReleaseDerivedData/ModuleCache.noindex/MachO-9DL1GDX6CKIYB9A1A9CXUJLTV.pcm /Users/mecid/Desktop/OKUL\ /projeler/NEXUS/NEXUSStudyPad/.build/ReleaseDerivedData/ModuleCache.noindex/UniformTypeIdentifiers-1HCYG7H615DT4HXD3478JVULZ.pcm /Users/mecid/Desktop/OKUL\ /projeler/NEXUS/NEXUSStudyPad/.build/ReleaseDerivedData/ModuleCache.noindex/os-BISG089GD2CIG3Y04O3HWWM5C.pcm /Users/mecid/Desktop/OKUL\ /projeler/NEXUS/NEXUSStudyPad/.build/ReleaseDerivedData/ModuleCache.noindex/QuartzCore-3WRO61HESTZ3O0PEDLEP95ORN.pcm /Users/mecid/Desktop/OKUL\ /projeler/NEXUS/NEXUSStudyPad/.build/ReleaseDerivedData/ModuleCache.noindex/CoreAudioTypes-2LISDUN2KJUB2ZHB89RY05BVK.pcm /Users/mecid/Desktop/OKUL\ /projeler/NEXUS/NEXUSStudyPad/.build/ReleaseDerivedData/ModuleCache.noindex/CoreVideo-AU9161KBA5V1L6CY6YJHDHAG6.pcm /Users/mecid/Desktop/OKUL\ /projeler/NEXUS/NEXUSStudyPad/.build/ReleaseDerivedData/ModuleCache.noindex/CoreGraphics-2JXS7SSOZ9UUA9VEVXMGJPBXL.pcm /Users/mecid/Desktop/OKUL\ /projeler/NEXUS/NEXUSStudyPad/.build/ReleaseDerivedData/ModuleCache.noindex/PencilKit-AI5SJ9C7492ZLM1J4G9ZETB9Z.pcm /Users/mecid/Desktop/OKUL\ /projeler/NEXUS/NEXUSStudyPad/.build/ReleaseDerivedData/ModuleCache.noindex/SwiftUICore-SAL92FQBANJ0GBQNYIHTIDWK.pcm /Users/mecid/Desktop/OKUL\ /projeler/NEXUS/NEXUSStudyPad/.build/ReleaseDerivedData/ModuleCache.noindex/CoreFoundation-8ZEOFOS2ZSWHB4K3C6U0PMF7H.pcm /Users/mecid/Desktop/OKUL\ /projeler/NEXUS/NEXUSStudyPad/.build/ReleaseDerivedData/ModuleCache.noindex/CoreMIDI-34P0W36FU0T7RCOE8CON8HRY2.pcm /Users/mecid/Desktop/OKUL\ /projeler/NEXUS/NEXUSStudyPad/.build/ReleaseDerivedData/ModuleCache.noindex/MetalKit-20HJ3C7GIINCMWYFSSQSBFYLQ.pcm /Users/mecid/Desktop/OKUL\ /projeler/NEXUS/NEXUSStudyPad/.build/ReleaseDerivedData/ModuleCache.noindex/_SwiftConcurrencyShims-D26OHIG09GZUPGGUCOWG6VK46.pcm /Users/mecid/Desktop/OKUL\ /projeler/NEXUS/NEXUSStudyPad/.build/ReleaseDerivedData/ModuleCache.noindex/_Builtin_tgmath-CDJZ284BNE8UA9OPWFZY7ZMIR.pcm /Users/mecid/Desktop/OKUL\ /projeler/NEXUS/NEXUSStudyPad/.build/ReleaseDerivedData/ModuleCache.noindex/PDFKit-AL0NO90477DG0FQ5KVCNPJOQ3.pcm /Users/mecid/Desktop/OKUL\ /projeler/NEXUS/NEXUSStudyPad/.build/ReleaseDerivedData/ModuleCache.noindex/_Builtin_stddef-F4QSS84YUHTVRPN0I327H6IFR.pcm /Users/mecid/Desktop/OKUL\ /projeler/NEXUS/NEXUSStudyPad/.build/ReleaseDerivedData/ModuleCache.noindex/UserNotifications-PGSACAA9AE76PSN76WBBVNVT.pcm /Users/mecid/Desktop/OKUL\ /projeler/NEXUS/NEXUSStudyPad/.build/ReleaseDerivedData/ModuleCache.noindex/_Builtin_stdatomic-6FNF2NS96EMIMHV9MWXQPBUU0.pcm /Users/mecid/Desktop/OKUL\ /projeler/NEXUS/NEXUSStudyPad/.build/ReleaseDerivedData/ModuleCache.noindex/XPC-7376NX0JXQSXHZM8JP3KGEMK2.pcm /Users/mecid/Desktop/OKUL\ /projeler/NEXUS/NEXUSStudyPad/.build/ReleaseDerivedData/ModuleCache.noindex/ObjectiveC-4DX9SCYDAF3VC5N8GE4XPSP7B.pcm /Users/mecid/Desktop/OKUL\ /projeler/NEXUS/NEXUSStudyPad/.build/ReleaseDerivedData/ModuleCache.noindex/Foundation-1FGMPNOW5G2IWGWBX9Y9TMWAB.pcm /Users/mecid/Desktop/OKUL\ /projeler/NEXUS/NEXUSStudyPad/.build/ReleaseDerivedData/ModuleCache.noindex/Accessibility-6T7CJ8822UX6JTQVH39DF3X0U.pcm /Users/mecid/Desktop/OKUL\ /projeler/NEXUS/NEXUSStudyPad/.build/ReleaseDerivedData/ModuleCache.noindex/CoreMedia-3J2U6ZDFDYHC6F68L8P8OSLHJ.pcm /Users/mecid/Desktop/OKUL\ /projeler/NEXUS/NEXUSStudyPad/.build/ReleaseDerivedData/ModuleCache.noindex/DataDetection-B14YINF8JEYX8LG5L9SKF44BA.pcm /Users/mecid/Desktop/OKUL\ /projeler/NEXUS/NEXUSStudyPad/.build/ReleaseDerivedData/ModuleCache.noindex/Dispatch-BYICIM613LVXECG65YZ5QBA1T.pcm /Users/mecid/Desktop/OKUL\ /projeler/NEXUS/NEXUSStudyPad/.build/ReleaseDerivedData/ModuleCache.noindex/_DarwinFoundation1-3CIZDPIV28X66W076M2QPUXDL.pcm /Users/mecid/Desktop/OKUL\ /projeler/NEXUS/NEXUSStudyPad/.build/ReleaseDerivedData/ModuleCache.noindex/Metal-EWYG2Q0P9CFH0JRJO97BXQ7FA.pcm /Users/mecid/Desktop/OKUL\ /projeler/NEXUS/NEXUSStudyPad/.build/ReleaseDerivedData/ModuleCache.noindex/_Builtin_stdbool-Y1Z8XFYQH4XCBDEDL3BIPERB.pcm /Users/mecid/Desktop/OKUL\ /projeler/NEXUS/NEXUSStudyPad/.build/ReleaseDerivedData/ModuleCache.noindex/OSLog-8XOXKP3YWJL2I53NHR1Y1VIMK.pcm /Users/mecid/Desktop/OKUL\ /projeler/NEXUS/NEXUSStudyPad/.build/ReleaseDerivedData/ModuleCache.noindex/Darwin-C2J8T36Z0RSIT8748SWF3WGWJ.pcm /Users/mecid/Desktop/OKUL\ /projeler/NEXUS/NEXUSStudyPad/.build/ReleaseDerivedData/ModuleCache.noindex/os_object-CHG6R9BQJHOI7YHMFZWX9A8XU.pcm /Users/mecid/Desktop/OKUL\ /projeler/NEXUS/NEXUSStudyPad/.build/ReleaseDerivedData/ModuleCache.noindex/sys_types-IVVIEWO2R9V2SE7Z3H4Z1YBB.pcm /Users/mecid/Desktop/OKUL\ /projeler/NEXUS/NEXUSStudyPad/.build/ReleaseDerivedData/ModuleCache.noindex/simd-NT3U1BT5GSW1CW0CRS10L6H8.pcm /Users/mecid/Desktop/OKUL\ /projeler/NEXUS/NEXUSStudyPad/.build/ReleaseDerivedData/ModuleCache.noindex/_Builtin_intrinsics-11G55E7QTUY3YR3KGU26GSLR1.pcm /Users/mecid/Desktop/OKUL\ /projeler/NEXUS/NEXUSStudyPad/.build/ReleaseDerivedData/ModuleCache.noindex/_Builtin_inttypes-1C0L9Z3895N6A5576PYH44L8K.pcm /Users/mecid/Desktop/OKUL\ /projeler/NEXUS/NEXUSStudyPad/.build/ReleaseDerivedData/ModuleCache.noindex/AVRouting-D9SL85GI6A7DU7OSQF5BHLG2H.pcm /Users/mecid/Desktop/OKUL\ /projeler/NEXUS/NEXUSStudyPad/.build/ReleaseDerivedData/ModuleCache.noindex/_Builtin_stdint-8UQYX5EXOQGID8UCWMF21KTKS.pcm /Users/mecid/Desktop/OKUL\ /projeler/NEXUS/NEXUSStudyPad/.build/ReleaseDerivedData/ModuleCache.noindex/_DarwinFoundation2-E717JV7Z58Y2MS6361UP83L72.pcm /Users/mecid/Desktop/OKUL\ /projeler/NEXUS/NEXUSStudyPad/.build/ReleaseDerivedData/ModuleCache.noindex/_Builtin_limits-CC0GKD7YMC9WTUT2TVKWUI9TB.pcm /Users/mecid/Desktop/OKUL\ /projeler/NEXUS/NEXUSStudyPad/.build/ReleaseDerivedData/ModuleCache.noindex/Symbols-6XUL6MIHYVLLV0HISTQVPCJKP.pcm /Users/mecid/Desktop/OKUL\ /projeler/NEXUS/NEXUSStudyPad/.build/ReleaseDerivedData/ModuleCache.noindex/Security-F4ZMQNCHU42XGBSZ1DGUJ6RMM.pcm /Users/mecid/Desktop/OKUL\ /projeler/NEXUS/NEXUSStudyPad/.build/ReleaseDerivedData/ModuleCache.noindex/_Builtin_stdarg-C3AN7HO7ZU2TPXXM3OUUAG1DW.pcm /Users/mecid/Desktop/OKUL\ /projeler/NEXUS/NEXUSStudyPad/.build/ReleaseDerivedData/ModuleCache.noindex/_AvailabilityInternal-F3PR56H0VKZ28KNFN861S2FOI.pcm /Users/mecid/Desktop/OKUL\ /projeler/NEXUS/NEXUSStudyPad/.build/ReleaseDerivedData/ModuleCache.noindex/UIKit-184IG5WMKI3V9WJ312INM3RWL.pcm /Users/mecid/Desktop/OKUL\ /projeler/NEXUS/NEXUSStudyPad/.build/ReleaseDerivedData/ModuleCache.noindex/AVFoundation-APXH3U9QGRF5U99BP921UHBTU.pcm /Users/mecid/Desktop/OKUL\ /projeler/NEXUS/NEXUSStudyPad/.build/ReleaseDerivedData/ModuleCache.noindex/CoreData-BOGQYMQMGIS42R2N2JJRJIEB.pcm /Users/mecid/Desktop/OKUL\ /projeler/NEXUS/NEXUSStudyPad/.build/ReleaseDerivedData/ModuleCache.noindex/CoreAudio-CPV7YKA1JHXEWVYP7WIIRHF0N.pcm /Users/mecid/Desktop/OKUL\ /projeler/NEXUS/NEXUSStudyPad/.build/ReleaseDerivedData/ModuleCache.noindex/dnssd-CLI0I1MNTCPXZVML148ZFV4G3.pcm /Users/mecid/Desktop/OKUL\ /projeler/NEXUS/NEXUSStudyPad/.build/ReleaseDerivedData/ModuleCache.noindex/os_workgroup-8C6Z33CCWHOGI9USASXMY06E1.pcm /Users/mecid/Desktop/OKUL\ /projeler/NEXUS/NEXUSStudyPad/.build/ReleaseDerivedData/ModuleCache.noindex/CoreTransferable-EVAWYMVJTXKQXD5UWWCTHYFYK.pcm /Users/mecid/Desktop/OKUL\ /projeler/NEXUS/NEXUSStudyPad/.build/ReleaseDerivedData/ModuleCache.noindex/CFNetwork-63VJF0X0LDXEZ5IDYWZ19WS4V.pcm /Users/mecid/Desktop/OKUL\ /projeler/NEXUS/NEXUSStudyPad/.build/ReleaseDerivedData/ModuleCache.noindex/CoreImage-DFPPWZ0A4EURRK0B2WN1T0F70.pcm /Users/mecid/Desktop/OKUL\ /projeler/NEXUS/NEXUSStudyPad/.build/ReleaseDerivedData/ModuleCache.noindex/_Builtin_float-EL2DOXR7I9YGZCG5E1DR39MPT.pcm /Users/mecid/Desktop/OKUL\ /projeler/NEXUS/NEXUSStudyPad/.build/ReleaseDerivedData/ModuleCache.noindex/_DarwinFoundation3-7ZP6P74TRTHPTIROOY12WIBJ3.pcm /Users/mecid/Desktop/OKUL\ /projeler/NEXUS/NEXUSStudyPad/.build/ReleaseDerivedData/ModuleCache.noindex/IOSurface-EPA0IPOW3X2LJY6IKPGGPFX8T.pcm /Users/mecid/Desktop/OKUL\ /projeler/NEXUS/NEXUSStudyPad/.build/ReleaseDerivedData/ModuleCache.noindex/ModelIO-4EO9V1YRFLDZ54UST2YEODCO7.pcm /Users/mecid/Desktop/OKUL\ /projeler/NEXUS/NEXUSStudyPad/.build/ReleaseDerivedData/ModuleCache.noindex/DeveloperToolsSupport-3RQ8IW3ZG7L0UXIM1YNDL8J1Q.pcm /Users/mecid/Desktop/OKUL\ /projeler/NEXUS/NEXUSStudyPad/.build/ReleaseDerivedData/ModuleCache.noindex/ImageIO-6MFOGYUX23HI3LYGZMYJJLMMN.pcm /Users/mecid/Desktop/OKUL\ /projeler/NEXUS/NEXUSStudyPad/.build/ReleaseDerivedData/ModuleCache.noindex/ptrauth-8E22DCXZY1C1I10XDQPWVBABX.pcm /Users/mecid/Desktop/OKUL\ /projeler/NEXUS/NEXUSStudyPad/.build/ReleaseDerivedData/ModuleCache.noindex/Spatial-83GUSODJ769TDA4QCORBKFFK3.pcm /Users/mecid/Desktop/OKUL\ /projeler/NEXUS/NEXUSStudyPad/.build/ReleaseDerivedData/ModuleCache.noindex/ptrcheck-ENNMY1ZB0KC6O6BQ2LW4KS2C.pcm /Users/mecid/Desktop/OKUL\ /projeler/NEXUS/NEXUSStudyPad/.build/ReleaseDerivedData/ModuleCache.noindex/OpenGLES-ZVQ26E13E7JW80HVI5235LYV.pcm /Users/mecid/Desktop/OKUL\ /projeler/NEXUS/NEXUSStudyPad/.build/ReleaseDerivedData/ModuleCache.noindex/AudioToolbox-9N9MG1RGKONJT28LCMZA82KA3.pcm /Users/mecid/Desktop/OKUL\ /projeler/NEXUS/NEXUSStudyPad/.build/ReleaseDerivedData/ModuleCache.noindex/MediaToolbox-881WZ0FP9S76GR4XCDA4W5P7R.pcm /Users/mecid/Desktop/OKUL\ /projeler/NEXUS/NEXUSStudyPad/.build/ReleaseDerivedData/ModuleCache.noindex/CoreText-3XZW3OXOMV2DIYV2O080DPTZD.pcm /Users/mecid/Desktop/OKUL\ /projeler/NEXUS/NEXUSStudyPad/.build/ReleaseDerivedData/Build/Intermediates.noindex/NEXUSStudyPad.build/Release-iphonesimulator/NEXUSStudyPad.build/Objects-normal/x86_64/NEXUSStudyPad-dependencies-1.json (in target 'NEXUSStudyPad' from project 'NEXUSStudyPad')
CompileSwift normal x86_64 (in target 'NEXUSStudyPad' from project 'NEXUSStudyPad')
    cd /Users/mecid/Desktop/OKUL\ /projeler/NEXUS/NEXUSStudyPad
    

SwiftExplicitDependencyGeneratePcm arm64 /Users/mecid/Desktop/OKUL\ /projeler/NEXUS/NEXUSStudyPad/.build/ReleaseDerivedData/ModuleCache.noindex/PencilKit-BJPC7T9P47PGWSKS543USGE8P.pcm

SwiftExplicitDependencyGeneratePcm arm64 /Users/mecid/Desktop/OKUL\ /projeler/NEXUS/NEXUSStudyPad/.build/ReleaseDerivedData/ModuleCache.noindex/SwiftUI-BYBLIIF3G2M976UR23WL5SFRN.pcm

SwiftExplicitDependencyGeneratePcm arm64 /Users/mecid/Desktop/OKUL\ /projeler/NEXUS/NEXUSStudyPad/.build/ReleaseDerivedData/ModuleCache.noindex/PDFKit-44OCJZV1YL0M4B6DTKRQ76G5C.pcm

SwiftExplicitDependencyGeneratePcm arm64 /Users/mecid/Desktop/OKUL\ /projeler/NEXUS/NEXUSStudyPad/.build/ReleaseDerivedData/ModuleCache.noindex/MetalKit-44738CGHM1IDQ9G1BHH2Y6I2.pcm

SwiftCompile normal arm64 Compiling\ NEXUSStudyPadApp.swift,\ RootView.swift,\ PencilCanvasView.swift,\ TerminalStates.swift,\ AppRoute.swift,\ PadDesignSystem.swift,\ CourseViews.swift,\ DocumentViews.swift,\ PDFKitViews.swift,\ HomeView.swift,\ HomeViewModel.swift,\ LectureViews.swift,\ NoteViews.swift,\ TaskViews.swift,\ StudyModels.swift,\ PersistenceController.swift,\ AudioRecordingService.swift,\ DocumentImportService.swift,\ GeneratedAssetSymbols.swift /Users/mecid/Desktop/OKUL\ /projeler/NEXUS/NEXUSStudyPad/NEXUSStudyPad/App/NEXUSStudyPadApp.swift /Users/mecid/Desktop/OKUL\ /projeler/NEXUS/NEXUSStudyPad/NEXUSStudyPad/App/RootView.swift /Users/mecid/Desktop/OKUL\ /projeler/NEXUS/NEXUSStudyPad/NEXUSStudyPad/Components/PencilCanvasView.swift /Users/mecid/Desktop/OKUL\ /projeler/NEXUS/NEXUSStudyPad/NEXUSStudyPad/Components/TerminalStates.swift /Users/mecid/Desktop/OKUL\ /projeler/NEXUS/NEXUSStudyPad/NEXUSStudyPad/Core/AppRoute.swift /Users/mecid/Desktop/OKUL\ /projeler/NEXUS/NEXUSStudyPad/NEXUSStudyPad/DesignSystem/PadDesignSystem.swift /Users/mecid/Desktop/OKUL\ /projeler/NEXUS/NEXUSStudyPad/NEXUSStudyPad/Features/Courses/CourseViews.swift /Users/mecid/Desktop/OKUL\ /projeler/NEXUS/NEXUSStudyPad/NEXUSStudyPad/Features/Documents/DocumentViews.swift /Users/mecid/Desktop/OKUL\ /projeler/NEXUS/NEXUSStudyPad/NEXUSStudyPad/Features/Documents/PDFKitViews.swift /Users/mecid/Desktop/OKUL\ /projeler/NEXUS/NEXUSStudyPad/NEXUSStudyPad/Features/Home/HomeView.swift /Users/mecid/Desktop/OKUL\ /projeler/NEXUS/NEXUSStudyPad/NEXUSStudyPad/Features/Home/HomeViewModel.swift /Users/mecid/Desktop/OKUL\ /projeler/NEXUS/NEXUSStudyPad/NEXUSStudyPad/Features/Lectures/LectureViews.swift /Users/mecid/Desktop/OKUL\ /projeler/NEXUS/NEXUSStudyPad/NEXUSStudyPad/Features/Notes/NoteViews.swift /Users/mecid/Desktop/OKUL\ /projeler/NEXUS/NEXUSStudyPad/NEXUSStudyPad/Features/Tasks/TaskViews.swift /Users/mecid/Desktop/OKUL\ /projeler/NEXUS/NEXUSStudyPad/NEXUSStudyPad/Models/StudyModels.swift /Users/mecid/Desktop/OKUL\ /projeler/NEXUS/NEXUSStudyPad/NEXUSStudyPad/Persistence/PersistenceController.swift /Users/mecid/Desktop/OKUL\ /projeler/NEXUS/NEXUSStudyPad/NEXUSStudyPad/Services/AudioRecordingService.swift /Users/mecid/Desktop/OKUL\ /projeler/NEXUS/NEXUSStudyPad/NEXUSStudyPad/Services/DocumentImportService.swift /Users/mecid/Desktop/OKUL\ /projeler/NEXUS/NEXUSStudyPad/.build/ReleaseDerivedData/Build/Intermediates.noindex/NEXUSStudyPad.build/Release-iphonesimulator/NEXUSStudyPad.build/DerivedSources/GeneratedAssetSymbols.swift /Applications/Xcode.app/Contents/Developer/Toolchains/XcodeDefault.xctoolchain/usr/lib/swift/iphonesimulator/prebuilt-modules/26.5/SwiftUICore.swiftmodule/arm64-apple-ios-simulator.swiftmodule /Applications/Xcode.app/Contents/Developer/Toolchains/XcodeDefault.xctoolchain/usr/lib/swift/iphonesimulator/prebuilt-modules/26.5/os.swiftmodule/arm64-apple-ios-simulator.swiftmodule /Applications/Xcode.app/Contents/Developer/Toolchains/XcodeDefault.xctoolchain/usr/lib/swift/iphonesimulator/prebuilt-modules/26.5/MetalKit.swiftmodule/arm64-apple-ios-simulator.swiftmodule /Applications/Xcode.app/Contents/Developer/Toolchains/XcodeDefault.xctoolchain/usr/lib/swift/iphonesimulator/prebuilt-modules/26.5/Darwin.swiftmodule/arm64-apple-ios-simulator.swiftmodule /Applications/Xcode.app/Contents/Developer/Toolchains/XcodeDefault.xctoolchain/usr/lib/swift/iphonesimulator/prebuilt-modules/26.5/CoreAudio.swiftmodule/arm64-apple-ios-simulator.swiftmodule /Applications/Xcode.app/Contents/Developer/Toolchains/XcodeDefault.xctoolchain/usr/lib/swift/iphonesimulator/prebuilt-modules/26.5/UIKit.swiftmodule/arm64-apple-ios-simulator.swiftmodule /Applications/Xcode.app/Contents/Developer/Toolchains/XcodeDefault.xctoolchain/usr/lib/swift/iphonesimulator/prebuilt-modules/26.5/Dispatch.swiftmodule/arm64-apple-ios-simulator.swiftmodule /Applications/Xcode.app/Contents/Developer/Toolchains/XcodeDefault.xctoolchain/usr/lib/swift/iphonesimulator/prebuilt-modules/26.5/CoreTransferable.swiftmodule/arm64-apple-ios-simulator.swiftmodule /Applications/Xcode.app/Contents/Developer/Toolchains/XcodeDefault.xctoolchain/usr/lib/swift/iphonesimulator/prebuilt-modules/26.5/Foundation.swiftmodule/arm64-apple-ios-simulator.swiftmodule /Applications/Xcode.app/Contents/Developer/Toolchains/XcodeDefault.xctoolchain/usr/lib/swift/iphonesimulator/prebuilt-modules/26.5/CoreText.swiftmodule/arm64-apple-ios-simulator.swiftmodule /Applications/Xcode.app/Contents/Developer/Toolchains/XcodeDefault.xctoolchain/usr/lib/swift/iphonesimulator/prebuilt-modules/26.5/FileProvider.swiftmodule/arm64-apple-ios-simulator.swiftmodule /Applications/Xcode.app/Contents/Developer/Toolchains/XcodeDefault.xctoolchain/usr/lib/swift/iphonesimulator/prebuilt-modules/26.5/CoreVideo.swiftmodule/arm64-apple-ios-simulator.swiftmodule /Applications/Xcode.app/Contents/Developer/Toolchains/XcodeDefault.xctoolchain/usr/lib/swift/iphonesimulator/prebuilt-modules/26.5/CoreGraphics.swiftmodule/arm64-apple-ios-simulator.swiftmodule /Applications/Xcode.app/Contents/Developer/Toolchains/XcodeDefault.xctoolchain/usr/lib/swift/iphonesimulator/prebuilt-modules/26.5/Observation.swiftmodule/arm64-apple-ios-simulator.swiftmodule /Applications/Xcode.app/Contents/Developer/Toolchains/XcodeDefault.xctoolchain/usr/lib/swift/iphonesimulator/prebuilt-modules/26.5/CoreMedia.swiftmodule/arm64-apple-ios-simulator.swiftmodule /Applications/Xcode.app/Contents/Developer/Toolchains/XcodeDefault.xctoolchain/usr/lib/swift/iphonesimulator/prebuilt-modules/26.5/ModelIO.swiftmodule/arm64-apple-ios-simulator.swiftmodule /Applications/Xcode.app/Contents/Developer/Toolchains/XcodeDefault.xctoolchain/usr/lib/swift/iphonesimulator/prebuilt-modules/26.5/CoreData.swiftmodule/arm64-apple-ios-simulator.swiftmodule /Applications/Xcode.app/Contents/Developer/Toolchains/XcodeDefault.xctoolchain/usr/lib/swift/iphonesimulator/prebuilt-modules/26.5/Symbols.swiftmodule/arm64-apple-ios-simulator.swiftmodule /Applications/Xcode.app/Contents/Developer/Toolchains/XcodeDefault.xctoolchain/usr/lib/swift/iphonesimulator/prebuilt-modules/26.5/Spatial.swiftmodule/arm64-apple-ios-simulator.swiftmodule /Applications/Xcode.app/Contents/Developer/Toolchains/XcodeDefault.xctoolchain/usr/lib/swift/iphonesimulator/prebuilt-modules/26.5/Combine.swiftmodule/arm64-apple-ios-simulator.swiftmodule /Applications/Xcode.app/Contents/Developer/Toolchains/XcodeDefault.xctoolchain/usr/lib/swift/iphonesimulator/prebuilt-modules/26.5/Synchronization.swiftmodule/arm64-apple-ios-simulator.swiftmodule /Applications/Xcode.app/Contents/Developer/Toolchains/XcodeDefault.xctoolchain/usr/lib/swift/iphonesimulator/prebuilt-modules/26.5/System.swiftmodule/arm64-apple-ios-simulator.swiftmodule /Applications/Xcode.app/Contents/Developer/Toolchains/XcodeDefault.xctoolchain/usr/lib/swift/iphonesimulator/prebuilt-modules/26.5/XPC.swiftmodule/arm64-apple-ios-simulator.swiftmodule /Applications/Xcode.app/Contents/Developer/Toolchains/XcodeDefault.xctoolchain/usr/lib/swift/iphonesimulator/prebuilt-modules/26.5/SwiftUI.swiftmodule/arm64-apple-ios-simulator.swiftmodule /Applications/Xcode.app/Contents/Developer/Toolchains/XcodeDefault.xctoolchain/usr/lib/swift/iphonesimulator/prebuilt-modules/26.5/_Builtin_float.swiftmodule/arm64-apple-ios-simulator.swiftmodule /Applications/Xcode.app/Contents/Developer/Toolchains/XcodeDefault.xctoolchain/usr/lib/swift/iphonesimulator/prebuilt-modules/26.5/QuartzCore.swiftmodule/arm64-apple-ios-simulator.swiftmodule /Applications/Xcode.app/Contents/Developer/Toolchains/XcodeDefault.xctoolchain/usr/lib/swift/iphonesimulator/prebuilt-modules/26.5/AVFoundation.swiftmodule/arm64-apple-ios-simulator.swiftmodule /Applications/Xcode.app/Contents/Developer/Toolchains/XcodeDefault.xctoolchain/usr/lib/swift/iphonesimulator/prebuilt-modules/26.5/CoreFoundation.swiftmodule/arm64-apple-ios-simulator.swiftmodule /Applications/Xcode.app/Contents/Developer/Toolchains/XcodeDefault.xctoolchain/usr/lib/swift/iphonesimulator/prebuilt-modules/26.5/_DarwinFoundation2.swiftmodule/arm64-apple-ios-simulator.swiftmodule /Applications/Xcode.app/Contents/Developer/Toolchains/XcodeDefault.xctoolchain/usr/lib/swift/iphonesimulator/prebuilt-modules/26.5/DataDetection.swiftmodule/arm64-apple-ios-simulator.swiftmodule /Applications/Xcode.app/Contents/Developer/Toolchains/XcodeDefault.xctoolchain/usr/lib/swift/iphonesimulator/prebuilt-modules/26.5/UniformTypeIdentifiers.swiftmodule/arm64-apple-ios-simulator.swiftmodule /Applications/Xcode.app/Contents/Developer/Toolchains/XcodeDefault.xctoolchain/usr/lib/swift/iphonesimulator/prebuilt-modules/26.5/simd.swiftmodule/arm64-apple-ios-simulator.swiftmodule /Applications/Xcode.app/Contents/Developer/Toolchains/XcodeDefault.xctoolchain/usr/lib/swift/iphonesimulator/prebuilt-modules/26.5/Swift.swiftmodule/arm64-apple-ios-simulator.swiftmodule /Applications/Xcode.app/Contents/Developer/Toolchains/XcodeDefault.xctoolchain/usr/lib/swift/iphonesimulator/prebuilt-modules/26.5/_SwiftData_SwiftUI.swiftmodule/arm64-apple-ios-simulator.swiftmodule /Applications/Xcode.app/Contents/Developer/Toolchains/XcodeDefault.xctoolchain/usr/lib/swift/iphonesimulator/prebuilt-modules/26.5/AVFAudio.swiftmodule/arm64-apple-ios-simulator.swiftmodule /Applications/Xcode.app/Contents/Developer/Toolchains/XcodeDefault.xctoolchain/usr/lib/swift/iphonesimulator/prebuilt-modules/26.5/PDFKit.swiftmodule/arm64-apple-ios-simulator.swiftmodule /Applications/Xcode.app/Contents/Developer/Toolchains/XcodeDefault.xctoolchain/usr/lib/swift/iphonesimulator/prebuilt-modules/26.5/PencilKit.swiftmodule/arm64-apple-ios-simulator.swiftmodule /Applications/Xcode.app/Contents/Developer/Toolchains/XcodeDefault.xctoolchain/usr/lib/swift/iphonesimulator/prebuilt-modules/26.5/AudioToolbox.swiftmodule/arm64-apple-ios-simulator.swiftmodule /Applications/Xcode.app/Contents/Developer/Toolchains/XcodeDefault.xctoolchain/usr/lib/swift/iphonesimulator/prebuilt-modules/26.5/DeveloperToolsSupport.swiftmodule/arm64-apple-ios-simulator.swiftmodule /Applications/Xcode.app/Contents/Developer/Toolchains/XcodeDefault.xctoolchain/usr/lib/swift/iphonesimulator/prebuilt-modules/26.5/_StringProcessing.swiftmodule/arm64-apple-ios-simulator.swiftmodule /Applications/Xcode.app/Contents/Developer/Toolchains/XcodeDefault.xctoolchain/usr/lib/swift/iphonesimulator/prebuilt-modules/26.5/Accessibility.swiftmodule/arm64-apple-ios-simulator.swiftmodule /Applications/Xcode.app/Contents/Developer/Toolchains/XcodeDefault.xctoolchain/usr/lib/swift/iphonesimulator/prebuilt-modules/26.5/SwiftData.swiftmodule/arm64-apple-ios-simulator.swiftmodule /Applications/Xcode.app/Contents/Developer/Toolchains/XcodeDefault.xctoolchain/usr/lib/swift/iphonesimulator/prebuilt-modules/26.5/OSLog.swiftmodule/arm64-apple-ios-simulator.swiftmodule /Applications/Xcode.app/Contents/Developer/Toolchains/XcodeDefault.xctoolchain/usr/lib/swift/iphonesimulator/prebuilt-modules/26.5/_Concurrency.swiftmodule/arm64-apple-ios-simulator.swiftmodule /Applications/Xcode.app/Contents/Developer/Toolchains/XcodeDefault.xctoolchain/usr/lib/swift/iphonesimulator/prebuilt-modules/26.5/Metal.swiftmodule/arm64-apple-ios-simulator.swiftmodule /Applications/Xcode.app/Contents/Developer/Toolchains/XcodeDefault.xctoolchain/usr/lib/swift/iphonesimulator/prebuilt-modules/26.5/CoreImage.swiftmodule/arm64-apple-ios-simulator.swiftmodule /Applications/Xcode.app/Contents/Developer/Toolchains/XcodeDefault.xctoolchain/usr/lib/swift/iphonesimulator/prebuilt-modules/26.5/CoreMIDI.swiftmodule/arm64-apple-ios-simulator.swiftmodule /Applications/Xcode.app/Contents/Developer/Toolchains/XcodeDefault.xctoolchain/usr/lib/swift/iphonesimulator/prebuilt-modules/26.5/ObjectiveC.swiftmodule/arm64-apple-ios-simulator.swiftmodule /Applications/Xcode.app/Contents/Developer/Toolchains/XcodeDefault.xctoolchain/usr/lib/swift/iphonesimulator/prebuilt-modules/26.5/_DarwinFoundation3.swiftmodule/arm64-apple-ios-simulator.swiftmodule /Applications/Xcode.app/Contents/Developer/Toolchains/XcodeDefault.xctoolchain/usr/lib/swift/iphonesimulator/prebuilt-modules/26.5/_DarwinFoundation1.swiftmodule/arm64-apple-ios-simulator.swiftmodule /Users/mecid/Desktop/OKUL\ /projeler/NEXUS/NEXUSStudyPad/.build/ReleaseDerivedData/ModuleCache.noindex/Metal-ALWB0E85W8UO0D4WFZDBSXUDD.pcm /Users/mecid/Desktop/OKUL\ /projeler/NEXUS/NEXUSStudyPad/.build/ReleaseDerivedData/ModuleCache.noindex/_SwiftConcurrencyShims-51YEOVGO62CSQW5REGCF21JG.pcm /Users/mecid/Desktop/OKUL\ /projeler/NEXUS/NEXUSStudyPad/.build/ReleaseDerivedData/ModuleCache.noindex/Network-9YFEXL8I2V14RG5M7WZKK16UQ.pcm /Users/mecid/Desktop/OKUL\ /projeler/NEXUS/NEXUSStudyPad/.build/ReleaseDerivedData/ModuleCache.noindex/CoreFoundation-4J165LQ1JXRIGFCJ35DXMOIIM.pcm /Users/mecid/Desktop/OKUL\ /projeler/NEXUS/NEXUSStudyPad/.build/ReleaseDerivedData/ModuleCache.noindex/AVFAudio-4IFAVRHMR5UYU2LODD6XU16QR.pcm /Users/mecid/Desktop/OKUL\ /projeler/NEXUS/NEXUSStudyPad/.build/ReleaseDerivedData/ModuleCache.noindex/_Builtin_limits-80VOPV9OYGKK2TTUIAP4ZJKG2.pcm /Users/mecid/Desktop/OKUL\ /projeler/NEXUS/NEXUSStudyPad/.build/ReleaseDerivedData/ModuleCache.noindex/dnssd-D43JMHNRQPZEW339OU5LL2OGS.pcm /Users/mecid/Desktop/OKUL\ /projeler/NEXUS/NEXUSStudyPad/.build/ReleaseDerivedData/ModuleCache.noindex/SwiftUICore-2B2UOB7CY436UUTDO9GWQAJK9.pcm /Users/mecid/Desktop/OKUL\ /projeler/NEXUS/NEXUSStudyPad/.build/ReleaseDerivedData/ModuleCache.noindex/PDFKit-44OCJZV1YL0M4B6DTKRQ76G5C.pcm /Users/mecid/Desktop/OKUL\ /projeler/NEXUS/NEXUSStudyPad/.build/ReleaseDerivedData/ModuleCache.noindex/CoreAudioTypes-1TIJJVXSLIYJYYMLI2YL107DE.pcm /Users/mecid/Desktop/OKUL\ /projeler/NEXUS/NEXUSStudyPad/.build/ReleaseDerivedData/ModuleCache.noindex/XPC-B4H0IJ4RK26WPLALQGY50EVEI.pcm /Users/mecid/Desktop/OKUL\ /projeler/NEXUS/NEXUSStudyPad/.build/ReleaseDerivedData/ModuleCache.noindex/SwiftShims-91YB2S3FQ3P3X1FMNYB8EXFVV.pcm /Users/mecid/Desktop/OKUL\ /projeler/NEXUS/NEXUSStudyPad/.build/ReleaseDerivedData/ModuleCache.noindex/CoreAudio-15I8WW32CUTTQKICMAG6OVZMT.pcm /Users/mecid/Desktop/OKUL\ /projeler/NEXUS/NEXUSStudyPad/.build/ReleaseDerivedData/ModuleCache.noindex/DataDetection-7EXM0Z1HWAIP0Z826375TNC2R.pcm /Users/mecid/Desktop/OKUL\ /projeler/NEXUS/NEXUSStudyPad/.build/ReleaseDerivedData/ModuleCache.noindex/CoreText-B6XFV0HGGB4K6NFNIIVK831VK.pcm /Users/mecid/Desktop/OKUL\ /projeler/NEXUS/NEXUSStudyPad/.build/ReleaseDerivedData/ModuleCache.noindex/Dispatch-2KPZ6V28GGIJHRNU8E65MRDZL.pcm /Users/mecid/Desktop/OKUL\ /projeler/NEXUS/NEXUSStudyPad/.build/ReleaseDerivedData/ModuleCache.noindex/_DarwinFoundation2-8FY9QKV3I6V3Q74W2L43N0HYN.pcm /Users/mecid/Desktop/OKUL\ /projeler/NEXUS/NEXUSStudyPad/.build/ReleaseDerivedData/ModuleCache.noindex/_Builtin_stdatomic-9PR1W8BTWWAAVW00710I3E5QV.pcm /Users/mecid/Desktop/OKUL\ /projeler/NEXUS/NEXUSStudyPad/.build/ReleaseDerivedData/ModuleCache.noindex/Accessibility-EO65VE6MNMM10DMT00VV7FBYJ.pcm /Users/mecid/Desktop/OKUL\ /projeler/NEXUS/NEXUSStudyPad/.build/ReleaseDerivedData/ModuleCache.noindex/Spatial-CBJFVXE2P25E6JO1OMD6W4RF2.pcm /Users/mecid/Desktop/OKUL\ /projeler/NEXUS/NEXUSStudyPad/.build/ReleaseDerivedData/ModuleCache.noindex/_Builtin_stddef-85K9HZ9SOC3QT671JJ9F3LGNV.pcm /Users/mecid/Desktop/OKUL\ /projeler/NEXUS/NEXUSStudyPad/.build/ReleaseDerivedData/ModuleCache.noindex/CoreImage-217JPHR6MDMMJMIA70CPDM6BS.pcm /Users/mecid/Desktop/OKUL\ /projeler/NEXUS/NEXUSStudyPad/.build/ReleaseDerivedData/ModuleCache.noindex/_AvailabilityInternal-5HXS0GC9LP4YOHNP69HAQKC23.pcm /Users/mecid/Desktop/OKUL\ /projeler/NEXUS/NEXUSStudyPad/.build/ReleaseDerivedData/ModuleCache.noindex/Symbols-CMLNLEKKUUTF52GAS9W7HILRO.pcm /Users/mecid/Desktop/OKUL\ /projeler/NEXUS/NEXUSStudyPad/.build/ReleaseDerivedData/ModuleCache.noindex/AVRouting-9DI57844X42ODZTDLR7K2F53R.pcm /Users/mecid/Desktop/OKUL\ /projeler/NEXUS/NEXUSStudyPad/.build/ReleaseDerivedData/ModuleCache.noindex/ptrauth-3G9TX04JTU1U1V87031AED2K6.pcm /Users/mecid/Desktop/OKUL\ /projeler/NEXUS/NEXUSStudyPad/.build/ReleaseDerivedData/ModuleCache.noindex/ObjectiveC-937U775UTN86GEW6FMXZYJ4YJ.pcm /Users/mecid/Desktop/OKUL\ /projeler/NEXUS/NEXUSStudyPad/.build/ReleaseDerivedData/ModuleCache.noindex/_Builtin_stdarg-Y78LFSUPBTORZS59OFZI520P.pcm /Users/mecid/Desktop/OKUL\ /projeler/NEXUS/NEXUSStudyPad/.build/ReleaseDerivedData/ModuleCache.noindex/os_object-C6FZQEKL9JZI9BYP2REDM1LS4.pcm /Users/mecid/Desktop/OKUL\ /projeler/NEXUS/NEXUSStudyPad/.build/ReleaseDerivedData/ModuleCache.noindex/IOSurface-60URD47PO5LIQWSHUNHGKH4WN.pcm /Users/mecid/Desktop/OKUL\ /projeler/NEXUS/NEXUSStudyPad/.build/ReleaseDerivedData/ModuleCache.noindex/Darwin-CODLTIOSC6QQKSBZJV92DH8QM.pcm /Users/mecid/Desktop/OKUL\ /projeler/NEXUS/NEXUSStudyPad/.build/ReleaseDerivedData/ModuleCache.noindex/_DarwinFoundation3-BUERFMROB9K13GKJZZ8ABIQJQ.pcm /Users/mecid/Desktop/OKUL\ /projeler/NEXUS/NEXUSStudyPad/.build/ReleaseDerivedData/ModuleCache.noindex/Foundation-7PZTPIOFZNIBF7VVGOBBYSENN.pcm /Users/mecid/Desktop/OKUL\ /projeler/NEXUS/NEXUSStudyPad/.build/ReleaseDerivedData/ModuleCache.noindex/MediaToolbox-38NQX518PIVSZX4UBHMMMFM6B.pcm /Users/mecid/Desktop/OKUL\ /projeler/NEXUS/NEXUSStudyPad/.build/ReleaseDerivedData/ModuleCache.noindex/CoreTransferable-NZTM041SDP7UY7BQACIHUMMF.pcm /Users/mecid/Desktop/OKUL\ /projeler/NEXUS/NEXUSStudyPad/.build/ReleaseDerivedData/ModuleCache.noindex/ModelIO-1THPTAGM8LFNL9DQZC6I7FYNM.pcm /Users/mecid/Desktop/OKUL\ /projeler/NEXUS/NEXUSStudyPad/.build/ReleaseDerivedData/ModuleCache.noindex/QuartzCore-4SSYSKWD9228A5I1POVYTHNMJ.pcm /Users/mecid/Desktop/OKUL\ /projeler/NEXUS/NEXUSStudyPad/.build/ReleaseDerivedData/ModuleCache.noindex/FileProvider-CWUMSVFJICUWS5MOV27JUC2OF.pcm /Users/mecid/Desktop/OKUL\ /projeler/NEXUS/NEXUSStudyPad/.build/ReleaseDerivedData/ModuleCache.noindex/DeveloperToolsSupport-D8ZQNMHOFZQN5CF9RYV0GEVP0.pcm /Users/mecid/Desktop/OKUL\ /projeler/NEXUS/NEXUSStudyPad/.build/ReleaseDerivedData/ModuleCache.noindex/Security-EQF58Q8NT8JFRER5H4W0MYMY3.pcm /Users/mecid/Desktop/OKUL\ /projeler/NEXUS/NEXUSStudyPad/.build/ReleaseDerivedData/ModuleCache.noindex/_Builtin_stdbool-3U0CM5VFL0Z3BRQGFIMODKD82.pcm /Users/mecid/Desktop/OKUL\ /projeler/NEXUS/NEXUSStudyPad/.build/ReleaseDerivedData/ModuleCache.noindex/_Builtin_float-80907G7ZC4A82Y5UTYATCLAGJ.pcm /Users/mecid/Desktop/OKUL\ /projeler/NEXUS/NEXUSStudyPad/.build/ReleaseDerivedData/ModuleCache.noindex/UIKit-6ZQ1UCJOR8H7IF48KMLESK5LD.pcm /Users/mecid/Desktop/OKUL\ /projeler/NEXUS/NEXUSStudyPad/.build/ReleaseDerivedData/ModuleCache.noindex/OpenGLES-5D6C6W0Z0DLRA6NK50TW38LTH.pcm /Users/mecid/Desktop/OKUL\ /projeler/NEXUS/NEXUSStudyPad/.build/ReleaseDerivedData/ModuleCache.noindex/_DarwinFoundation1-C1IUIOY9P3NCOPUL3N3YUEYIQ.pcm /Users/mecid/Desktop/OKUL\ /projeler/NEXUS/NEXUSStudyPad/.build/ReleaseDerivedData/ModuleCache.noindex/AVFoundation-3ZZCMRD71GP783PD92RYX740P.pcm /Users/mecid/Desktop/OKUL\ /projeler/NEXUS/NEXUSStudyPad/.build/ReleaseDerivedData/ModuleCache.noindex/sys_types-2TPVR3RVDHVJ3VDDQQ1466YNT.pcm /Users/mecid/Desktop/OKUL\ /projeler/NEXUS/NEXUSStudyPad/.build/ReleaseDerivedData/ModuleCache.noindex/MetalKit-44738CGHM1IDQ9G1BHH2Y6I2.pcm /Users/mecid/Desktop/OKUL\ /projeler/NEXUS/NEXUSStudyPad/.build/ReleaseDerivedData/ModuleCache.noindex/CoreData-7S42MMJJLMZRW0J3BH3JQXE33.pcm /Users/mecid/Desktop/OKUL\ /projeler/NEXUS/NEXUSStudyPad/.build/ReleaseDerivedData/ModuleCache.noindex/simd-50AFOYSTZYL1K5QX510GLE6UA.pcm /Users/mecid/Desktop/OKUL\ /projeler/NEXUS/NEXUSStudyPad/.build/ReleaseDerivedData/ModuleCache.noindex/OSLog-5IKM6V0M115WPNHAUIB8U7ZU7.pcm /Users/mecid/Desktop/OKUL\ /projeler/NEXUS/NEXUSStudyPad/.build/ReleaseDerivedData/ModuleCache.noindex/MachO-20Q0ZSWDXPTA6VIKJ5ZXFY694.pcm /Users/mecid/Desktop/OKUL\ /projeler/NEXUS/NEXUSStudyPad/.build/ReleaseDerivedData/ModuleCache.noindex/CoreVideo-2BSTCAS6YSN4WP23RU0PSKDMO.pcm /Users/mecid/Desktop/OKUL\ /projeler/NEXUS/NEXUSStudyPad/.build/ReleaseDerivedData/ModuleCache.noindex/PencilKit-BJPC7T9P47PGWSKS543USGE8P.pcm /Users/mecid/Desktop/OKUL\ /projeler/NEXUS/NEXUSStudyPad/.build/ReleaseDerivedData/ModuleCache.noindex/ptrcheck-C3RP4J4PCM2RZ2YEUPQYL23FT.pcm /Users/mecid/Desktop/OKUL\ /projeler/NEXUS/NEXUSStudyPad/.build/ReleaseDerivedData/ModuleCache.noindex/AudioToolbox-QYK8XEB8C3EHOE8OIAVZ7NQB.pcm /Users/mecid/Desktop/OKUL\ /projeler/NEXUS/NEXUSStudyPad/.build/ReleaseDerivedData/ModuleCache.noindex/_Builtin_tgmath-BMIT3KR4BZ853CAP1WOFBD2MR.pcm /Users/mecid/Desktop/OKUL\ /projeler/NEXUS/NEXUSStudyPad/.build/ReleaseDerivedData/ModuleCache.noindex/SwiftUI-BYBLIIF3G2M976UR23WL5SFRN.pcm /Users/mecid/Desktop/OKUL\ /projeler/NEXUS/NEXUSStudyPad/.build/ReleaseDerivedData/ModuleCache.noindex/CoreGraphics-543G145BOVJROVWBR8L8YSSGF.pcm /Users/mecid/Desktop/OKUL\ /projeler/NEXUS/NEXUSStudyPad/.build/ReleaseDerivedData/ModuleCache.noindex/UIUtilities-9ZWXFA8YUAZTK0LU47RX1YJVT.pcm /Users/mecid/Desktop/OKUL\ /projeler/NEXUS/NEXUSStudyPad/.build/ReleaseDerivedData/ModuleCache.noindex/CFNetwork-2LAJJHC1JWGKUEAFHVINM0ZZY.pcm /Users/mecid/Desktop/OKUL\ /projeler/NEXUS/NEXUSStudyPad/.build/ReleaseDerivedData/ModuleCache.noindex/UniformTypeIdentifiers-A0D62SN5QIEDU7SWKGYK7ONJT.pcm /Users/mecid/Desktop/OKUL\ /projeler/NEXUS/NEXUSStudyPad/.build/ReleaseDerivedData/ModuleCache.noindex/_Builtin_stdint-DUMWSEPIWAOBI8JPY4XKE3IU4.pcm /Users/mecid/Desktop/OKUL\ /projeler/NEXUS/NEXUSStudyPad/.build/ReleaseDerivedData/ModuleCache.noindex/CoreMedia-8UADDDS0K3760VFCRGZ4CNC5C.pcm /Users/mecid/Desktop/OKUL\ /projeler/NEXUS/NEXUSStudyPad/.build/ReleaseDerivedData/ModuleCache.noindex/os-DL7V0B1YTRHLYG9GJPFZ45WV1.pcm /Users/mecid/Desktop/OKUL\ /projeler/NEXUS/NEXUSStudyPad/.build/ReleaseDerivedData/ModuleCache.noindex/_Builtin_inttypes-B95BWYNN9RBYU3JLGK2H57VTC.pcm /Users/mecid/Desktop/OKUL\ /projeler/NEXUS/NEXUSStudyPad/.build/ReleaseDerivedData/ModuleCache.noindex/ImageIO-33BH64IWVP1I2D8JX2PIAOO3U.pcm /Users/mecid/Desktop/OKUL\ /projeler/NEXUS/NEXUSStudyPad/.build/ReleaseDerivedData/ModuleCache.noindex/UserNotifications-7BFC0JAMV8YS8F96N8DYXH8Y3.pcm /Users/mecid/Desktop/OKUL\ /projeler/NEXUS/NEXUSStudyPad/.build/ReleaseDerivedData/ModuleCache.noindex/CoreMIDI-CHGII0Q6UR1ULT84W1UCJC9OF.pcm /Users/mecid/Desktop/OKUL\ /projeler/NEXUS/NEXUSStudyPad/.build/ReleaseDerivedData/ModuleCache.noindex/os_workgroup-CKWBBM328URA8Y37ZL74TLO0X.pcm /Users/mecid/Desktop/OKUL\ /projeler/NEXUS/NEXUSStudyPad/.build/ReleaseDerivedData/ModuleCache.noindex/_Builtin_intrinsics-D4UNE8YYK3N5OU6WM91OMFXG.pcm /Users/mecid/Desktop/OKUL\ /projeler/NEXUS/NEXUSStudyPad/.build/ReleaseDerivedData/Build/Intermediates.noindex/NEXUSStudyPad.build/Release-iphonesimulator/NEXUSStudyPad.build/Objects-normal/arm64/NEXUSStudyPad-dependencies-2.json (in target 'NEXUSStudyPad' from project 'NEXUSStudyPad')
CompileSwift normal arm64 (in target 'NEXUSStudyPad' from project 'NEXUSStudyPad')
    cd /Users/mecid/Desktop/OKUL\ /projeler/NEXUS/NEXUSStudyPad
    

LinkAssetCatalog /Users/mecid/Desktop/OKUL\ /projeler/NEXUS/NEXUSStudyPad/NEXUSStudyPad/Resources/Assets.xcassets (in target 'NEXUSStudyPad' from project 'NEXUSStudyPad')
    cd /Users/mecid/Desktop/OKUL\ /projeler/NEXUS/NEXUSStudyPad
    builtin-linkAssetCatalog --thinned /Users/mecid/Desktop/OKUL\ /projeler/NEXUS/NEXUSStudyPad/.build/ReleaseDerivedData/Build/Intermediates.noindex/NEXUSStudyPad.build/Release-iphonesimulator/NEXUSStudyPad.build/assetcatalog_output/thinned --thinned-dependencies /Users/mecid/Desktop/OKUL\ /projeler/NEXUS/NEXUSStudyPad/.build/ReleaseDerivedData/Build/Intermediates.noindex/NEXUSStudyPad.build/Release-iphonesimulator/NEXUSStudyPad.build/assetcatalog_dependencies_thinned --thinned-info-plist-content /Users/mecid/Desktop/OKUL\ /projeler/NEXUS/NEXUSStudyPad/.build/ReleaseDerivedData/Build/Intermediates.noindex/NEXUSStudyPad.build/Release-iphonesimulator/NEXUSStudyPad.build/assetcatalog_generated_info.plist_thinned --unthinned /Users/mecid/Desktop/OKUL\ /projeler/NEXUS/NEXUSStudyPad/.build/ReleaseDerivedData/Build/Intermediates.noindex/NEXUSStudyPad.build/Release-iphonesimulator/NEXUSStudyPad.build/assetcatalog_output/unthinned --unthinned-dependencies /Users/mecid/Desktop/OKUL\ /projeler/NEXUS/NEXUSStudyPad/.build/ReleaseDerivedData/Build/Intermediates.noindex/NEXUSStudyPad.build/Release-iphonesimulator/NEXUSStudyPad.build/assetcatalog_dependencies_unthinned --unthinned-info-plist-content /Users/mecid/Desktop/OKUL\ /projeler/NEXUS/NEXUSStudyPad/.build/ReleaseDerivedData/Build/Intermediates.noindex/NEXUSStudyPad.build/Release-iphonesimulator/NEXUSStudyPad.build/assetcatalog_generated_info.plist_unthinned --output /Users/mecid/Desktop/OKUL\ /projeler/NEXUS/NEXUSStudyPad/.build/ReleaseDerivedData/Build/Products/Release-iphonesimulator/NEXUSStudyPad.app --plist-output /Users/mecid/Desktop/OKUL\ /projeler/NEXUS/NEXUSStudyPad/.build/ReleaseDerivedData/Build/Intermediates.noindex/NEXUSStudyPad.build/Release-iphonesimulator/NEXUSStudyPad.build/assetcatalog_generated_info.plist
note: Emplaced /Users/mecid/Desktop/OKUL /projeler/NEXUS/NEXUSStudyPad/.build/ReleaseDerivedData/Build/Products/Release-iphonesimulator/NEXUSStudyPad.app/AppIcon76x76@2x~ipad.png (in target 'NEXUSStudyPad' from project 'NEXUSStudyPad')
note: Emplaced /Users/mecid/Desktop/OKUL /projeler/NEXUS/NEXUSStudyPad/.build/ReleaseDerivedData/Build/Products/Release-iphonesimulator/NEXUSStudyPad.app/Assets.car (in target 'NEXUSStudyPad' from project 'NEXUSStudyPad')
note: Emplaced /Users/mecid/Desktop/OKUL /projeler/NEXUS/NEXUSStudyPad/.build/ReleaseDerivedData/Build/Products/Release-iphonesimulator/NEXUSStudyPad.app/AppIcon60x60@2x.png (in target 'NEXUSStudyPad' from project 'NEXUSStudyPad')

ProcessInfoPlistFile /Users/mecid/Desktop/OKUL\ /projeler/NEXUS/NEXUSStudyPad/.build/ReleaseDerivedData/Build/Products/Release-iphonesimulator/NEXUSStudyPad.app/Info.plist /Users/mecid/Desktop/OKUL\ /projeler/NEXUS/NEXUSStudyPad/.build/ReleaseDerivedData/Build/Intermediates.noindex/NEXUSStudyPad.build/Release-iphonesimulator/NEXUSStudyPad.build/empty-NEXUSStudyPad.plist (in target 'NEXUSStudyPad' from project 'NEXUSStudyPad')
    cd /Users/mecid/Desktop/OKUL\ /projeler/NEXUS/NEXUSStudyPad
    builtin-infoPlistUtility /Users/mecid/Desktop/OKUL\ /projeler/NEXUS/NEXUSStudyPad/.build/ReleaseDerivedData/Build/Intermediates.noindex/NEXUSStudyPad.build/Release-iphonesimulator/NEXUSStudyPad.build/empty-NEXUSStudyPad.plist -producttype com.apple.product-type.application -genpkginfo /Users/mecid/Desktop/OKUL\ /projeler/NEXUS/NEXUSStudyPad/.build/ReleaseDerivedData/Build/Products/Release-iphonesimulator/NEXUSStudyPad.app/PkgInfo -expandbuildsettings -format binary -platform iphonesimulator -additionalcontentfile /Users/mecid/Desktop/OKUL\ /projeler/NEXUS/NEXUSStudyPad/.build/ReleaseDerivedData/Build/Intermediates.noindex/NEXUSStudyPad.build/Release-iphonesimulator/NEXUSStudyPad.build/assetcatalog_generated_info.plist -o /Users/mecid/Desktop/OKUL\ /projeler/NEXUS/NEXUSStudyPad/.build/ReleaseDerivedData/Build/Products/Release-iphonesimulator/NEXUSStudyPad.app/Info.plist

SwiftDriverJobDiscovery normal x86_64 Compiling NEXUSStudyPadApp.swift, RootView.swift, PencilCanvasView.swift, TerminalStates.swift, AppRoute.swift, PadDesignSystem.swift, CourseViews.swift, DocumentViews.swift, PDFKitViews.swift, HomeView.swift, HomeViewModel.swift, LectureViews.swift, NoteViews.swift, TaskViews.swift, StudyModels.swift, PersistenceController.swift, AudioRecordingService.swift, DocumentImportService.swift, GeneratedAssetSymbols.swift (in target 'NEXUSStudyPad' from project 'NEXUSStudyPad')

SwiftDriver\ Compilation\ Requirements NEXUSStudyPad normal x86_64 com.apple.xcode.tools.swift.compiler (in target 'NEXUSStudyPad' from project 'NEXUSStudyPad')
    cd /Users/mecid/Desktop/OKUL\ /projeler/NEXUS/NEXUSStudyPad
    builtin-Swift-Compilation-Requirements -- /Applications/Xcode.app/Contents/Developer/Toolchains/XcodeDefault.xctoolchain/usr/bin/swiftc -module-name NEXUSStudyPad -O -whole-module-optimization @/Users/mecid/Desktop/OKUL\ /projeler/NEXUS/NEXUSStudyPad/.build/ReleaseDerivedData/Build/Intermediates.noindex/NEXUSStudyPad.build/Release-iphonesimulator/NEXUSStudyPad.build/Objects-normal/x86_64/NEXUSStudyPad.SwiftFileList -strict-concurrency\=targeted -enable-bare-slash-regex -enable-experimental-feature DebugDescriptionMacro -sdk /Applications/Xcode.app/Contents/Developer/Platforms/iPhoneSimulator.platform/Developer/SDKs/iPhoneSimulator26.5.sdk -target x86_64-apple-ios17.0-simulator -g -module-cache-path /Users/mecid/Desktop/OKUL\ /projeler/NEXUS/NEXUSStudyPad/.build/ReleaseDerivedData/ModuleCache.noindex -Xfrontend -serialize-debugging-options -swift-version 5 -I /Users/mecid/Desktop/OKUL\ /projeler/NEXUS/NEXUSStudyPad/.build/ReleaseDerivedData/Build/Products/Release-iphonesimulator -F /Users/mecid/Desktop/OKUL\ /projeler/NEXUS/NEXUSStudyPad/.build/ReleaseDerivedData/Build/Products/Release-iphonesimulator -emit-localized-strings -emit-localized-strings-path /Users/mecid/Desktop/OKUL\ /projeler/NEXUS/NEXUSStudyPad/.build/ReleaseDerivedData/Build/Intermediates.noindex/NEXUSStudyPad.build/Release-iphonesimulator/NEXUSStudyPad.build/Objects-normal/x86_64 -c -num-threads 11 -Xcc -ivfsstatcache -Xcc /Users/mecid/Desktop/OKUL\ /projeler/NEXUS/NEXUSStudyPad/.build/ReleaseDerivedData/SDKStatCaches.noindex/iphonesimulator26.5-23F81a-6cfe768891a92b912361537c460fe42b.sdkstatcache -output-file-map /Users/mecid/Desktop/OKUL\ /projeler/NEXUS/NEXUSStudyPad/.build/ReleaseDerivedData/Build/Intermediates.noindex/NEXUSStudyPad.build/Release-iphonesimulator/NEXUSStudyPad.build/Objects-normal/x86_64/NEXUSStudyPad-OutputFileMap.json -use-frontend-parseable-output -save-temps -no-color-diagnostics -explicit-module-build -module-cache-path /Users/mecid/Desktop/OKUL\ /projeler/NEXUS/NEXUSStudyPad/.build/ReleaseDerivedData/Build/Intermediates.noindex/SwiftExplicitPrecompiledModules -clang-scanner-module-cache-path /Users/mecid/Desktop/OKUL\ /projeler/NEXUS/NEXUSStudyPad/.build/ReleaseDerivedData/ModuleCache.noindex -sdk-module-cache-path /Users/mecid/Desktop/OKUL\ /projeler/NEXUS/NEXUSStudyPad/.build/ReleaseDerivedData/ModuleCache.noindex -serialize-diagnostics -emit-dependencies -emit-module -emit-module-path /Users/mecid/Desktop/OKUL\ /projeler/NEXUS/NEXUSStudyPad/.build/ReleaseDerivedData/Build/Intermediates.noindex/NEXUSStudyPad.build/Release-iphonesimulator/NEXUSStudyPad.build/Objects-normal/x86_64/NEXUSStudyPad.swiftmodule -validate-clang-modules-once -clang-build-session-file /Users/mecid/Desktop/OKUL\ /projeler/NEXUS/NEXUSStudyPad/.build/ReleaseDerivedData/ModuleCache.noindex/Session.modulevalidation -Xcc -I/Users/mecid/Desktop/OKUL\ /projeler/NEXUS/NEXUSStudyPad/.build/ReleaseDerivedData/Build/Intermediates.noindex/NEXUSStudyPad.build/Release-iphonesimulator/NEXUSStudyPad.build/swift-overrides.hmap -emit-const-values -Xfrontend -const-gather-protocols-file -Xfrontend /Users/mecid/Desktop/OKUL\ /projeler/NEXUS/NEXUSStudyPad/.build/ReleaseDerivedData/Build/Intermediates.noindex/NEXUSStudyPad.build/Release-iphonesimulator/NEXUSStudyPad.build/Objects-normal/x86_64/NEXUSStudyPad_const_extract_protocols.json -Xcc -iquote -Xcc /Users/mecid/Desktop/OKUL\ /projeler/NEXUS/NEXUSStudyPad/.build/ReleaseDerivedData/Build/Intermediates.noindex/NEXUSStudyPad.build/Release-iphonesimulator/NEXUSStudyPad.build/NEXUSStudyPad-generated-files.hmap -Xcc -I/Users/mecid/Desktop/OKUL\ /projeler/NEXUS/NEXUSStudyPad/.build/ReleaseDerivedData/Build/Intermediates.noindex/NEXUSStudyPad.build/Release-iphonesimulator/NEXUSStudyPad.build/NEXUSStudyPad-own-target-headers.hmap -Xcc -I/Users/mecid/Desktop/OKUL\ /projeler/NEXUS/NEXUSStudyPad/.build/ReleaseDerivedData/Build/Intermediates.noindex/NEXUSStudyPad.build/Release-iphonesimulator/NEXUSStudyPad.build/NEXUSStudyPad-all-target-headers.hmap -Xcc -iquote -Xcc /Users/mecid/Desktop/OKUL\ /projeler/NEXUS/NEXUSStudyPad/.build/ReleaseDerivedData/Build/Intermediates.noindex/NEXUSStudyPad.build/Release-iphonesimulator/NEXUSStudyPad.build/NEXUSStudyPad-project-headers.hmap -Xcc -I/Users/mecid/Desktop/OKUL\ /projeler/NEXUS/NEXUSStudyPad/.build/ReleaseDerivedData/Build/Products/Release-iphonesimulator/include -Xcc -I/Users/mecid/Desktop/OKUL\ /projeler/NEXUS/NEXUSStudyPad/.build/ReleaseDerivedData/Build/Intermediates.noindex/NEXUSStudyPad.build/Release-iphonesimulator/NEXUSStudyPad.build/DerivedSources-normal/x86_64 -Xcc -I/Users/mecid/Desktop/OKUL\ /projeler/NEXUS/NEXUSStudyPad/.build/ReleaseDerivedData/Build/Intermediates.noindex/NEXUSStudyPad.build/Release-iphonesimulator/NEXUSStudyPad.build/DerivedSources/x86_64 -Xcc -I/Users/mecid/Desktop/OKUL\ /projeler/NEXUS/NEXUSStudyPad/.build/ReleaseDerivedData/Build/Intermediates.noindex/NEXUSStudyPad.build/Release-iphonesimulator/NEXUSStudyPad.build/DerivedSources -emit-objc-header -emit-objc-header-path /Users/mecid/Desktop/OKUL\ /projeler/NEXUS/NEXUSStudyPad/.build/ReleaseDerivedData/Build/Intermediates.noindex/NEXUSStudyPad.build/Release-iphonesimulator/NEXUSStudyPad.build/Objects-normal/x86_64/NEXUSStudyPad-Swift.h -working-directory /Users/mecid/Desktop/OKUL\ /projeler/NEXUS/NEXUSStudyPad -no-emit-module-separately-wmo

Copy /Users/mecid/Desktop/OKUL\ /projeler/NEXUS/NEXUSStudyPad/.build/ReleaseDerivedData/Build/Products/Release-iphonesimulator/NEXUSStudyPad.swiftmodule/x86_64-apple-ios-simulator.swiftmodule /Users/mecid/Desktop/OKUL\ /projeler/NEXUS/NEXUSStudyPad/.build/ReleaseDerivedData/Build/Intermediates.noindex/NEXUSStudyPad.build/Release-iphonesimulator/NEXUSStudyPad.build/Objects-normal/x86_64/NEXUSStudyPad.swiftmodule (in target 'NEXUSStudyPad' from project 'NEXUSStudyPad')
    cd /Users/mecid/Desktop/OKUL\ /projeler/NEXUS/NEXUSStudyPad
    builtin-copy -exclude .DS_Store -exclude CVS -exclude .svn -exclude .git -exclude .hg -strip-unsigned-binaries -strip-deterministic -strip-tool /Applications/Xcode.app/Contents/Developer/Toolchains/XcodeDefault.xctoolchain/usr/bin/strip -resolve-src-symlinks -rename /Users/mecid/Desktop/OKUL\ /projeler/NEXUS/NEXUSStudyPad/.build/ReleaseDerivedData/Build/Intermediates.noindex/NEXUSStudyPad.build/Release-iphonesimulator/NEXUSStudyPad.build/Objects-normal/x86_64/NEXUSStudyPad.swiftmodule /Users/mecid/Desktop/OKUL\ /projeler/NEXUS/NEXUSStudyPad/.build/ReleaseDerivedData/Build/Products/Release-iphonesimulator/NEXUSStudyPad.swiftmodule/x86_64-apple-ios-simulator.swiftmodule

Copy /Users/mecid/Desktop/OKUL\ /projeler/NEXUS/NEXUSStudyPad/.build/ReleaseDerivedData/Build/Products/Release-iphonesimulator/NEXUSStudyPad.swiftmodule/x86_64-apple-ios-simulator.swiftdoc /Users/mecid/Desktop/OKUL\ /projeler/NEXUS/NEXUSStudyPad/.build/ReleaseDerivedData/Build/Intermediates.noindex/NEXUSStudyPad.build/Release-iphonesimulator/NEXUSStudyPad.build/Objects-normal/x86_64/NEXUSStudyPad.swiftdoc (in target 'NEXUSStudyPad' from project 'NEXUSStudyPad')
    cd /Users/mecid/Desktop/OKUL\ /projeler/NEXUS/NEXUSStudyPad
    builtin-copy -exclude .DS_Store -exclude CVS -exclude .svn -exclude .git -exclude .hg -strip-unsigned-binaries -strip-deterministic -strip-tool /Applications/Xcode.app/Contents/Developer/Toolchains/XcodeDefault.xctoolchain/usr/bin/strip -resolve-src-symlinks -rename /Users/mecid/Desktop/OKUL\ /projeler/NEXUS/NEXUSStudyPad/.build/ReleaseDerivedData/Build/Intermediates.noindex/NEXUSStudyPad.build/Release-iphonesimulator/NEXUSStudyPad.build/Objects-normal/x86_64/NEXUSStudyPad.swiftdoc /Users/mecid/Desktop/OKUL\ /projeler/NEXUS/NEXUSStudyPad/.build/ReleaseDerivedData/Build/Products/Release-iphonesimulator/NEXUSStudyPad.swiftmodule/x86_64-apple-ios-simulator.swiftdoc

Copy /Users/mecid/Desktop/OKUL\ /projeler/NEXUS/NEXUSStudyPad/.build/ReleaseDerivedData/Build/Products/Release-iphonesimulator/NEXUSStudyPad.swiftmodule/x86_64-apple-ios-simulator.abi.json /Users/mecid/Desktop/OKUL\ /projeler/NEXUS/NEXUSStudyPad/.build/ReleaseDerivedData/Build/Intermediates.noindex/NEXUSStudyPad.build/Release-iphonesimulator/NEXUSStudyPad.build/Objects-normal/x86_64/NEXUSStudyPad.abi.json (in target 'NEXUSStudyPad' from project 'NEXUSStudyPad')
    cd /Users/mecid/Desktop/OKUL\ /projeler/NEXUS/NEXUSStudyPad
    builtin-copy -exclude .DS_Store -exclude CVS -exclude .svn -exclude .git -exclude .hg -strip-unsigned-binaries -strip-deterministic -strip-tool /Applications/Xcode.app/Contents/Developer/Toolchains/XcodeDefault.xctoolchain/usr/bin/strip -resolve-src-symlinks -rename /Users/mecid/Desktop/OKUL\ /projeler/NEXUS/NEXUSStudyPad/.build/ReleaseDerivedData/Build/Intermediates.noindex/NEXUSStudyPad.build/Release-iphonesimulator/NEXUSStudyPad.build/Objects-normal/x86_64/NEXUSStudyPad.abi.json /Users/mecid/Desktop/OKUL\ /projeler/NEXUS/NEXUSStudyPad/.build/ReleaseDerivedData/Build/Products/Release-iphonesimulator/NEXUSStudyPad.swiftmodule/x86_64-apple-ios-simulator.abi.json

Copy /Users/mecid/Desktop/OKUL\ /projeler/NEXUS/NEXUSStudyPad/.build/ReleaseDerivedData/Build/Products/Release-iphonesimulator/NEXUSStudyPad.swiftmodule/Project/x86_64-apple-ios-simulator.swiftsourceinfo /Users/mecid/Desktop/OKUL\ /projeler/NEXUS/NEXUSStudyPad/.build/ReleaseDerivedData/Build/Intermediates.noindex/NEXUSStudyPad.build/Release-iphonesimulator/NEXUSStudyPad.build/Objects-normal/x86_64/NEXUSStudyPad.swiftsourceinfo (in target 'NEXUSStudyPad' from project 'NEXUSStudyPad')
    cd /Users/mecid/Desktop/OKUL\ /projeler/NEXUS/NEXUSStudyPad
    builtin-copy -exclude .DS_Store -exclude CVS -exclude .svn -exclude .git -exclude .hg -strip-unsigned-binaries -strip-deterministic -strip-tool /Applications/Xcode.app/Contents/Developer/Toolchains/XcodeDefault.xctoolchain/usr/bin/strip -resolve-src-symlinks -rename /Users/mecid/Desktop/OKUL\ /projeler/NEXUS/NEXUSStudyPad/.build/ReleaseDerivedData/Build/Intermediates.noindex/NEXUSStudyPad.build/Release-iphonesimulator/NEXUSStudyPad.build/Objects-normal/x86_64/NEXUSStudyPad.swiftsourceinfo /Users/mecid/Desktop/OKUL\ /projeler/NEXUS/NEXUSStudyPad/.build/ReleaseDerivedData/Build/Products/Release-iphonesimulator/NEXUSStudyPad.swiftmodule/Project/x86_64-apple-ios-simulator.swiftsourceinfo

SwiftDriverJobDiscovery normal arm64 Compiling NEXUSStudyPadApp.swift, RootView.swift, PencilCanvasView.swift, TerminalStates.swift, AppRoute.swift, PadDesignSystem.swift, CourseViews.swift, DocumentViews.swift, PDFKitViews.swift, HomeView.swift, HomeViewModel.swift, LectureViews.swift, NoteViews.swift, TaskViews.swift, StudyModels.swift, PersistenceController.swift, AudioRecordingService.swift, DocumentImportService.swift, GeneratedAssetSymbols.swift (in target 'NEXUSStudyPad' from project 'NEXUSStudyPad')

SwiftDriver\ Compilation\ Requirements NEXUSStudyPad normal arm64 com.apple.xcode.tools.swift.compiler (in target 'NEXUSStudyPad' from project 'NEXUSStudyPad')
    cd /Users/mecid/Desktop/OKUL\ /projeler/NEXUS/NEXUSStudyPad
    builtin-Swift-Compilation-Requirements -- /Applications/Xcode.app/Contents/Developer/Toolchains/XcodeDefault.xctoolchain/usr/bin/swiftc -module-name NEXUSStudyPad -O -whole-module-optimization @/Users/mecid/Desktop/OKUL\ /projeler/NEXUS/NEXUSStudyPad/.build/ReleaseDerivedData/Build/Intermediates.noindex/NEXUSStudyPad.build/Release-iphonesimulator/NEXUSStudyPad.build/Objects-normal/arm64/NEXUSStudyPad.SwiftFileList -strict-concurrency\=targeted -enable-bare-slash-regex -enable-experimental-feature DebugDescriptionMacro -sdk /Applications/Xcode.app/Contents/Developer/Platforms/iPhoneSimulator.platform/Developer/SDKs/iPhoneSimulator26.5.sdk -target arm64-apple-ios17.0-simulator -g -module-cache-path /Users/mecid/Desktop/OKUL\ /projeler/NEXUS/NEXUSStudyPad/.build/ReleaseDerivedData/ModuleCache.noindex -Xfrontend -serialize-debugging-options -swift-version 5 -I /Users/mecid/Desktop/OKUL\ /projeler/NEXUS/NEXUSStudyPad/.build/ReleaseDerivedData/Build/Products/Release-iphonesimulator -F /Users/mecid/Desktop/OKUL\ /projeler/NEXUS/NEXUSStudyPad/.build/ReleaseDerivedData/Build/Products/Release-iphonesimulator -emit-localized-strings -emit-localized-strings-path /Users/mecid/Desktop/OKUL\ /projeler/NEXUS/NEXUSStudyPad/.build/ReleaseDerivedData/Build/Intermediates.noindex/NEXUSStudyPad.build/Release-iphonesimulator/NEXUSStudyPad.build/Objects-normal/arm64 -c -num-threads 11 -Xcc -ivfsstatcache -Xcc /Users/mecid/Desktop/OKUL\ /projeler/NEXUS/NEXUSStudyPad/.build/ReleaseDerivedData/SDKStatCaches.noindex/iphonesimulator26.5-23F81a-6cfe768891a92b912361537c460fe42b.sdkstatcache -output-file-map /Users/mecid/Desktop/OKUL\ /projeler/NEXUS/NEXUSStudyPad/.build/ReleaseDerivedData/Build/Intermediates.noindex/NEXUSStudyPad.build/Release-iphonesimulator/NEXUSStudyPad.build/Objects-normal/arm64/NEXUSStudyPad-OutputFileMap.json -use-frontend-parseable-output -save-temps -no-color-diagnostics -explicit-module-build -module-cache-path /Users/mecid/Desktop/OKUL\ /projeler/NEXUS/NEXUSStudyPad/.build/ReleaseDerivedData/Build/Intermediates.noindex/SwiftExplicitPrecompiledModules -clang-scanner-module-cache-path /Users/mecid/Desktop/OKUL\ /projeler/NEXUS/NEXUSStudyPad/.build/ReleaseDerivedData/ModuleCache.noindex -sdk-module-cache-path /Users/mecid/Desktop/OKUL\ /projeler/NEXUS/NEXUSStudyPad/.build/ReleaseDerivedData/ModuleCache.noindex -serialize-diagnostics -emit-dependencies -emit-module -emit-module-path /Users/mecid/Desktop/OKUL\ /projeler/NEXUS/NEXUSStudyPad/.build/ReleaseDerivedData/Build/Intermediates.noindex/NEXUSStudyPad.build/Release-iphonesimulator/NEXUSStudyPad.build/Objects-normal/arm64/NEXUSStudyPad.swiftmodule -validate-clang-modules-once -clang-build-session-file /Users/mecid/Desktop/OKUL\ /projeler/NEXUS/NEXUSStudyPad/.build/ReleaseDerivedData/ModuleCache.noindex/Session.modulevalidation -Xcc -I/Users/mecid/Desktop/OKUL\ /projeler/NEXUS/NEXUSStudyPad/.build/ReleaseDerivedData/Build/Intermediates.noindex/NEXUSStudyPad.build/Release-iphonesimulator/NEXUSStudyPad.build/swift-overrides.hmap -emit-const-values -Xfrontend -const-gather-protocols-file -Xfrontend /Users/mecid/Desktop/OKUL\ /projeler/NEXUS/NEXUSStudyPad/.build/ReleaseDerivedData/Build/Intermediates.noindex/NEXUSStudyPad.build/Release-iphonesimulator/NEXUSStudyPad.build/Objects-normal/arm64/NEXUSStudyPad_const_extract_protocols.json -Xcc -iquote -Xcc /Users/mecid/Desktop/OKUL\ /projeler/NEXUS/NEXUSStudyPad/.build/ReleaseDerivedData/Build/Intermediates.noindex/NEXUSStudyPad.build/Release-iphonesimulator/NEXUSStudyPad.build/NEXUSStudyPad-generated-files.hmap -Xcc -I/Users/mecid/Desktop/OKUL\ /projeler/NEXUS/NEXUSStudyPad/.build/ReleaseDerivedData/Build/Intermediates.noindex/NEXUSStudyPad.build/Release-iphonesimulator/NEXUSStudyPad.build/NEXUSStudyPad-own-target-headers.hmap -Xcc -I/Users/mecid/Desktop/OKUL\ /projeler/NEXUS/NEXUSStudyPad/.build/ReleaseDerivedData/Build/Intermediates.noindex/NEXUSStudyPad.build/Release-iphonesimulator/NEXUSStudyPad.build/NEXUSStudyPad-all-target-headers.hmap -Xcc -iquote -Xcc /Users/mecid/Desktop/OKUL\ /projeler/NEXUS/NEXUSStudyPad/.build/ReleaseDerivedData/Build/Intermediates.noindex/NEXUSStudyPad.build/Release-iphonesimulator/NEXUSStudyPad.build/NEXUSStudyPad-project-headers.hmap -Xcc -I/Users/mecid/Desktop/OKUL\ /projeler/NEXUS/NEXUSStudyPad/.build/ReleaseDerivedData/Build/Products/Release-iphonesimulator/include -Xcc -I/Users/mecid/Desktop/OKUL\ /projeler/NEXUS/NEXUSStudyPad/.build/ReleaseDerivedData/Build/Intermediates.noindex/NEXUSStudyPad.build/Release-iphonesimulator/NEXUSStudyPad.build/DerivedSources-normal/arm64 -Xcc -I/Users/mecid/Desktop/OKUL\ /projeler/NEXUS/NEXUSStudyPad/.build/ReleaseDerivedData/Build/Intermediates.noindex/NEXUSStudyPad.build/Release-iphonesimulator/NEXUSStudyPad.build/DerivedSources/arm64 -Xcc -I/Users/mecid/Desktop/OKUL\ /projeler/NEXUS/NEXUSStudyPad/.build/ReleaseDerivedData/Build/Intermediates.noindex/NEXUSStudyPad.build/Release-iphonesimulator/NEXUSStudyPad.build/DerivedSources -emit-objc-header -emit-objc-header-path /Users/mecid/Desktop/OKUL\ /projeler/NEXUS/NEXUSStudyPad/.build/ReleaseDerivedData/Build/Intermediates.noindex/NEXUSStudyPad.build/Release-iphonesimulator/NEXUSStudyPad.build/Objects-normal/arm64/NEXUSStudyPad-Swift.h -working-directory /Users/mecid/Desktop/OKUL\ /projeler/NEXUS/NEXUSStudyPad -no-emit-module-separately-wmo

SwiftMergeGeneratedHeaders /Users/mecid/Desktop/OKUL\ /projeler/NEXUS/NEXUSStudyPad/.build/ReleaseDerivedData/Build/Intermediates.noindex/NEXUSStudyPad.build/Release-iphonesimulator/NEXUSStudyPad.build/DerivedSources/NEXUSStudyPad-Swift.h /Users/mecid/Desktop/OKUL\ /projeler/NEXUS/NEXUSStudyPad/.build/ReleaseDerivedData/Build/Intermediates.noindex/NEXUSStudyPad.build/Release-iphonesimulator/NEXUSStudyPad.build/Objects-normal/arm64/NEXUSStudyPad-Swift.h /Users/mecid/Desktop/OKUL\ /projeler/NEXUS/NEXUSStudyPad/.build/ReleaseDerivedData/Build/Intermediates.noindex/NEXUSStudyPad.build/Release-iphonesimulator/NEXUSStudyPad.build/Objects-normal/x86_64/NEXUSStudyPad-Swift.h (in target 'NEXUSStudyPad' from project 'NEXUSStudyPad')
    cd /Users/mecid/Desktop/OKUL\ /projeler/NEXUS/NEXUSStudyPad
    builtin-swiftHeaderTool -arch arm64 /Users/mecid/Desktop/OKUL\ /projeler/NEXUS/NEXUSStudyPad/.build/ReleaseDerivedData/Build/Intermediates.noindex/NEXUSStudyPad.build/Release-iphonesimulator/NEXUSStudyPad.build/Objects-normal/arm64/NEXUSStudyPad-Swift.h -arch x86_64 /Users/mecid/Desktop/OKUL\ /projeler/NEXUS/NEXUSStudyPad/.build/ReleaseDerivedData/Build/Intermediates.noindex/NEXUSStudyPad.build/Release-iphonesimulator/NEXUSStudyPad.build/Objects-normal/x86_64/NEXUSStudyPad-Swift.h -o /Users/mecid/Desktop/OKUL\ /projeler/NEXUS/NEXUSStudyPad/.build/ReleaseDerivedData/Build/Intermediates.noindex/NEXUSStudyPad.build/Release-iphonesimulator/NEXUSStudyPad.build/DerivedSources/NEXUSStudyPad-Swift.h

Copy /Users/mecid/Desktop/OKUL\ /projeler/NEXUS/NEXUSStudyPad/.build/ReleaseDerivedData/Build/Products/Release-iphonesimulator/NEXUSStudyPad.swiftmodule/arm64-apple-ios-simulator.swiftmodule /Users/mecid/Desktop/OKUL\ /projeler/NEXUS/NEXUSStudyPad/.build/ReleaseDerivedData/Build/Intermediates.noindex/NEXUSStudyPad.build/Release-iphonesimulator/NEXUSStudyPad.build/Objects-normal/arm64/NEXUSStudyPad.swiftmodule (in target 'NEXUSStudyPad' from project 'NEXUSStudyPad')
    cd /Users/mecid/Desktop/OKUL\ /projeler/NEXUS/NEXUSStudyPad
    builtin-copy -exclude .DS_Store -exclude CVS -exclude .svn -exclude .git -exclude .hg -strip-unsigned-binaries -strip-deterministic -strip-tool /Applications/Xcode.app/Contents/Developer/Toolchains/XcodeDefault.xctoolchain/usr/bin/strip -resolve-src-symlinks -rename /Users/mecid/Desktop/OKUL\ /projeler/NEXUS/NEXUSStudyPad/.build/ReleaseDerivedData/Build/Intermediates.noindex/NEXUSStudyPad.build/Release-iphonesimulator/NEXUSStudyPad.build/Objects-normal/arm64/NEXUSStudyPad.swiftmodule /Users/mecid/Desktop/OKUL\ /projeler/NEXUS/NEXUSStudyPad/.build/ReleaseDerivedData/Build/Products/Release-iphonesimulator/NEXUSStudyPad.swiftmodule/arm64-apple-ios-simulator.swiftmodule

Copy /Users/mecid/Desktop/OKUL\ /projeler/NEXUS/NEXUSStudyPad/.build/ReleaseDerivedData/Build/Products/Release-iphonesimulator/NEXUSStudyPad.swiftmodule/arm64-apple-ios-simulator.swiftdoc /Users/mecid/Desktop/OKUL\ /projeler/NEXUS/NEXUSStudyPad/.build/ReleaseDerivedData/Build/Intermediates.noindex/NEXUSStudyPad.build/Release-iphonesimulator/NEXUSStudyPad.build/Objects-normal/arm64/NEXUSStudyPad.swiftdoc (in target 'NEXUSStudyPad' from project 'NEXUSStudyPad')
    cd /Users/mecid/Desktop/OKUL\ /projeler/NEXUS/NEXUSStudyPad
    builtin-copy -exclude .DS_Store -exclude CVS -exclude .svn -exclude .git -exclude .hg -strip-unsigned-binaries -strip-deterministic -strip-tool /Applications/Xcode.app/Contents/Developer/Toolchains/XcodeDefault.xctoolchain/usr/bin/strip -resolve-src-symlinks -rename /Users/mecid/Desktop/OKUL\ /projeler/NEXUS/NEXUSStudyPad/.build/ReleaseDerivedData/Build/Intermediates.noindex/NEXUSStudyPad.build/Release-iphonesimulator/NEXUSStudyPad.build/Objects-normal/arm64/NEXUSStudyPad.swiftdoc /Users/mecid/Desktop/OKUL\ /projeler/NEXUS/NEXUSStudyPad/.build/ReleaseDerivedData/Build/Products/Release-iphonesimulator/NEXUSStudyPad.swiftmodule/arm64-apple-ios-simulator.swiftdoc

Copy /Users/mecid/Desktop/OKUL\ /projeler/NEXUS/NEXUSStudyPad/.build/ReleaseDerivedData/Build/Products/Release-iphonesimulator/NEXUSStudyPad.swiftmodule/arm64-apple-ios-simulator.abi.json /Users/mecid/Desktop/OKUL\ /projeler/NEXUS/NEXUSStudyPad/.build/ReleaseDerivedData/Build/Intermediates.noindex/NEXUSStudyPad.build/Release-iphonesimulator/NEXUSStudyPad.build/Objects-normal/arm64/NEXUSStudyPad.abi.json (in target 'NEXUSStudyPad' from project 'NEXUSStudyPad')
    cd /Users/mecid/Desktop/OKUL\ /projeler/NEXUS/NEXUSStudyPad
    builtin-copy -exclude .DS_Store -exclude CVS -exclude .svn -exclude .git -exclude .hg -strip-unsigned-binaries -strip-deterministic -strip-tool /Applications/Xcode.app/Contents/Developer/Toolchains/XcodeDefault.xctoolchain/usr/bin/strip -resolve-src-symlinks -rename /Users/mecid/Desktop/OKUL\ /projeler/NEXUS/NEXUSStudyPad/.build/ReleaseDerivedData/Build/Intermediates.noindex/NEXUSStudyPad.build/Release-iphonesimulator/NEXUSStudyPad.build/Objects-normal/arm64/NEXUSStudyPad.abi.json /Users/mecid/Desktop/OKUL\ /projeler/NEXUS/NEXUSStudyPad/.build/ReleaseDerivedData/Build/Products/Release-iphonesimulator/NEXUSStudyPad.swiftmodule/arm64-apple-ios-simulator.abi.json

Copy /Users/mecid/Desktop/OKUL\ /projeler/NEXUS/NEXUSStudyPad/.build/ReleaseDerivedData/Build/Products/Release-iphonesimulator/NEXUSStudyPad.swiftmodule/Project/arm64-apple-ios-simulator.swiftsourceinfo /Users/mecid/Desktop/OKUL\ /projeler/NEXUS/NEXUSStudyPad/.build/ReleaseDerivedData/Build/Intermediates.noindex/NEXUSStudyPad.build/Release-iphonesimulator/NEXUSStudyPad.build/Objects-normal/arm64/NEXUSStudyPad.swiftsourceinfo (in target 'NEXUSStudyPad' from project 'NEXUSStudyPad')
    cd /Users/mecid/Desktop/OKUL\ /projeler/NEXUS/NEXUSStudyPad
    builtin-copy -exclude .DS_Store -exclude CVS -exclude .svn -exclude .git -exclude .hg -strip-unsigned-binaries -strip-deterministic -strip-tool /Applications/Xcode.app/Contents/Developer/Toolchains/XcodeDefault.xctoolchain/usr/bin/strip -resolve-src-symlinks -rename /Users/mecid/Desktop/OKUL\ /projeler/NEXUS/NEXUSStudyPad/.build/ReleaseDerivedData/Build/Intermediates.noindex/NEXUSStudyPad.build/Release-iphonesimulator/NEXUSStudyPad.build/Objects-normal/arm64/NEXUSStudyPad.swiftsourceinfo /Users/mecid/Desktop/OKUL\ /projeler/NEXUS/NEXUSStudyPad/.build/ReleaseDerivedData/Build/Products/Release-iphonesimulator/NEXUSStudyPad.swiftmodule/Project/arm64-apple-ios-simulator.swiftsourceinfo

Ld /Users/mecid/Desktop/OKUL\ /projeler/NEXUS/NEXUSStudyPad/.build/ReleaseDerivedData/Build/Intermediates.noindex/NEXUSStudyPad.build/Release-iphonesimulator/NEXUSStudyPad.build/Objects-normal/arm64/Binary/NEXUSStudyPad normal arm64 (in target 'NEXUSStudyPad' from project 'NEXUSStudyPad')
    cd /Users/mecid/Desktop/OKUL\ /projeler/NEXUS/NEXUSStudyPad
    /Applications/Xcode.app/Contents/Developer/Toolchains/XcodeDefault.xctoolchain/usr/bin/clang -Xlinker -reproducible -target arm64-apple-ios17.0-simulator -isysroot /Applications/Xcode.app/Contents/Developer/Platforms/iPhoneSimulator.platform/Developer/SDKs/iPhoneSimulator26.5.sdk -Os -L/Users/mecid/Desktop/OKUL\ /projeler/NEXUS/NEXUSStudyPad/.build/ReleaseDerivedData/Build/Intermediates.noindex/EagerLinkingTBDs/Release-iphonesimulator -L/Users/mecid/Desktop/OKUL\ /projeler/NEXUS/NEXUSStudyPad/.build/ReleaseDerivedData/Build/Products/Release-iphonesimulator -F/Users/mecid/Desktop/OKUL\ /projeler/NEXUS/NEXUSStudyPad/.build/ReleaseDerivedData/Build/Intermediates.noindex/EagerLinkingTBDs/Release-iphonesimulator -F/Users/mecid/Desktop/OKUL\ /projeler/NEXUS/NEXUSStudyPad/.build/ReleaseDerivedData/Build/Products/Release-iphonesimulator -filelist /Users/mecid/Desktop/OKUL\ /projeler/NEXUS/NEXUSStudyPad/.build/ReleaseDerivedData/Build/Intermediates.noindex/NEXUSStudyPad.build/Release-iphonesimulator/NEXUSStudyPad.build/Objects-normal/arm64/NEXUSStudyPad.LinkFileList -Xlinker -rpath -Xlinker /usr/lib/swift -Xlinker -rpath -Xlinker @executable_path/Frameworks -Xlinker -dead_strip -Xlinker -object_path_lto -Xlinker /Users/mecid/Desktop/OKUL\ /projeler/NEXUS/NEXUSStudyPad/.build/ReleaseDerivedData/Build/Intermediates.noindex/NEXUSStudyPad.build/Release-iphonesimulator/NEXUSStudyPad.build/Objects-normal/arm64/NEXUSStudyPad_lto.o -Xlinker -objc_abi_version -Xlinker 2 -Xlinker -dependency_info -Xlinker /Users/mecid/Desktop/OKUL\ /projeler/NEXUS/NEXUSStudyPad/.build/ReleaseDerivedData/Build/Intermediates.noindex/NEXUSStudyPad.build/Release-iphonesimulator/NEXUSStudyPad.build/Objects-normal/arm64/NEXUSStudyPad_dependency_info.dat -fobjc-link-runtime -L/Applications/Xcode.app/Contents/Developer/Toolchains/XcodeDefault.xctoolchain/usr/lib/swift/iphonesimulator -L/usr/lib/swift -Xlinker -add_ast_path -Xlinker /Users/mecid/Desktop/OKUL\ /projeler/NEXUS/NEXUSStudyPad/.build/ReleaseDerivedData/Build/Intermediates.noindex/NEXUSStudyPad.build/Release-iphonesimulator/NEXUSStudyPad.build/Objects-normal/arm64/NEXUSStudyPad.swiftmodule @/Users/mecid/Desktop/OKUL\ /projeler/NEXUS/NEXUSStudyPad/.build/ReleaseDerivedData/Build/Intermediates.noindex/NEXUSStudyPad.build/Release-iphonesimulator/NEXUSStudyPad.build/Objects-normal/arm64/NEXUSStudyPad-linker-args.resp -o /Users/mecid/Desktop/OKUL\ /projeler/NEXUS/NEXUSStudyPad/.build/ReleaseDerivedData/Build/Intermediates.noindex/NEXUSStudyPad.build/Release-iphonesimulator/NEXUSStudyPad.build/Objects-normal/arm64/Binary/NEXUSStudyPad

Ld /Users/mecid/Desktop/OKUL\ /projeler/NEXUS/NEXUSStudyPad/.build/ReleaseDerivedData/Build/Intermediates.noindex/NEXUSStudyPad.build/Release-iphonesimulator/NEXUSStudyPad.build/Objects-normal/x86_64/Binary/NEXUSStudyPad normal x86_64 (in target 'NEXUSStudyPad' from project 'NEXUSStudyPad')
    cd /Users/mecid/Desktop/OKUL\ /projeler/NEXUS/NEXUSStudyPad
    /Applications/Xcode.app/Contents/Developer/Toolchains/XcodeDefault.xctoolchain/usr/bin/clang -Xlinker -reproducible -target x86_64-apple-ios17.0-simulator -isysroot /Applications/Xcode.app/Contents/Developer/Platforms/iPhoneSimulator.platform/Developer/SDKs/iPhoneSimulator26.5.sdk -Os -L/Users/mecid/Desktop/OKUL\ /projeler/NEXUS/NEXUSStudyPad/.build/ReleaseDerivedData/Build/Intermediates.noindex/EagerLinkingTBDs/Release-iphonesimulator -L/Users/mecid/Desktop/OKUL\ /projeler/NEXUS/NEXUSStudyPad/.build/ReleaseDerivedData/Build/Products/Release-iphonesimulator -F/Users/mecid/Desktop/OKUL\ /projeler/NEXUS/NEXUSStudyPad/.build/ReleaseDerivedData/Build/Intermediates.noindex/EagerLinkingTBDs/Release-iphonesimulator -F/Users/mecid/Desktop/OKUL\ /projeler/NEXUS/NEXUSStudyPad/.build/ReleaseDerivedData/Build/Products/Release-iphonesimulator -filelist /Users/mecid/Desktop/OKUL\ /projeler/NEXUS/NEXUSStudyPad/.build/ReleaseDerivedData/Build/Intermediates.noindex/NEXUSStudyPad.build/Release-iphonesimulator/NEXUSStudyPad.build/Objects-normal/x86_64/NEXUSStudyPad.LinkFileList -Xlinker -rpath -Xlinker /usr/lib/swift -Xlinker -rpath -Xlinker @executable_path/Frameworks -Xlinker -dead_strip -Xlinker -object_path_lto -Xlinker /Users/mecid/Desktop/OKUL\ /projeler/NEXUS/NEXUSStudyPad/.build/ReleaseDerivedData/Build/Intermediates.noindex/NEXUSStudyPad.build/Release-iphonesimulator/NEXUSStudyPad.build/Objects-normal/x86_64/NEXUSStudyPad_lto.o -Xlinker -objc_abi_version -Xlinker 2 -Xlinker -dependency_info -Xlinker /Users/mecid/Desktop/OKUL\ /projeler/NEXUS/NEXUSStudyPad/.build/ReleaseDerivedData/Build/Intermediates.noindex/NEXUSStudyPad.build/Release-iphonesimulator/NEXUSStudyPad.build/Objects-normal/x86_64/NEXUSStudyPad_dependency_info.dat -fobjc-link-runtime -L/Applications/Xcode.app/Contents/Developer/Toolchains/XcodeDefault.xctoolchain/usr/lib/swift/iphonesimulator -L/usr/lib/swift -Xlinker -add_ast_path -Xlinker /Users/mecid/Desktop/OKUL\ /projeler/NEXUS/NEXUSStudyPad/.build/ReleaseDerivedData/Build/Intermediates.noindex/NEXUSStudyPad.build/Release-iphonesimulator/NEXUSStudyPad.build/Objects-normal/x86_64/NEXUSStudyPad.swiftmodule @/Users/mecid/Desktop/OKUL\ /projeler/NEXUS/NEXUSStudyPad/.build/ReleaseDerivedData/Build/Intermediates.noindex/NEXUSStudyPad.build/Release-iphonesimulator/NEXUSStudyPad.build/Objects-normal/x86_64/NEXUSStudyPad-linker-args.resp -o /Users/mecid/Desktop/OKUL\ /projeler/NEXUS/NEXUSStudyPad/.build/ReleaseDerivedData/Build/Intermediates.noindex/NEXUSStudyPad.build/Release-iphonesimulator/NEXUSStudyPad.build/Objects-normal/x86_64/Binary/NEXUSStudyPad

CreateUniversalBinary /Users/mecid/Desktop/OKUL\ /projeler/NEXUS/NEXUSStudyPad/.build/ReleaseDerivedData/Build/Products/Release-iphonesimulator/NEXUSStudyPad.app/NEXUSStudyPad normal arm64\ x86_64 (in target 'NEXUSStudyPad' from project 'NEXUSStudyPad')
    cd /Users/mecid/Desktop/OKUL\ /projeler/NEXUS/NEXUSStudyPad
    /Applications/Xcode.app/Contents/Developer/Toolchains/XcodeDefault.xctoolchain/usr/bin/lipo -create /Users/mecid/Desktop/OKUL\ /projeler/NEXUS/NEXUSStudyPad/.build/ReleaseDerivedData/Build/Intermediates.noindex/NEXUSStudyPad.build/Release-iphonesimulator/NEXUSStudyPad.build/Objects-normal/arm64/Binary/NEXUSStudyPad /Users/mecid/Desktop/OKUL\ /projeler/NEXUS/NEXUSStudyPad/.build/ReleaseDerivedData/Build/Intermediates.noindex/NEXUSStudyPad.build/Release-iphonesimulator/NEXUSStudyPad.build/Objects-normal/x86_64/Binary/NEXUSStudyPad -output /Users/mecid/Desktop/OKUL\ /projeler/NEXUS/NEXUSStudyPad/.build/ReleaseDerivedData/Build/Products/Release-iphonesimulator/NEXUSStudyPad.app/NEXUSStudyPad

CopySwiftLibs /Users/mecid/Desktop/OKUL\ /projeler/NEXUS/NEXUSStudyPad/.build/ReleaseDerivedData/Build/Products/Release-iphonesimulator/NEXUSStudyPad.app (in target 'NEXUSStudyPad' from project 'NEXUSStudyPad')
    cd /Users/mecid/Desktop/OKUL\ /projeler/NEXUS/NEXUSStudyPad
    builtin-swiftStdLibTool --copy --verbose --scan-executable /Users/mecid/Desktop/OKUL\ /projeler/NEXUS/NEXUSStudyPad/.build/ReleaseDerivedData/Build/Products/Release-iphonesimulator/NEXUSStudyPad.app/NEXUSStudyPad --scan-folder /Users/mecid/Desktop/OKUL\ /projeler/NEXUS/NEXUSStudyPad/.build/ReleaseDerivedData/Build/Products/Release-iphonesimulator/NEXUSStudyPad.app/Frameworks --scan-folder /Users/mecid/Desktop/OKUL\ /projeler/NEXUS/NEXUSStudyPad/.build/ReleaseDerivedData/Build/Products/Release-iphonesimulator/NEXUSStudyPad.app/PlugIns --scan-folder /Users/mecid/Desktop/OKUL\ /projeler/NEXUS/NEXUSStudyPad/.build/ReleaseDerivedData/Build/Products/Release-iphonesimulator/NEXUSStudyPad.app/SystemExtensions --scan-folder /Users/mecid/Desktop/OKUL\ /projeler/NEXUS/NEXUSStudyPad/.build/ReleaseDerivedData/Build/Products/Release-iphonesimulator/NEXUSStudyPad.app/Extensions --platform iphonesimulator --toolchain /Applications/Xcode.app/Contents/Developer/Toolchains/XcodeDefault.xctoolchain --destination /Users/mecid/Desktop/OKUL\ /projeler/NEXUS/NEXUSStudyPad/.build/ReleaseDerivedData/Build/Products/Release-iphonesimulator/NEXUSStudyPad.app/Frameworks --strip-bitcode --strip-bitcode-tool /Applications/Xcode.app/Contents/Developer/Toolchains/XcodeDefault.xctoolchain/usr/bin/bitcode_strip --emit-dependency-info /Users/mecid/Desktop/OKUL\ /projeler/NEXUS/NEXUSStudyPad/.build/ReleaseDerivedData/Build/Intermediates.noindex/NEXUSStudyPad.build/Release-iphonesimulator/NEXUSStudyPad.build/SwiftStdLibToolInputDependencies.dep --filter-for-swift-os --back-deploy-swift-span
Ignoring --strip-bitcode because --sign was not passed

ExtractAppIntentsMetadata (in target 'NEXUSStudyPad' from project 'NEXUSStudyPad')
    cd /Users/mecid/Desktop/OKUL\ /projeler/NEXUS/NEXUSStudyPad
    /Applications/Xcode.app/Contents/Developer/Toolchains/XcodeDefault.xctoolchain/usr/bin/appintentsmetadataprocessor --toolchain-dir /Applications/Xcode.app/Contents/Developer/Toolchains/XcodeDefault.xctoolchain --module-name NEXUSStudyPad --sdk-root /Applications/Xcode.app/Contents/Developer/Platforms/iPhoneSimulator.platform/Developer/SDKs/iPhoneSimulator26.5.sdk --xcode-version 17F113 --platform-family iOS --deployment-target 17.0 --bundle-identifier com.nexus.studypad --output /Users/mecid/Desktop/OKUL\ /projeler/NEXUS/NEXUSStudyPad/.build/ReleaseDerivedData/Build/Products/Release-iphonesimulator/NEXUSStudyPad.app --target-triple arm64-apple-ios17.0-simulator --target-triple x86_64-apple-ios17.0-simulator --binary-file /Users/mecid/Desktop/OKUL\ /projeler/NEXUS/NEXUSStudyPad/.build/ReleaseDerivedData/Build/Products/Release-iphonesimulator/NEXUSStudyPad.app/NEXUSStudyPad --dependency-file /Users/mecid/Desktop/OKUL\ /projeler/NEXUS/NEXUSStudyPad/.build/ReleaseDerivedData/Build/Intermediates.noindex/NEXUSStudyPad.build/Release-iphonesimulator/NEXUSStudyPad.build/Objects-normal/arm64/NEXUSStudyPad_dependency_info.dat --dependency-file /Users/mecid/Desktop/OKUL\ /projeler/NEXUS/NEXUSStudyPad/.build/ReleaseDerivedData/Build/Intermediates.noindex/NEXUSStudyPad.build/Release-iphonesimulator/NEXUSStudyPad.build/Objects-normal/x86_64/NEXUSStudyPad_dependency_info.dat --stringsdata-file /Users/mecid/Desktop/OKUL\ /projeler/NEXUS/NEXUSStudyPad/.build/ReleaseDerivedData/Build/Intermediates.noindex/NEXUSStudyPad.build/Release-iphonesimulator/NEXUSStudyPad.build/Objects-normal/arm64/ExtractedAppShortcutsMetadata.stringsdata --stringsdata-file /Users/mecid/Desktop/OKUL\ /projeler/NEXUS/NEXUSStudyPad/.build/ReleaseDerivedData/Build/Intermediates.noindex/NEXUSStudyPad.build/Release-iphonesimulator/NEXUSStudyPad.build/Objects-normal/x86_64/ExtractedAppShortcutsMetadata.stringsdata --source-file-list /Users/mecid/Desktop/OKUL\ /projeler/NEXUS/NEXUSStudyPad/.build/ReleaseDerivedData/Build/Intermediates.noindex/NEXUSStudyPad.build/Release-iphonesimulator/NEXUSStudyPad.build/Objects-normal/arm64/NEXUSStudyPad.SwiftFileList --source-file-list /Users/mecid/Desktop/OKUL\ /projeler/NEXUS/NEXUSStudyPad/.build/ReleaseDerivedData/Build/Intermediates.noindex/NEXUSStudyPad.build/Release-iphonesimulator/NEXUSStudyPad.build/Objects-normal/x86_64/NEXUSStudyPad.SwiftFileList --metadata-file-list /Users/mecid/Desktop/OKUL\ /projeler/NEXUS/NEXUSStudyPad/.build/ReleaseDerivedData/Build/Intermediates.noindex/NEXUSStudyPad.build/Release-iphonesimulator/NEXUSStudyPad.build/NEXUSStudyPad.DependencyMetadataFileList --static-metadata-file-list /Users/mecid/Desktop/OKUL\ /projeler/NEXUS/NEXUSStudyPad/.build/ReleaseDerivedData/Build/Intermediates.noindex/NEXUSStudyPad.build/Release-iphonesimulator/NEXUSStudyPad.build/NEXUSStudyPad.DependencyStaticMetadataFileList --swift-const-vals-list /Users/mecid/Desktop/OKUL\ /projeler/NEXUS/NEXUSStudyPad/.build/ReleaseDerivedData/Build/Intermediates.noindex/NEXUSStudyPad.build/Release-iphonesimulator/NEXUSStudyPad.build/Objects-normal/arm64/NEXUSStudyPad.SwiftConstValuesFileList --swift-const-vals-list /Users/mecid/Desktop/OKUL\ /projeler/NEXUS/NEXUSStudyPad/.build/ReleaseDerivedData/Build/Intermediates.noindex/NEXUSStudyPad.build/Release-iphonesimulator/NEXUSStudyPad.build/Objects-normal/x86_64/NEXUSStudyPad.SwiftConstValuesFileList --compile-time-extraction --deployment-aware-processing --validate-assistant-intents --no-app-shortcuts-localization
2026-08-29 23:33:10.022 appintentsmetadataprocessor[52623:753164] Starting appintentsmetadataprocessor export
2026-08-29 23:33:10.027 appintentsmetadataprocessor[52623:753164] warning: Metadata extraction skipped. No AppIntents.framework dependency found.

GenerateDSYMFile /Users/mecid/Desktop/OKUL\ /projeler/NEXUS/NEXUSStudyPad/.build/ReleaseDerivedData/Build/Products/Release-iphonesimulator/NEXUSStudyPad.app.dSYM /Users/mecid/Desktop/OKUL\ /projeler/NEXUS/NEXUSStudyPad/.build/ReleaseDerivedData/Build/Products/Release-iphonesimulator/NEXUSStudyPad.app/NEXUSStudyPad (in target 'NEXUSStudyPad' from project 'NEXUSStudyPad')
    cd /Users/mecid/Desktop/OKUL\ /projeler/NEXUS/NEXUSStudyPad
    /Applications/Xcode.app/Contents/Developer/Toolchains/XcodeDefault.xctoolchain/usr/bin/dsymutil /Users/mecid/Desktop/OKUL\ /projeler/NEXUS/NEXUSStudyPad/.build/ReleaseDerivedData/Build/Products/Release-iphonesimulator/NEXUSStudyPad.app/NEXUSStudyPad -o /Users/mecid/Desktop/OKUL\ /projeler/NEXUS/NEXUSStudyPad/.build/ReleaseDerivedData/Build/Products/Release-iphonesimulator/NEXUSStudyPad.app.dSYM

AppIntentsSSUTraining (in target 'NEXUSStudyPad' from project 'NEXUSStudyPad')
    cd /Users/mecid/Desktop/OKUL\ /projeler/NEXUS/NEXUSStudyPad
    /Applications/Xcode.app/Contents/Developer/Toolchains/XcodeDefault.xctoolchain/usr/bin/appintentsnltrainingprocessor --infoplist-path /Users/mecid/Desktop/OKUL\ /projeler/NEXUS/NEXUSStudyPad/.build/ReleaseDerivedData/Build/Products/Release-iphonesimulator/NEXUSStudyPad.app/Info.plist --temp-dir-path /Users/mecid/Desktop/OKUL\ /projeler/NEXUS/NEXUSStudyPad/.build/ReleaseDerivedData/Build/Intermediates.noindex/NEXUSStudyPad.build/Release-iphonesimulator/NEXUSStudyPad.build/ssu --bundle-id com.nexus.studypad --product-path /Users/mecid/Desktop/OKUL\ /projeler/NEXUS/NEXUSStudyPad/.build/ReleaseDerivedData/Build/Products/Release-iphonesimulator/NEXUSStudyPad.app --extracted-metadata-path /Users/mecid/Desktop/OKUL\ /projeler/NEXUS/NEXUSStudyPad/.build/ReleaseDerivedData/Build/Products/Release-iphonesimulator/NEXUSStudyPad.app/Metadata.appintents --metadata-file-list /Users/mecid/Desktop/OKUL\ /projeler/NEXUS/NEXUSStudyPad/.build/ReleaseDerivedData/Build/Intermediates.noindex/NEXUSStudyPad.build/Release-iphonesimulator/NEXUSStudyPad.build/NEXUSStudyPad.DependencyMetadataFileList --source-file /Users/mecid/Desktop/OKUL\ /projeler/NEXUS/NEXUSStudyPad/.build/ReleaseDerivedData/Build/Products/Release-iphonesimulator/NEXUSStudyPad.app/Info.plist --archive-ssu-assets
2026-08-29 23:33:10.046 appintentsnltrainingprocessor[52625:753167] Parsing options for appintentsnltrainingprocessor
2026-08-29 23:33:10.046 appintentsnltrainingprocessor[52625:753167] Starting AppIntents SSU YAML Generation
2026-08-29 23:33:10.047 appintentsnltrainingprocessor[52625:753167] No AppShortcuts found - Skipping.

RegisterExecutionPolicyException /Users/mecid/Desktop/OKUL\ /projeler/NEXUS/NEXUSStudyPad/.build/ReleaseDerivedData/Build/Products/Release-iphonesimulator/NEXUSStudyPad.app (in target 'NEXUSStudyPad' from project 'NEXUSStudyPad')
    cd /Users/mecid/Desktop/OKUL\ /projeler/NEXUS/NEXUSStudyPad
    builtin-RegisterExecutionPolicyException /Users/mecid/Desktop/OKUL\ /projeler/NEXUS/NEXUSStudyPad/.build/ReleaseDerivedData/Build/Products/Release-iphonesimulator/NEXUSStudyPad.app

Validate /Users/mecid/Desktop/OKUL\ /projeler/NEXUS/NEXUSStudyPad/.build/ReleaseDerivedData/Build/Products/Release-iphonesimulator/NEXUSStudyPad.app (in target 'NEXUSStudyPad' from project 'NEXUSStudyPad')
    cd /Users/mecid/Desktop/OKUL\ /projeler/NEXUS/NEXUSStudyPad
    builtin-validationUtility /Users/mecid/Desktop/OKUL\ /projeler/NEXUS/NEXUSStudyPad/.build/ReleaseDerivedData/Build/Products/Release-iphonesimulator/NEXUSStudyPad.app -validate-for-store -shallow-bundle -infoplist-subpath Info.plist

Touch /Users/mecid/Desktop/OKUL\ /projeler/NEXUS/NEXUSStudyPad/.build/ReleaseDerivedData/Build/Products/Release-iphonesimulator/NEXUSStudyPad.app (in target 'NEXUSStudyPad' from project 'NEXUSStudyPad')
    cd /Users/mecid/Desktop/OKUL\ /projeler/NEXUS/NEXUSStudyPad
    /usr/bin/touch -c /Users/mecid/Desktop/OKUL\ /projeler/NEXUS/NEXUSStudyPad/.build/ReleaseDerivedData/Build/Products/Release-iphonesimulator/NEXUSStudyPad.app

** BUILD SUCCEEDED **

