Command line invocation:
    /Applications/Xcode.app/Contents/Developer/usr/bin/xcodebuild build -project NEXUSStudyPad.xcodeproj -scheme NEXUSStudyPad -configuration Release -destination "generic/platform=iOS Simulator" -derivedDataPath .build/Phase2HotfixRelease CODE_SIGNING_ALLOWED=NO

Build settings from command line:
    CODE_SIGNING_ALLOWED = NO

ComputePackagePrebuildTargetDependencyGraph

Prepare packages

CreateBuildRequest

SendProjectDescription

CreateBuildOperation

ComputeTargetDependencyGraph
note: Building targets in dependency order
note: Target dependency graph (1 target)
    Target 'NEXUSStudyPad' in project 'NEXUSStudyPad' (no dependencies)

GatherProvisioningInputs

CreateBuildDescription

ExecuteExternalTool /Applications/Xcode.app/Contents/Developer/Toolchains/XcodeDefault.xctoolchain/usr/bin/clang -v -E -dM -isysroot /Applications/Xcode.app/Contents/Developer/Platforms/iPhoneSimulator.platform/Developer/SDKs/iPhoneSimulator26.5.sdk -x c -c /dev/null

ExecuteExternalTool /Applications/Xcode.app/Contents/Developer/usr/bin/xcstringstool compile --dry-run --output-directory /Users/mecid/Desktop/OKUL /projeler/NEXUS/NEXUSStudyPad/.build/Phase2HotfixRelease/Build/Intermediates.noindex/NEXUSStudyPad.build/Release-iphonesimulator/NEXUSStudyPad.build /Users/mecid/Desktop/OKUL /projeler/NEXUS/NEXUSStudyPad/NEXUSStudyPad/Resources/Localizable.xcstrings

ExecuteExternalTool /Applications/Xcode.app/Contents/Developer/usr/bin/actool --print-asset-tag-combinations --output-format xml1 /Users/mecid/Desktop/OKUL /projeler/NEXUS/NEXUSStudyPad/NEXUSStudyPad/Resources/Assets.xcassets

ExecuteExternalTool /Applications/Xcode.app/Contents/Developer/usr/bin/actool --version --output-format xml1

ExecuteExternalTool /Applications/Xcode.app/Contents/Developer/Toolchains/XcodeDefault.xctoolchain/usr/bin/swiftc --version

ExecuteExternalTool /Applications/Xcode.app/Contents/Developer/Toolchains/XcodeDefault.xctoolchain/usr/bin/ld -version_details

Build description signature: 7efb73a91ec9faae59fb5e89f91c025c
Build description path: /Users/mecid/Desktop/OKUL /projeler/NEXUS/NEXUSStudyPad/.build/Phase2HotfixRelease/Build/Intermediates.noindex/XCBuildData/7efb73a91ec9faae59fb5e89f91c025c.xcbuilddata
CreateBuildDirectory /Users/mecid/Desktop/OKUL\ /projeler/NEXUS/NEXUSStudyPad/.build/Phase2HotfixRelease/Build/Products
    cd /Users/mecid/Desktop/OKUL\ /projeler/NEXUS/NEXUSStudyPad/NEXUSStudyPad.xcodeproj
    builtin-create-build-directory /Users/mecid/Desktop/OKUL\ /projeler/NEXUS/NEXUSStudyPad/.build/Phase2HotfixRelease/Build/Products

ClangStatCache /Applications/Xcode.app/Contents/Developer/Toolchains/XcodeDefault.xctoolchain/usr/bin/clang-stat-cache /Applications/Xcode.app/Contents/Developer/Platforms/iPhoneSimulator.platform/Developer/SDKs/iPhoneSimulator26.5.sdk /Users/mecid/Desktop/OKUL\ /projeler/NEXUS/NEXUSStudyPad/.build/Phase2HotfixRelease/SDKStatCaches.noindex/iphonesimulator26.5-23F81a-6cfe768891a92b912361537c460fe42b.sdkstatcache
    cd /Users/mecid/Desktop/OKUL\ /projeler/NEXUS/NEXUSStudyPad/NEXUSStudyPad.xcodeproj
    /Applications/Xcode.app/Contents/Developer/Toolchains/XcodeDefault.xctoolchain/usr/bin/clang-stat-cache /Applications/Xcode.app/Contents/Developer/Platforms/iPhoneSimulator.platform/Developer/SDKs/iPhoneSimulator26.5.sdk -o /Users/mecid/Desktop/OKUL\ /projeler/NEXUS/NEXUSStudyPad/.build/Phase2HotfixRelease/SDKStatCaches.noindex/iphonesimulator26.5-23F81a-6cfe768891a92b912361537c460fe42b.sdkstatcache

CreateBuildDirectory /Users/mecid/Desktop/OKUL\ /projeler/NEXUS/NEXUSStudyPad/.build/Phase2HotfixRelease/Build/Intermediates.noindex
    cd /Users/mecid/Desktop/OKUL\ /projeler/NEXUS/NEXUSStudyPad/NEXUSStudyPad.xcodeproj
    builtin-create-build-directory /Users/mecid/Desktop/OKUL\ /projeler/NEXUS/NEXUSStudyPad/.build/Phase2HotfixRelease/Build/Intermediates.noindex

CreateBuildDirectory /Users/mecid/Desktop/OKUL\ /projeler/NEXUS/NEXUSStudyPad/.build/Phase2HotfixRelease/Build/Intermediates.noindex/ExplicitPrecompiledModules
    cd /Users/mecid/Desktop/OKUL\ /projeler/NEXUS/NEXUSStudyPad/NEXUSStudyPad.xcodeproj
    builtin-create-build-directory /Users/mecid/Desktop/OKUL\ /projeler/NEXUS/NEXUSStudyPad/.build/Phase2HotfixRelease/Build/Intermediates.noindex/ExplicitPrecompiledModules

CreateBuildDirectory /Users/mecid/Desktop/OKUL\ /projeler/NEXUS/NEXUSStudyPad/.build/Phase2HotfixRelease/Build/Intermediates.noindex/SwiftExplicitPrecompiledModules
    cd /Users/mecid/Desktop/OKUL\ /projeler/NEXUS/NEXUSStudyPad/NEXUSStudyPad.xcodeproj
    builtin-create-build-directory /Users/mecid/Desktop/OKUL\ /projeler/NEXUS/NEXUSStudyPad/.build/Phase2HotfixRelease/Build/Intermediates.noindex/SwiftExplicitPrecompiledModules

CreateBuildDirectory /Users/mecid/Desktop/OKUL\ /projeler/NEXUS/NEXUSStudyPad/.build/Phase2HotfixRelease/Build/Products/Release-iphonesimulator
    cd /Users/mecid/Desktop/OKUL\ /projeler/NEXUS/NEXUSStudyPad/NEXUSStudyPad.xcodeproj
    builtin-create-build-directory /Users/mecid/Desktop/OKUL\ /projeler/NEXUS/NEXUSStudyPad/.build/Phase2HotfixRelease/Build/Products/Release-iphonesimulator

CreateBuildDirectory /Users/mecid/Desktop/OKUL\ /projeler/NEXUS/NEXUSStudyPad/.build/Phase2HotfixRelease/Build/Intermediates.noindex/EagerLinkingTBDs/Release-iphonesimulator
    cd /Users/mecid/Desktop/OKUL\ /projeler/NEXUS/NEXUSStudyPad/NEXUSStudyPad.xcodeproj
    builtin-create-build-directory /Users/mecid/Desktop/OKUL\ /projeler/NEXUS/NEXUSStudyPad/.build/Phase2HotfixRelease/Build/Intermediates.noindex/EagerLinkingTBDs/Release-iphonesimulator

WriteAuxiliaryFile /Users/mecid/Desktop/OKUL\ /projeler/NEXUS/NEXUSStudyPad/.build/Phase2HotfixRelease/Build/Intermediates.noindex/NEXUSStudyPad.build/Release-iphonesimulator/NEXUSStudyPad-1461429eb36fd68e752e3d5e378957f1-VFS-iphonesimulator/all-product-headers.yaml
    cd /Users/mecid/Desktop/OKUL\ /projeler/NEXUS/NEXUSStudyPad/NEXUSStudyPad.xcodeproj
    write-file /Users/mecid/Desktop/OKUL\ /projeler/NEXUS/NEXUSStudyPad/.build/Phase2HotfixRelease/Build/Intermediates.noindex/NEXUSStudyPad.build/Release-iphonesimulator/NEXUSStudyPad-1461429eb36fd68e752e3d5e378957f1-VFS-iphonesimulator/all-product-headers.yaml

WriteAuxiliaryFile /Users/mecid/Desktop/OKUL\ /projeler/NEXUS/NEXUSStudyPad/.build/Phase2HotfixRelease/Build/Intermediates.noindex/NEXUSStudyPad.build/Release-iphonesimulator/NEXUSStudyPad.build/empty-NEXUSStudyPad.plist (in target 'NEXUSStudyPad' from project 'NEXUSStudyPad')
    cd /Users/mecid/Desktop/OKUL\ /projeler/NEXUS/NEXUSStudyPad
    write-file /Users/mecid/Desktop/OKUL\ /projeler/NEXUS/NEXUSStudyPad/.build/Phase2HotfixRelease/Build/Intermediates.noindex/NEXUSStudyPad.build/Release-iphonesimulator/NEXUSStudyPad.build/empty-NEXUSStudyPad.plist

WriteAuxiliaryFile /Users/mecid/Desktop/OKUL\ /projeler/NEXUS/NEXUSStudyPad/.build/Phase2HotfixRelease/Build/Intermediates.noindex/NEXUSStudyPad.build/Release-iphonesimulator/NEXUSStudyPad.build/Objects-normal/x86_64/NEXUSStudyPad_const_extract_protocols.json (in target 'NEXUSStudyPad' from project 'NEXUSStudyPad')
    cd /Users/mecid/Desktop/OKUL\ /projeler/NEXUS/NEXUSStudyPad
    write-file /Users/mecid/Desktop/OKUL\ /projeler/NEXUS/NEXUSStudyPad/.build/Phase2HotfixRelease/Build/Intermediates.noindex/NEXUSStudyPad.build/Release-iphonesimulator/NEXUSStudyPad.build/Objects-normal/x86_64/NEXUSStudyPad_const_extract_protocols.json

WriteAuxiliaryFile /Users/mecid/Desktop/OKUL\ /projeler/NEXUS/NEXUSStudyPad/.build/Phase2HotfixRelease/Build/Intermediates.noindex/NEXUSStudyPad.build/Release-iphonesimulator/NEXUSStudyPad.build/Objects-normal/x86_64/NEXUSStudyPad.SwiftConstValuesFileList (in target 'NEXUSStudyPad' from project 'NEXUSStudyPad')
    cd /Users/mecid/Desktop/OKUL\ /projeler/NEXUS/NEXUSStudyPad
    write-file /Users/mecid/Desktop/OKUL\ /projeler/NEXUS/NEXUSStudyPad/.build/Phase2HotfixRelease/Build/Intermediates.noindex/NEXUSStudyPad.build/Release-iphonesimulator/NEXUSStudyPad.build/Objects-normal/x86_64/NEXUSStudyPad.SwiftConstValuesFileList

WriteAuxiliaryFile /Users/mecid/Desktop/OKUL\ /projeler/NEXUS/NEXUSStudyPad/.build/Phase2HotfixRelease/Build/Intermediates.noindex/NEXUSStudyPad.build/Release-iphonesimulator/NEXUSStudyPad.build/Objects-normal/x86_64/NEXUSStudyPad.LinkFileList (in target 'NEXUSStudyPad' from project 'NEXUSStudyPad')
    cd /Users/mecid/Desktop/OKUL\ /projeler/NEXUS/NEXUSStudyPad
    write-file /Users/mecid/Desktop/OKUL\ /projeler/NEXUS/NEXUSStudyPad/.build/Phase2HotfixRelease/Build/Intermediates.noindex/NEXUSStudyPad.build/Release-iphonesimulator/NEXUSStudyPad.build/Objects-normal/x86_64/NEXUSStudyPad.LinkFileList

WriteAuxiliaryFile /Users/mecid/Desktop/OKUL\ /projeler/NEXUS/NEXUSStudyPad/.build/Phase2HotfixRelease/Build/Intermediates.noindex/NEXUSStudyPad.build/Release-iphonesimulator/NEXUSStudyPad.build/Objects-normal/arm64/NEXUSStudyPad.LinkFileList (in target 'NEXUSStudyPad' from project 'NEXUSStudyPad')
    cd /Users/mecid/Desktop/OKUL\ /projeler/NEXUS/NEXUSStudyPad
    write-file /Users/mecid/Desktop/OKUL\ /projeler/NEXUS/NEXUSStudyPad/.build/Phase2HotfixRelease/Build/Intermediates.noindex/NEXUSStudyPad.build/Release-iphonesimulator/NEXUSStudyPad.build/Objects-normal/arm64/NEXUSStudyPad.LinkFileList

WriteAuxiliaryFile /Users/mecid/Desktop/OKUL\ /projeler/NEXUS/NEXUSStudyPad/.build/Phase2HotfixRelease/Build/Intermediates.noindex/NEXUSStudyPad.build/Release-iphonesimulator/NEXUSStudyPad.build/Objects-normal/arm64/NEXUSStudyPad.SwiftFileList (in target 'NEXUSStudyPad' from project 'NEXUSStudyPad')
    cd /Users/mecid/Desktop/OKUL\ /projeler/NEXUS/NEXUSStudyPad
    write-file /Users/mecid/Desktop/OKUL\ /projeler/NEXUS/NEXUSStudyPad/.build/Phase2HotfixRelease/Build/Intermediates.noindex/NEXUSStudyPad.build/Release-iphonesimulator/NEXUSStudyPad.build/Objects-normal/arm64/NEXUSStudyPad.SwiftFileList

WriteAuxiliaryFile /Users/mecid/Desktop/OKUL\ /projeler/NEXUS/NEXUSStudyPad/.build/Phase2HotfixRelease/Build/Intermediates.noindex/NEXUSStudyPad.build/Release-iphonesimulator/NEXUSStudyPad.build/Objects-normal/x86_64/NEXUSStudyPad-OutputFileMap.json (in target 'NEXUSStudyPad' from project 'NEXUSStudyPad')
    cd /Users/mecid/Desktop/OKUL\ /projeler/NEXUS/NEXUSStudyPad
    write-file /Users/mecid/Desktop/OKUL\ /projeler/NEXUS/NEXUSStudyPad/.build/Phase2HotfixRelease/Build/Intermediates.noindex/NEXUSStudyPad.build/Release-iphonesimulator/NEXUSStudyPad.build/Objects-normal/x86_64/NEXUSStudyPad-OutputFileMap.json

WriteAuxiliaryFile /Users/mecid/Desktop/OKUL\ /projeler/NEXUS/NEXUSStudyPad/.build/Phase2HotfixRelease/Build/Intermediates.noindex/NEXUSStudyPad.build/Release-iphonesimulator/NEXUSStudyPad.build/Objects-normal/arm64/NEXUSStudyPad-OutputFileMap.json (in target 'NEXUSStudyPad' from project 'NEXUSStudyPad')
    cd /Users/mecid/Desktop/OKUL\ /projeler/NEXUS/NEXUSStudyPad
    write-file /Users/mecid/Desktop/OKUL\ /projeler/NEXUS/NEXUSStudyPad/.build/Phase2HotfixRelease/Build/Intermediates.noindex/NEXUSStudyPad.build/Release-iphonesimulator/NEXUSStudyPad.build/Objects-normal/arm64/NEXUSStudyPad-OutputFileMap.json

WriteAuxiliaryFile /Users/mecid/Desktop/OKUL\ /projeler/NEXUS/NEXUSStudyPad/.build/Phase2HotfixRelease/Build/Intermediates.noindex/NEXUSStudyPad.build/Release-iphonesimulator/NEXUSStudyPad.build/Objects-normal/arm64/NEXUSStudyPad_const_extract_protocols.json (in target 'NEXUSStudyPad' from project 'NEXUSStudyPad')
    cd /Users/mecid/Desktop/OKUL\ /projeler/NEXUS/NEXUSStudyPad
    write-file /Users/mecid/Desktop/OKUL\ /projeler/NEXUS/NEXUSStudyPad/.build/Phase2HotfixRelease/Build/Intermediates.noindex/NEXUSStudyPad.build/Release-iphonesimulator/NEXUSStudyPad.build/Objects-normal/arm64/NEXUSStudyPad_const_extract_protocols.json

WriteAuxiliaryFile /Users/mecid/Desktop/OKUL\ /projeler/NEXUS/NEXUSStudyPad/.build/Phase2HotfixRelease/Build/Intermediates.noindex/NEXUSStudyPad.build/Release-iphonesimulator/NEXUSStudyPad.build/Objects-normal/x86_64/NEXUSStudyPad.SwiftFileList (in target 'NEXUSStudyPad' from project 'NEXUSStudyPad')
    cd /Users/mecid/Desktop/OKUL\ /projeler/NEXUS/NEXUSStudyPad
    write-file /Users/mecid/Desktop/OKUL\ /projeler/NEXUS/NEXUSStudyPad/.build/Phase2HotfixRelease/Build/Intermediates.noindex/NEXUSStudyPad.build/Release-iphonesimulator/NEXUSStudyPad.build/Objects-normal/x86_64/NEXUSStudyPad.SwiftFileList

WriteAuxiliaryFile /Users/mecid/Desktop/OKUL\ /projeler/NEXUS/NEXUSStudyPad/.build/Phase2HotfixRelease/Build/Intermediates.noindex/NEXUSStudyPad.build/Release-iphonesimulator/NEXUSStudyPad.build/Objects-normal/arm64/NEXUSStudyPad.SwiftConstValuesFileList (in target 'NEXUSStudyPad' from project 'NEXUSStudyPad')
    cd /Users/mecid/Desktop/OKUL\ /projeler/NEXUS/NEXUSStudyPad
    write-file /Users/mecid/Desktop/OKUL\ /projeler/NEXUS/NEXUSStudyPad/.build/Phase2HotfixRelease/Build/Intermediates.noindex/NEXUSStudyPad.build/Release-iphonesimulator/NEXUSStudyPad.build/Objects-normal/arm64/NEXUSStudyPad.SwiftConstValuesFileList

WriteAuxiliaryFile /Users/mecid/Desktop/OKUL\ /projeler/NEXUS/NEXUSStudyPad/.build/Phase2HotfixRelease/Build/Intermediates.noindex/NEXUSStudyPad.build/Release-iphonesimulator/NEXUSStudyPad.build/NEXUSStudyPad.DependencyStaticMetadataFileList (in target 'NEXUSStudyPad' from project 'NEXUSStudyPad')
    cd /Users/mecid/Desktop/OKUL\ /projeler/NEXUS/NEXUSStudyPad
    write-file /Users/mecid/Desktop/OKUL\ /projeler/NEXUS/NEXUSStudyPad/.build/Phase2HotfixRelease/Build/Intermediates.noindex/NEXUSStudyPad.build/Release-iphonesimulator/NEXUSStudyPad.build/NEXUSStudyPad.DependencyStaticMetadataFileList

WriteAuxiliaryFile /Users/mecid/Desktop/OKUL\ /projeler/NEXUS/NEXUSStudyPad/.build/Phase2HotfixRelease/Build/Intermediates.noindex/NEXUSStudyPad.build/Release-iphonesimulator/NEXUSStudyPad.build/NEXUSStudyPad.hmap (in target 'NEXUSStudyPad' from project 'NEXUSStudyPad')
    cd /Users/mecid/Desktop/OKUL\ /projeler/NEXUS/NEXUSStudyPad
    write-file /Users/mecid/Desktop/OKUL\ /projeler/NEXUS/NEXUSStudyPad/.build/Phase2HotfixRelease/Build/Intermediates.noindex/NEXUSStudyPad.build/Release-iphonesimulator/NEXUSStudyPad.build/NEXUSStudyPad.hmap

WriteAuxiliaryFile /Users/mecid/Desktop/OKUL\ /projeler/NEXUS/NEXUSStudyPad/.build/Phase2HotfixRelease/Build/Intermediates.noindex/NEXUSStudyPad.build/Release-iphonesimulator/NEXUSStudyPad.build/NEXUSStudyPad.DependencyMetadataFileList (in target 'NEXUSStudyPad' from project 'NEXUSStudyPad')
    cd /Users/mecid/Desktop/OKUL\ /projeler/NEXUS/NEXUSStudyPad
    write-file /Users/mecid/Desktop/OKUL\ /projeler/NEXUS/NEXUSStudyPad/.build/Phase2HotfixRelease/Build/Intermediates.noindex/NEXUSStudyPad.build/Release-iphonesimulator/NEXUSStudyPad.build/NEXUSStudyPad.DependencyMetadataFileList

WriteAuxiliaryFile /Users/mecid/Desktop/OKUL\ /projeler/NEXUS/NEXUSStudyPad/.build/Phase2HotfixRelease/Build/Intermediates.noindex/NEXUSStudyPad.build/Release-iphonesimulator/NEXUSStudyPad.build/NEXUSStudyPad-project-headers.hmap (in target 'NEXUSStudyPad' from project 'NEXUSStudyPad')
    cd /Users/mecid/Desktop/OKUL\ /projeler/NEXUS/NEXUSStudyPad
    write-file /Users/mecid/Desktop/OKUL\ /projeler/NEXUS/NEXUSStudyPad/.build/Phase2HotfixRelease/Build/Intermediates.noindex/NEXUSStudyPad.build/Release-iphonesimulator/NEXUSStudyPad.build/NEXUSStudyPad-project-headers.hmap

WriteAuxiliaryFile /Users/mecid/Desktop/OKUL\ /projeler/NEXUS/NEXUSStudyPad/.build/Phase2HotfixRelease/Build/Intermediates.noindex/NEXUSStudyPad.build/Release-iphonesimulator/NEXUSStudyPad.build/NEXUSStudyPad-own-target-headers.hmap (in target 'NEXUSStudyPad' from project 'NEXUSStudyPad')
    cd /Users/mecid/Desktop/OKUL\ /projeler/NEXUS/NEXUSStudyPad
    write-file /Users/mecid/Desktop/OKUL\ /projeler/NEXUS/NEXUSStudyPad/.build/Phase2HotfixRelease/Build/Intermediates.noindex/NEXUSStudyPad.build/Release-iphonesimulator/NEXUSStudyPad.build/NEXUSStudyPad-own-target-headers.hmap

WriteAuxiliaryFile /Users/mecid/Desktop/OKUL\ /projeler/NEXUS/NEXUSStudyPad/.build/Phase2HotfixRelease/Build/Intermediates.noindex/NEXUSStudyPad.build/Release-iphonesimulator/NEXUSStudyPad.build/NEXUSStudyPad-generated-files.hmap (in target 'NEXUSStudyPad' from project 'NEXUSStudyPad')
    cd /Users/mecid/Desktop/OKUL\ /projeler/NEXUS/NEXUSStudyPad
    write-file /Users/mecid/Desktop/OKUL\ /projeler/NEXUS/NEXUSStudyPad/.build/Phase2HotfixRelease/Build/Intermediates.noindex/NEXUSStudyPad.build/Release-iphonesimulator/NEXUSStudyPad.build/NEXUSStudyPad-generated-files.hmap

WriteAuxiliaryFile /Users/mecid/Desktop/OKUL\ /projeler/NEXUS/NEXUSStudyPad/.build/Phase2HotfixRelease/Build/Intermediates.noindex/NEXUSStudyPad.build/Release-iphonesimulator/NEXUSStudyPad.build/NEXUSStudyPad-all-target-headers.hmap (in target 'NEXUSStudyPad' from project 'NEXUSStudyPad')
    cd /Users/mecid/Desktop/OKUL\ /projeler/NEXUS/NEXUSStudyPad
    write-file /Users/mecid/Desktop/OKUL\ /projeler/NEXUS/NEXUSStudyPad/.build/Phase2HotfixRelease/Build/Intermediates.noindex/NEXUSStudyPad.build/Release-iphonesimulator/NEXUSStudyPad.build/NEXUSStudyPad-all-target-headers.hmap

WriteAuxiliaryFile /Users/mecid/Desktop/OKUL\ /projeler/NEXUS/NEXUSStudyPad/.build/Phase2HotfixRelease/Build/Intermediates.noindex/NEXUSStudyPad.build/Release-iphonesimulator/NEXUSStudyPad.build/NEXUSStudyPad-all-non-framework-target-headers.hmap (in target 'NEXUSStudyPad' from project 'NEXUSStudyPad')
    cd /Users/mecid/Desktop/OKUL\ /projeler/NEXUS/NEXUSStudyPad
    write-file /Users/mecid/Desktop/OKUL\ /projeler/NEXUS/NEXUSStudyPad/.build/Phase2HotfixRelease/Build/Intermediates.noindex/NEXUSStudyPad.build/Release-iphonesimulator/NEXUSStudyPad.build/NEXUSStudyPad-all-non-framework-target-headers.hmap

MkDir /Users/mecid/Desktop/OKUL\ /projeler/NEXUS/NEXUSStudyPad/.build/Phase2HotfixRelease/Build/Products/Release-iphonesimulator/NEXUSStudyPad.app (in target 'NEXUSStudyPad' from project 'NEXUSStudyPad')
    cd /Users/mecid/Desktop/OKUL\ /projeler/NEXUS/NEXUSStudyPad
    /bin/mkdir -p /Users/mecid/Desktop/OKUL\ /projeler/NEXUS/NEXUSStudyPad/.build/Phase2HotfixRelease/Build/Products/Release-iphonesimulator/NEXUSStudyPad.app

MkDir /Users/mecid/Desktop/OKUL\ /projeler/NEXUS/NEXUSStudyPad/.build/Phase2HotfixRelease/Build/Intermediates.noindex/NEXUSStudyPad.build/Release-iphonesimulator/NEXUSStudyPad.build/assetcatalog_output/unthinned (in target 'NEXUSStudyPad' from project 'NEXUSStudyPad')
    cd /Users/mecid/Desktop/OKUL\ /projeler/NEXUS/NEXUSStudyPad
    /bin/mkdir -p /Users/mecid/Desktop/OKUL\ /projeler/NEXUS/NEXUSStudyPad/.build/Phase2HotfixRelease/Build/Intermediates.noindex/NEXUSStudyPad.build/Release-iphonesimulator/NEXUSStudyPad.build/assetcatalog_output/unthinned

GenerateAssetSymbols /Users/mecid/Desktop/OKUL\ /projeler/NEXUS/NEXUSStudyPad/NEXUSStudyPad/Resources/Assets.xcassets (in target 'NEXUSStudyPad' from project 'NEXUSStudyPad')
    cd /Users/mecid/Desktop/OKUL\ /projeler/NEXUS/NEXUSStudyPad
    /Applications/Xcode.app/Contents/Developer/usr/bin/actool /Users/mecid/Desktop/OKUL\ /projeler/NEXUS/NEXUSStudyPad/NEXUSStudyPad/Resources/Assets.xcassets --compile /Users/mecid/Desktop/OKUL\ /projeler/NEXUS/NEXUSStudyPad/.build/Phase2HotfixRelease/Build/Products/Release-iphonesimulator/NEXUSStudyPad.app --output-format human-readable-text --notices --warnings --export-dependency-info /Users/mecid/Desktop/OKUL\ /projeler/NEXUS/NEXUSStudyPad/.build/Phase2HotfixRelease/Build/Intermediates.noindex/NEXUSStudyPad.build/Release-iphonesimulator/NEXUSStudyPad.build/assetcatalog_dependencies --output-partial-info-plist /Users/mecid/Desktop/OKUL\ /projeler/NEXUS/NEXUSStudyPad/.build/Phase2HotfixRelease/Build/Intermediates.noindex/NEXUSStudyPad.build/Release-iphonesimulator/NEXUSStudyPad.build/assetcatalog_generated_info.plist --app-icon AppIcon --accent-color AccentColor --compress-pngs --enable-on-demand-resources YES --development-region tr --target-device ipad --minimum-deployment-target 17.0 --platform iphonesimulator --bundle-identifier com.nexus.studypad --generate-swift-asset-symbol-extensions NO --generate-swift-asset-symbols /Users/mecid/Desktop/OKUL\ /projeler/NEXUS/NEXUSStudyPad/.build/Phase2HotfixRelease/Build/Intermediates.noindex/NEXUSStudyPad.build/Release-iphonesimulator/NEXUSStudyPad.build/DerivedSources/GeneratedAssetSymbols.swift --generate-objc-asset-symbols /Users/mecid/Desktop/OKUL\ /projeler/NEXUS/NEXUSStudyPad/.build/Phase2HotfixRelease/Build/Intermediates.noindex/NEXUSStudyPad.build/Release-iphonesimulator/NEXUSStudyPad.build/DerivedSources/GeneratedAssetSymbols.h --generate-asset-symbol-index /Users/mecid/Desktop/OKUL\ /projeler/NEXUS/NEXUSStudyPad/.build/Phase2HotfixRelease/Build/Intermediates.noindex/NEXUSStudyPad.build/Release-iphonesimulator/NEXUSStudyPad.build/DerivedSources/GeneratedAssetSymbols-Index.plist
/* com.apple.actool.compilation-results */
/Users/mecid/Desktop/OKUL /projeler/NEXUS/NEXUSStudyPad/.build/Phase2HotfixRelease/Build/Intermediates.noindex/NEXUSStudyPad.build/Release-iphonesimulator/NEXUSStudyPad.build/DerivedSources/GeneratedAssetSymbols-Index.plist
/Users/mecid/Desktop/OKUL /projeler/NEXUS/NEXUSStudyPad/.build/Phase2HotfixRelease/Build/Intermediates.noindex/NEXUSStudyPad.build/Release-iphonesimulator/NEXUSStudyPad.build/DerivedSources/GeneratedAssetSymbols.h
/Users/mecid/Desktop/OKUL /projeler/NEXUS/NEXUSStudyPad/.build/Phase2HotfixRelease/Build/Intermediates.noindex/NEXUSStudyPad.build/Release-iphonesimulator/NEXUSStudyPad.build/DerivedSources/GeneratedAssetSymbols.swift


MkDir /Users/mecid/Desktop/OKUL\ /projeler/NEXUS/NEXUSStudyPad/.build/Phase2HotfixRelease/Build/Intermediates.noindex/NEXUSStudyPad.build/Release-iphonesimulator/NEXUSStudyPad.build/assetcatalog_output/thinned (in target 'NEXUSStudyPad' from project 'NEXUSStudyPad')
    cd /Users/mecid/Desktop/OKUL\ /projeler/NEXUS/NEXUSStudyPad
    /bin/mkdir -p /Users/mecid/Desktop/OKUL\ /projeler/NEXUS/NEXUSStudyPad/.build/Phase2HotfixRelease/Build/Intermediates.noindex/NEXUSStudyPad.build/Release-iphonesimulator/NEXUSStudyPad.build/assetcatalog_output/thinned

CompileXCStrings /Users/mecid/Desktop/OKUL\ /projeler/NEXUS/NEXUSStudyPad/.build/Phase2HotfixRelease/Build/Intermediates.noindex/NEXUSStudyPad.build/Release-iphonesimulator/NEXUSStudyPad.build/ /Users/mecid/Desktop/OKUL\ /projeler/NEXUS/NEXUSStudyPad/NEXUSStudyPad/Resources/Localizable.xcstrings (in target 'NEXUSStudyPad' from project 'NEXUSStudyPad')
    cd /Users/mecid/Desktop/OKUL\ /projeler/NEXUS/NEXUSStudyPad
    /Applications/Xcode.app/Contents/Developer/usr/bin/xcstringstool compile --output-directory /Users/mecid/Desktop/OKUL\ /projeler/NEXUS/NEXUSStudyPad/.build/Phase2HotfixRelease/Build/Intermediates.noindex/NEXUSStudyPad.build/Release-iphonesimulator/NEXUSStudyPad.build /Users/mecid/Desktop/OKUL\ /projeler/NEXUS/NEXUSStudyPad/NEXUSStudyPad/Resources/Localizable.xcstrings

CompileAssetCatalogVariant thinned /Users/mecid/Desktop/OKUL\ /projeler/NEXUS/NEXUSStudyPad/.build/Phase2HotfixRelease/Build/Products/Release-iphonesimulator/NEXUSStudyPad.app /Users/mecid/Desktop/OKUL\ /projeler/NEXUS/NEXUSStudyPad/NEXUSStudyPad/Resources/Assets.xcassets (in target 'NEXUSStudyPad' from project 'NEXUSStudyPad')
    cd /Users/mecid/Desktop/OKUL\ /projeler/NEXUS/NEXUSStudyPad
    /Applications/Xcode.app/Contents/Developer/usr/bin/actool /Users/mecid/Desktop/OKUL\ /projeler/NEXUS/NEXUSStudyPad/NEXUSStudyPad/Resources/Assets.xcassets --compile /Users/mecid/Desktop/OKUL\ /projeler/NEXUS/NEXUSStudyPad/.build/Phase2HotfixRelease/Build/Intermediates.noindex/NEXUSStudyPad.build/Release-iphonesimulator/NEXUSStudyPad.build/assetcatalog_output/thinned --output-format human-readable-text --notices --warnings --export-dependency-info /Users/mecid/Desktop/OKUL\ /projeler/NEXUS/NEXUSStudyPad/.build/Phase2HotfixRelease/Build/Intermediates.noindex/NEXUSStudyPad.build/Release-iphonesimulator/NEXUSStudyPad.build/assetcatalog_dependencies_thinned --output-partial-info-plist /Users/mecid/Desktop/OKUL\ /projeler/NEXUS/NEXUSStudyPad/.build/Phase2HotfixRelease/Build/Intermediates.noindex/NEXUSStudyPad.build/Release-iphonesimulator/NEXUSStudyPad.build/assetcatalog_generated_info.plist_thinned --app-icon AppIcon --accent-color AccentColor --compress-pngs --enable-on-demand-resources YES --development-region tr --target-device ipad --minimum-deployment-target 17.0 --platform iphonesimulator
/* com.apple.actool.compilation-results */
/Users/mecid/Desktop/OKUL /projeler/NEXUS/NEXUSStudyPad/.build/Phase2HotfixRelease/Build/Intermediates.noindex/NEXUSStudyPad.build/Release-iphonesimulator/NEXUSStudyPad.build/assetcatalog_generated_info.plist_thinned
/Users/mecid/Desktop/OKUL /projeler/NEXUS/NEXUSStudyPad/.build/Phase2HotfixRelease/Build/Intermediates.noindex/NEXUSStudyPad.build/Release-iphonesimulator/NEXUSStudyPad.build/assetcatalog_output/thinned/AppIcon60x60@2x.png
/Users/mecid/Desktop/OKUL /projeler/NEXUS/NEXUSStudyPad/.build/Phase2HotfixRelease/Build/Intermediates.noindex/NEXUSStudyPad.build/Release-iphonesimulator/NEXUSStudyPad.build/assetcatalog_output/thinned/AppIcon76x76@2x~ipad.png
/Users/mecid/Desktop/OKUL /projeler/NEXUS/NEXUSStudyPad/.build/Phase2HotfixRelease/Build/Intermediates.noindex/NEXUSStudyPad.build/Release-iphonesimulator/NEXUSStudyPad.build/assetcatalog_output/thinned/Assets.car


CopyStringsFile /Users/mecid/Desktop/OKUL\ /projeler/NEXUS/NEXUSStudyPad/.build/Phase2HotfixRelease/Build/Products/Release-iphonesimulator/NEXUSStudyPad.app/en.lproj/Localizable.strings /Users/mecid/Desktop/OKUL\ /projeler/NEXUS/NEXUSStudyPad/.build/Phase2HotfixRelease/Build/Intermediates.noindex/NEXUSStudyPad.build/Release-iphonesimulator/NEXUSStudyPad.build/en.lproj/Localizable.strings (in target 'NEXUSStudyPad' from project 'NEXUSStudyPad')
    cd /Users/mecid/Desktop/OKUL\ /projeler/NEXUS/NEXUSStudyPad
    builtin-copyStrings --validate --outputencoding binary --outfilename Localizable.strings --outdir /Users/mecid/Desktop/OKUL\ /projeler/NEXUS/NEXUSStudyPad/.build/Phase2HotfixRelease/Build/Products/Release-iphonesimulator/NEXUSStudyPad.app/en.lproj -- /Users/mecid/Desktop/OKUL\ /projeler/NEXUS/NEXUSStudyPad/.build/Phase2HotfixRelease/Build/Intermediates.noindex/NEXUSStudyPad.build/Release-iphonesimulator/NEXUSStudyPad.build/en.lproj/Localizable.strings
/Users/mecid/Desktop/OKUL /projeler/NEXUS/NEXUSStudyPad/.build/Phase2HotfixRelease/Build/Intermediates.noindex/NEXUSStudyPad.build/Release-iphonesimulator/NEXUSStudyPad.build/en.lproj/Localizable.strings:1:1: note: detected encoding of input file as Unicode (UTF-8) (in target 'NEXUSStudyPad' from project 'NEXUSStudyPad')

CopyStringsFile /Users/mecid/Desktop/OKUL\ /projeler/NEXUS/NEXUSStudyPad/.build/Phase2HotfixRelease/Build/Products/Release-iphonesimulator/NEXUSStudyPad.app/ar.lproj/Localizable.strings /Users/mecid/Desktop/OKUL\ /projeler/NEXUS/NEXUSStudyPad/.build/Phase2HotfixRelease/Build/Intermediates.noindex/NEXUSStudyPad.build/Release-iphonesimulator/NEXUSStudyPad.build/ar.lproj/Localizable.strings (in target 'NEXUSStudyPad' from project 'NEXUSStudyPad')
    cd /Users/mecid/Desktop/OKUL\ /projeler/NEXUS/NEXUSStudyPad
    builtin-copyStrings --validate --outputencoding binary --outfilename Localizable.strings --outdir /Users/mecid/Desktop/OKUL\ /projeler/NEXUS/NEXUSStudyPad/.build/Phase2HotfixRelease/Build/Products/Release-iphonesimulator/NEXUSStudyPad.app/ar.lproj -- /Users/mecid/Desktop/OKUL\ /projeler/NEXUS/NEXUSStudyPad/.build/Phase2HotfixRelease/Build/Intermediates.noindex/NEXUSStudyPad.build/Release-iphonesimulator/NEXUSStudyPad.build/ar.lproj/Localizable.strings
/Users/mecid/Desktop/OKUL /projeler/NEXUS/NEXUSStudyPad/.build/Phase2HotfixRelease/Build/Intermediates.noindex/NEXUSStudyPad.build/Release-iphonesimulator/NEXUSStudyPad.build/ar.lproj/Localizable.strings:1:1: note: detected encoding of input file as Unicode (UTF-8) (in target 'NEXUSStudyPad' from project 'NEXUSStudyPad')

SwiftDriver NEXUSStudyPad normal x86_64 com.apple.xcode.tools.swift.compiler (in target 'NEXUSStudyPad' from project 'NEXUSStudyPad')
    cd /Users/mecid/Desktop/OKUL\ /projeler/NEXUS/NEXUSStudyPad
    builtin-SwiftDriver -- /Applications/Xcode.app/Contents/Developer/Toolchains/XcodeDefault.xctoolchain/usr/bin/swiftc -module-name NEXUSStudyPad -O -whole-module-optimization @/Users/mecid/Desktop/OKUL\ /projeler/NEXUS/NEXUSStudyPad/.build/Phase2HotfixRelease/Build/Intermediates.noindex/NEXUSStudyPad.build/Release-iphonesimulator/NEXUSStudyPad.build/Objects-normal/x86_64/NEXUSStudyPad.SwiftFileList -strict-concurrency\=targeted -enable-bare-slash-regex -enable-experimental-feature DebugDescriptionMacro -sdk /Applications/Xcode.app/Contents/Developer/Platforms/iPhoneSimulator.platform/Developer/SDKs/iPhoneSimulator26.5.sdk -target x86_64-apple-ios17.0-simulator -g -module-cache-path /Users/mecid/Desktop/OKUL\ /projeler/NEXUS/NEXUSStudyPad/.build/Phase2HotfixRelease/ModuleCache.noindex -Xfrontend -serialize-debugging-options -swift-version 5 -I /Users/mecid/Desktop/OKUL\ /projeler/NEXUS/NEXUSStudyPad/.build/Phase2HotfixRelease/Build/Products/Release-iphonesimulator -F /Users/mecid/Desktop/OKUL\ /projeler/NEXUS/NEXUSStudyPad/.build/Phase2HotfixRelease/Build/Products/Release-iphonesimulator -emit-localized-strings -emit-localized-strings-path /Users/mecid/Desktop/OKUL\ /projeler/NEXUS/NEXUSStudyPad/.build/Phase2HotfixRelease/Build/Intermediates.noindex/NEXUSStudyPad.build/Release-iphonesimulator/NEXUSStudyPad.build/Objects-normal/x86_64 -c -num-threads 11 -Xcc -ivfsstatcache -Xcc /Users/mecid/Desktop/OKUL\ /projeler/NEXUS/NEXUSStudyPad/.build/Phase2HotfixRelease/SDKStatCaches.noindex/iphonesimulator26.5-23F81a-6cfe768891a92b912361537c460fe42b.sdkstatcache -output-file-map /Users/mecid/Desktop/OKUL\ /projeler/NEXUS/NEXUSStudyPad/.build/Phase2HotfixRelease/Build/Intermediates.noindex/NEXUSStudyPad.build/Release-iphonesimulator/NEXUSStudyPad.build/Objects-normal/x86_64/NEXUSStudyPad-OutputFileMap.json -use-frontend-parseable-output -save-temps -no-color-diagnostics -explicit-module-build -module-cache-path /Users/mecid/Desktop/OKUL\ /projeler/NEXUS/NEXUSStudyPad/.build/Phase2HotfixRelease/Build/Intermediates.noindex/SwiftExplicitPrecompiledModules -clang-scanner-module-cache-path /Users/mecid/Desktop/OKUL\ /projeler/NEXUS/NEXUSStudyPad/.build/Phase2HotfixRelease/ModuleCache.noindex -sdk-module-cache-path /Users/mecid/Desktop/OKUL\ /projeler/NEXUS/NEXUSStudyPad/.build/Phase2HotfixRelease/ModuleCache.noindex -serialize-diagnostics -emit-dependencies -emit-module -emit-module-path /Users/mecid/Desktop/OKUL\ /projeler/NEXUS/NEXUSStudyPad/.build/Phase2HotfixRelease/Build/Intermediates.noindex/NEXUSStudyPad.build/Release-iphonesimulator/NEXUSStudyPad.build/Objects-normal/x86_64/NEXUSStudyPad.swiftmodule -validate-clang-modules-once -clang-build-session-file /Users/mecid/Desktop/OKUL\ /projeler/NEXUS/NEXUSStudyPad/.build/Phase2HotfixRelease/ModuleCache.noindex/Session.modulevalidation -Xcc -I/Users/mecid/Desktop/OKUL\ /projeler/NEXUS/NEXUSStudyPad/.build/Phase2HotfixRelease/Build/Intermediates.noindex/NEXUSStudyPad.build/Release-iphonesimulator/NEXUSStudyPad.build/swift-overrides.hmap -emit-const-values -Xfrontend -const-gather-protocols-file -Xfrontend /Users/mecid/Desktop/OKUL\ /projeler/NEXUS/NEXUSStudyPad/.build/Phase2HotfixRelease/Build/Intermediates.noindex/NEXUSStudyPad.build/Release-iphonesimulator/NEXUSStudyPad.build/Objects-normal/x86_64/NEXUSStudyPad_const_extract_protocols.json -Xcc -iquote -Xcc /Users/mecid/Desktop/OKUL\ /projeler/NEXUS/NEXUSStudyPad/.build/Phase2HotfixRelease/Build/Intermediates.noindex/NEXUSStudyPad.build/Release-iphonesimulator/NEXUSStudyPad.build/NEXUSStudyPad-generated-files.hmap -Xcc -I/Users/mecid/Desktop/OKUL\ /projeler/NEXUS/NEXUSStudyPad/.build/Phase2HotfixRelease/Build/Intermediates.noindex/NEXUSStudyPad.build/Release-iphonesimulator/NEXUSStudyPad.build/NEXUSStudyPad-own-target-headers.hmap -Xcc -I/Users/mecid/Desktop/OKUL\ /projeler/NEXUS/NEXUSStudyPad/.build/Phase2HotfixRelease/Build/Intermediates.noindex/NEXUSStudyPad.build/Release-iphonesimulator/NEXUSStudyPad.build/NEXUSStudyPad-all-target-headers.hmap -Xcc -iquote -Xcc /Users/mecid/Desktop/OKUL\ /projeler/NEXUS/NEXUSStudyPad/.build/Phase2HotfixRelease/Build/Intermediates.noindex/NEXUSStudyPad.build/Release-iphonesimulator/NEXUSStudyPad.build/NEXUSStudyPad-project-headers.hmap -Xcc -I/Users/mecid/Desktop/OKUL\ /projeler/NEXUS/NEXUSStudyPad/.build/Phase2HotfixRelease/Build/Products/Release-iphonesimulator/include -Xcc -I/Users/mecid/Desktop/OKUL\ /projeler/NEXUS/NEXUSStudyPad/.build/Phase2HotfixRelease/Build/Intermediates.noindex/NEXUSStudyPad.build/Release-iphonesimulator/NEXUSStudyPad.build/DerivedSources-normal/x86_64 -Xcc -I/Users/mecid/Desktop/OKUL\ /projeler/NEXUS/NEXUSStudyPad/.build/Phase2HotfixRelease/Build/Intermediates.noindex/NEXUSStudyPad.build/Release-iphonesimulator/NEXUSStudyPad.build/DerivedSources/x86_64 -Xcc -I/Users/mecid/Desktop/OKUL\ /projeler/NEXUS/NEXUSStudyPad/.build/Phase2HotfixRelease/Build/Intermediates.noindex/NEXUSStudyPad.build/Release-iphonesimulator/NEXUSStudyPad.build/DerivedSources -emit-objc-header -emit-objc-header-path /Users/mecid/Desktop/OKUL\ /projeler/NEXUS/NEXUSStudyPad/.build/Phase2HotfixRelease/Build/Intermediates.noindex/NEXUSStudyPad.build/Release-iphonesimulator/NEXUSStudyPad.build/Objects-normal/x86_64/NEXUSStudyPad-Swift.h -working-directory /Users/mecid/Desktop/OKUL\ /projeler/NEXUS/NEXUSStudyPad -no-emit-module-separately-wmo

SwiftDriver NEXUSStudyPad normal arm64 com.apple.xcode.tools.swift.compiler (in target 'NEXUSStudyPad' from project 'NEXUSStudyPad')
    cd /Users/mecid/Desktop/OKUL\ /projeler/NEXUS/NEXUSStudyPad
    builtin-SwiftDriver -- /Applications/Xcode.app/Contents/Developer/Toolchains/XcodeDefault.xctoolchain/usr/bin/swiftc -module-name NEXUSStudyPad -O -whole-module-optimization @/Users/mecid/Desktop/OKUL\ /projeler/NEXUS/NEXUSStudyPad/.build/Phase2HotfixRelease/Build/Intermediates.noindex/NEXUSStudyPad.build/Release-iphonesimulator/NEXUSStudyPad.build/Objects-normal/arm64/NEXUSStudyPad.SwiftFileList -strict-concurrency\=targeted -enable-bare-slash-regex -enable-experimental-feature DebugDescriptionMacro -sdk /Applications/Xcode.app/Contents/Developer/Platforms/iPhoneSimulator.platform/Developer/SDKs/iPhoneSimulator26.5.sdk -target arm64-apple-ios17.0-simulator -g -module-cache-path /Users/mecid/Desktop/OKUL\ /projeler/NEXUS/NEXUSStudyPad/.build/Phase2HotfixRelease/ModuleCache.noindex -Xfrontend -serialize-debugging-options -swift-version 5 -I /Users/mecid/Desktop/OKUL\ /projeler/NEXUS/NEXUSStudyPad/.build/Phase2HotfixRelease/Build/Products/Release-iphonesimulator -F /Users/mecid/Desktop/OKUL\ /projeler/NEXUS/NEXUSStudyPad/.build/Phase2HotfixRelease/Build/Products/Release-iphonesimulator -emit-localized-strings -emit-localized-strings-path /Users/mecid/Desktop/OKUL\ /projeler/NEXUS/NEXUSStudyPad/.build/Phase2HotfixRelease/Build/Intermediates.noindex/NEXUSStudyPad.build/Release-iphonesimulator/NEXUSStudyPad.build/Objects-normal/arm64 -c -num-threads 11 -Xcc -ivfsstatcache -Xcc /Users/mecid/Desktop/OKUL\ /projeler/NEXUS/NEXUSStudyPad/.build/Phase2HotfixRelease/SDKStatCaches.noindex/iphonesimulator26.5-23F81a-6cfe768891a92b912361537c460fe42b.sdkstatcache -output-file-map /Users/mecid/Desktop/OKUL\ /projeler/NEXUS/NEXUSStudyPad/.build/Phase2HotfixRelease/Build/Intermediates.noindex/NEXUSStudyPad.build/Release-iphonesimulator/NEXUSStudyPad.build/Objects-normal/arm64/NEXUSStudyPad-OutputFileMap.json -use-frontend-parseable-output -save-temps -no-color-diagnostics -explicit-module-build -module-cache-path /Users/mecid/Desktop/OKUL\ /projeler/NEXUS/NEXUSStudyPad/.build/Phase2HotfixRelease/Build/Intermediates.noindex/SwiftExplicitPrecompiledModules -clang-scanner-module-cache-path /Users/mecid/Desktop/OKUL\ /projeler/NEXUS/NEXUSStudyPad/.build/Phase2HotfixRelease/ModuleCache.noindex -sdk-module-cache-path /Users/mecid/Desktop/OKUL\ /projeler/NEXUS/NEXUSStudyPad/.build/Phase2HotfixRelease/ModuleCache.noindex -serialize-diagnostics -emit-dependencies -emit-module -emit-module-path /Users/mecid/Desktop/OKUL\ /projeler/NEXUS/NEXUSStudyPad/.build/Phase2HotfixRelease/Build/Intermediates.noindex/NEXUSStudyPad.build/Release-iphonesimulator/NEXUSStudyPad.build/Objects-normal/arm64/NEXUSStudyPad.swiftmodule -validate-clang-modules-once -clang-build-session-file /Users/mecid/Desktop/OKUL\ /projeler/NEXUS/NEXUSStudyPad/.build/Phase2HotfixRelease/ModuleCache.noindex/Session.modulevalidation -Xcc -I/Users/mecid/Desktop/OKUL\ /projeler/NEXUS/NEXUSStudyPad/.build/Phase2HotfixRelease/Build/Intermediates.noindex/NEXUSStudyPad.build/Release-iphonesimulator/NEXUSStudyPad.build/swift-overrides.hmap -emit-const-values -Xfrontend -const-gather-protocols-file -Xfrontend /Users/mecid/Desktop/OKUL\ /projeler/NEXUS/NEXUSStudyPad/.build/Phase2HotfixRelease/Build/Intermediates.noindex/NEXUSStudyPad.build/Release-iphonesimulator/NEXUSStudyPad.build/Objects-normal/arm64/NEXUSStudyPad_const_extract_protocols.json -Xcc -iquote -Xcc /Users/mecid/Desktop/OKUL\ /projeler/NEXUS/NEXUSStudyPad/.build/Phase2HotfixRelease/Build/Intermediates.noindex/NEXUSStudyPad.build/Release-iphonesimulator/NEXUSStudyPad.build/NEXUSStudyPad-generated-files.hmap -Xcc -I/Users/mecid/Desktop/OKUL\ /projeler/NEXUS/NEXUSStudyPad/.build/Phase2HotfixRelease/Build/Intermediates.noindex/NEXUSStudyPad.build/Release-iphonesimulator/NEXUSStudyPad.build/NEXUSStudyPad-own-target-headers.hmap -Xcc -I/Users/mecid/Desktop/OKUL\ /projeler/NEXUS/NEXUSStudyPad/.build/Phase2HotfixRelease/Build/Intermediates.noindex/NEXUSStudyPad.build/Release-iphonesimulator/NEXUSStudyPad.build/NEXUSStudyPad-all-target-headers.hmap -Xcc -iquote -Xcc /Users/mecid/Desktop/OKUL\ /projeler/NEXUS/NEXUSStudyPad/.build/Phase2HotfixRelease/Build/Intermediates.noindex/NEXUSStudyPad.build/Release-iphonesimulator/NEXUSStudyPad.build/NEXUSStudyPad-project-headers.hmap -Xcc -I/Users/mecid/Desktop/OKUL\ /projeler/NEXUS/NEXUSStudyPad/.build/Phase2HotfixRelease/Build/Products/Release-iphonesimulator/include -Xcc -I/Users/mecid/Desktop/OKUL\ /projeler/NEXUS/NEXUSStudyPad/.build/Phase2HotfixRelease/Build/Intermediates.noindex/NEXUSStudyPad.build/Release-iphonesimulator/NEXUSStudyPad.build/DerivedSources-normal/arm64 -Xcc -I/Users/mecid/Desktop/OKUL\ /projeler/NEXUS/NEXUSStudyPad/.build/Phase2HotfixRelease/Build/Intermediates.noindex/NEXUSStudyPad.build/Release-iphonesimulator/NEXUSStudyPad.build/DerivedSources/arm64 -Xcc -I/Users/mecid/Desktop/OKUL\ /projeler/NEXUS/NEXUSStudyPad/.build/Phase2HotfixRelease/Build/Intermediates.noindex/NEXUSStudyPad.build/Release-iphonesimulator/NEXUSStudyPad.build/DerivedSources -emit-objc-header -emit-objc-header-path /Users/mecid/Desktop/OKUL\ /projeler/NEXUS/NEXUSStudyPad/.build/Phase2HotfixRelease/Build/Intermediates.noindex/NEXUSStudyPad.build/Release-iphonesimulator/NEXUSStudyPad.build/Objects-normal/arm64/NEXUSStudyPad-Swift.h -working-directory /Users/mecid/Desktop/OKUL\ /projeler/NEXUS/NEXUSStudyPad -no-emit-module-separately-wmo

SwiftDriver\ Compilation NEXUSStudyPad normal x86_64 com.apple.xcode.tools.swift.compiler (in target 'NEXUSStudyPad' from project 'NEXUSStudyPad')
    cd /Users/mecid/Desktop/OKUL\ /projeler/NEXUS/NEXUSStudyPad
    builtin-Swift-Compilation -- /Applications/Xcode.app/Contents/Developer/Toolchains/XcodeDefault.xctoolchain/usr/bin/swiftc -module-name NEXUSStudyPad -O -whole-module-optimization @/Users/mecid/Desktop/OKUL\ /projeler/NEXUS/NEXUSStudyPad/.build/Phase2HotfixRelease/Build/Intermediates.noindex/NEXUSStudyPad.build/Release-iphonesimulator/NEXUSStudyPad.build/Objects-normal/x86_64/NEXUSStudyPad.SwiftFileList -strict-concurrency\=targeted -enable-bare-slash-regex -enable-experimental-feature DebugDescriptionMacro -sdk /Applications/Xcode.app/Contents/Developer/Platforms/iPhoneSimulator.platform/Developer/SDKs/iPhoneSimulator26.5.sdk -target x86_64-apple-ios17.0-simulator -g -module-cache-path /Users/mecid/Desktop/OKUL\ /projeler/NEXUS/NEXUSStudyPad/.build/Phase2HotfixRelease/ModuleCache.noindex -Xfrontend -serialize-debugging-options -swift-version 5 -I /Users/mecid/Desktop/OKUL\ /projeler/NEXUS/NEXUSStudyPad/.build/Phase2HotfixRelease/Build/Products/Release-iphonesimulator -F /Users/mecid/Desktop/OKUL\ /projeler/NEXUS/NEXUSStudyPad/.build/Phase2HotfixRelease/Build/Products/Release-iphonesimulator -emit-localized-strings -emit-localized-strings-path /Users/mecid/Desktop/OKUL\ /projeler/NEXUS/NEXUSStudyPad/.build/Phase2HotfixRelease/Build/Intermediates.noindex/NEXUSStudyPad.build/Release-iphonesimulator/NEXUSStudyPad.build/Objects-normal/x86_64 -c -num-threads 11 -Xcc -ivfsstatcache -Xcc /Users/mecid/Desktop/OKUL\ /projeler/NEXUS/NEXUSStudyPad/.build/Phase2HotfixRelease/SDKStatCaches.noindex/iphonesimulator26.5-23F81a-6cfe768891a92b912361537c460fe42b.sdkstatcache -output-file-map /Users/mecid/Desktop/OKUL\ /projeler/NEXUS/NEXUSStudyPad/.build/Phase2HotfixRelease/Build/Intermediates.noindex/NEXUSStudyPad.build/Release-iphonesimulator/NEXUSStudyPad.build/Objects-normal/x86_64/NEXUSStudyPad-OutputFileMap.json -use-frontend-parseable-output -save-temps -no-color-diagnostics -explicit-module-build -module-cache-path /Users/mecid/Desktop/OKUL\ /projeler/NEXUS/NEXUSStudyPad/.build/Phase2HotfixRelease/Build/Intermediates.noindex/SwiftExplicitPrecompiledModules -clang-scanner-module-cache-path /Users/mecid/Desktop/OKUL\ /projeler/NEXUS/NEXUSStudyPad/.build/Phase2HotfixRelease/ModuleCache.noindex -sdk-module-cache-path /Users/mecid/Desktop/OKUL\ /projeler/NEXUS/NEXUSStudyPad/.build/Phase2HotfixRelease/ModuleCache.noindex -serialize-diagnostics -emit-dependencies -emit-module -emit-module-path /Users/mecid/Desktop/OKUL\ /projeler/NEXUS/NEXUSStudyPad/.build/Phase2HotfixRelease/Build/Intermediates.noindex/NEXUSStudyPad.build/Release-iphonesimulator/NEXUSStudyPad.build/Objects-normal/x86_64/NEXUSStudyPad.swiftmodule -validate-clang-modules-once -clang-build-session-file /Users/mecid/Desktop/OKUL\ /projeler/NEXUS/NEXUSStudyPad/.build/Phase2HotfixRelease/ModuleCache.noindex/Session.modulevalidation -Xcc -I/Users/mecid/Desktop/OKUL\ /projeler/NEXUS/NEXUSStudyPad/.build/Phase2HotfixRelease/Build/Intermediates.noindex/NEXUSStudyPad.build/Release-iphonesimulator/NEXUSStudyPad.build/swift-overrides.hmap -emit-const-values -Xfrontend -const-gather-protocols-file -Xfrontend /Users/mecid/Desktop/OKUL\ /projeler/NEXUS/NEXUSStudyPad/.build/Phase2HotfixRelease/Build/Intermediates.noindex/NEXUSStudyPad.build/Release-iphonesimulator/NEXUSStudyPad.build/Objects-normal/x86_64/NEXUSStudyPad_const_extract_protocols.json -Xcc -iquote -Xcc /Users/mecid/Desktop/OKUL\ /projeler/NEXUS/NEXUSStudyPad/.build/Phase2HotfixRelease/Build/Intermediates.noindex/NEXUSStudyPad.build/Release-iphonesimulator/NEXUSStudyPad.build/NEXUSStudyPad-generated-files.hmap -Xcc -I/Users/mecid/Desktop/OKUL\ /projeler/NEXUS/NEXUSStudyPad/.build/Phase2HotfixRelease/Build/Intermediates.noindex/NEXUSStudyPad.build/Release-iphonesimulator/NEXUSStudyPad.build/NEXUSStudyPad-own-target-headers.hmap -Xcc -I/Users/mecid/Desktop/OKUL\ /projeler/NEXUS/NEXUSStudyPad/.build/Phase2HotfixRelease/Build/Intermediates.noindex/NEXUSStudyPad.build/Release-iphonesimulator/NEXUSStudyPad.build/NEXUSStudyPad-all-target-headers.hmap -Xcc -iquote -Xcc /Users/mecid/Desktop/OKUL\ /projeler/NEXUS/NEXUSStudyPad/.build/Phase2HotfixRelease/Build/Intermediates.noindex/NEXUSStudyPad.build/Release-iphonesimulator/NEXUSStudyPad.build/NEXUSStudyPad-project-headers.hmap -Xcc -I/Users/mecid/Desktop/OKUL\ /projeler/NEXUS/NEXUSStudyPad/.build/Phase2HotfixRelease/Build/Products/Release-iphonesimulator/include -Xcc -I/Users/mecid/Desktop/OKUL\ /projeler/NEXUS/NEXUSStudyPad/.build/Phase2HotfixRelease/Build/Intermediates.noindex/NEXUSStudyPad.build/Release-iphonesimulator/NEXUSStudyPad.build/DerivedSources-normal/x86_64 -Xcc -I/Users/mecid/Desktop/OKUL\ /projeler/NEXUS/NEXUSStudyPad/.build/Phase2HotfixRelease/Build/Intermediates.noindex/NEXUSStudyPad.build/Release-iphonesimulator/NEXUSStudyPad.build/DerivedSources/x86_64 -Xcc -I/Users/mecid/Desktop/OKUL\ /projeler/NEXUS/NEXUSStudyPad/.build/Phase2HotfixRelease/Build/Intermediates.noindex/NEXUSStudyPad.build/Release-iphonesimulator/NEXUSStudyPad.build/DerivedSources -emit-objc-header -emit-objc-header-path /Users/mecid/Desktop/OKUL\ /projeler/NEXUS/NEXUSStudyPad/.build/Phase2HotfixRelease/Build/Intermediates.noindex/NEXUSStudyPad.build/Release-iphonesimulator/NEXUSStudyPad.build/Objects-normal/x86_64/NEXUSStudyPad-Swift.h -working-directory /Users/mecid/Desktop/OKUL\ /projeler/NEXUS/NEXUSStudyPad -no-emit-module-separately-wmo

SwiftExplicitDependencyGeneratePcm x86_64 /Users/mecid/Desktop/OKUL\ /projeler/NEXUS/NEXUSStudyPad/.build/Phase2HotfixRelease/ModuleCache.noindex/DeveloperToolsSupport-9XE4ISQPZZ4FDXTRYH79N6JYK.pcm

SwiftExplicitDependencyGeneratePcm x86_64 /Users/mecid/Desktop/OKUL\ /projeler/NEXUS/NEXUSStudyPad/.build/Phase2HotfixRelease/ModuleCache.noindex/_Builtin_stdarg-3FAY38CSSPTS15V0VMMXAC7NP.pcm

SwiftExplicitDependencyGeneratePcm x86_64 /Users/mecid/Desktop/OKUL\ /projeler/NEXUS/NEXUSStudyPad/.build/Phase2HotfixRelease/ModuleCache.noindex/ptrcheck-6E0U6DF9PWWEB65IOH3Q5JZR.pcm

SwiftExplicitDependencyGeneratePcm x86_64 /Users/mecid/Desktop/OKUL\ /projeler/NEXUS/NEXUSStudyPad/.build/Phase2HotfixRelease/ModuleCache.noindex/ptrauth-ADGX7PDN8W053JTIJ8XAKDR7F.pcm

SwiftExplicitDependencyGeneratePcm x86_64 /Users/mecid/Desktop/OKUL\ /projeler/NEXUS/NEXUSStudyPad/.build/Phase2HotfixRelease/ModuleCache.noindex/_Builtin_stddef-90R4P7H84IQAVB5XYM6877FLO.pcm

SwiftExplicitDependencyGeneratePcm x86_64 /Users/mecid/Desktop/OKUL\ /projeler/NEXUS/NEXUSStudyPad/.build/Phase2HotfixRelease/ModuleCache.noindex/SwiftShims-6TO2M5G0UOJD2SCIVQ2RG18HP.pcm

SwiftExplicitDependencyGeneratePcm x86_64 /Users/mecid/Desktop/OKUL\ /projeler/NEXUS/NEXUSStudyPad/.build/Phase2HotfixRelease/ModuleCache.noindex/_SwiftConcurrencyShims-38Z8C3NC3P7QS4TIV4XKTB3QS.pcm

SwiftExplicitDependencyGeneratePcm x86_64 /Users/mecid/Desktop/OKUL\ /projeler/NEXUS/NEXUSStudyPad/.build/Phase2HotfixRelease/ModuleCache.noindex/_Builtin_float-9UWRAPXTWDOX1AFWM699601AY.pcm

SwiftExplicitDependencyGeneratePcm x86_64 /Users/mecid/Desktop/OKUL\ /projeler/NEXUS/NEXUSStudyPad/.build/Phase2HotfixRelease/ModuleCache.noindex/_Builtin_stdbool-2U6YV2A040M5Y6R6AEZU3EOHJ.pcm

SwiftExplicitDependencyGeneratePcm x86_64 /Users/mecid/Desktop/OKUL\ /projeler/NEXUS/NEXUSStudyPad/.build/Phase2HotfixRelease/ModuleCache.noindex/_AvailabilityInternal-41P38Z0Z1LY9X0FVY3NT8SS6I.pcm

SwiftDriver\ Compilation NEXUSStudyPad normal arm64 com.apple.xcode.tools.swift.compiler (in target 'NEXUSStudyPad' from project 'NEXUSStudyPad')
    cd /Users/mecid/Desktop/OKUL\ /projeler/NEXUS/NEXUSStudyPad
    builtin-Swift-Compilation -- /Applications/Xcode.app/Contents/Developer/Toolchains/XcodeDefault.xctoolchain/usr/bin/swiftc -module-name NEXUSStudyPad -O -whole-module-optimization @/Users/mecid/Desktop/OKUL\ /projeler/NEXUS/NEXUSStudyPad/.build/Phase2HotfixRelease/Build/Intermediates.noindex/NEXUSStudyPad.build/Release-iphonesimulator/NEXUSStudyPad.build/Objects-normal/arm64/NEXUSStudyPad.SwiftFileList -strict-concurrency\=targeted -enable-bare-slash-regex -enable-experimental-feature DebugDescriptionMacro -sdk /Applications/Xcode.app/Contents/Developer/Platforms/iPhoneSimulator.platform/Developer/SDKs/iPhoneSimulator26.5.sdk -target arm64-apple-ios17.0-simulator -g -module-cache-path /Users/mecid/Desktop/OKUL\ /projeler/NEXUS/NEXUSStudyPad/.build/Phase2HotfixRelease/ModuleCache.noindex -Xfrontend -serialize-debugging-options -swift-version 5 -I /Users/mecid/Desktop/OKUL\ /projeler/NEXUS/NEXUSStudyPad/.build/Phase2HotfixRelease/Build/Products/Release-iphonesimulator -F /Users/mecid/Desktop/OKUL\ /projeler/NEXUS/NEXUSStudyPad/.build/Phase2HotfixRelease/Build/Products/Release-iphonesimulator -emit-localized-strings -emit-localized-strings-path /Users/mecid/Desktop/OKUL\ /projeler/NEXUS/NEXUSStudyPad/.build/Phase2HotfixRelease/Build/Intermediates.noindex/NEXUSStudyPad.build/Release-iphonesimulator/NEXUSStudyPad.build/Objects-normal/arm64 -c -num-threads 11 -Xcc -ivfsstatcache -Xcc /Users/mecid/Desktop/OKUL\ /projeler/NEXUS/NEXUSStudyPad/.build/Phase2HotfixRelease/SDKStatCaches.noindex/iphonesimulator26.5-23F81a-6cfe768891a92b912361537c460fe42b.sdkstatcache -output-file-map /Users/mecid/Desktop/OKUL\ /projeler/NEXUS/NEXUSStudyPad/.build/Phase2HotfixRelease/Build/Intermediates.noindex/NEXUSStudyPad.build/Release-iphonesimulator/NEXUSStudyPad.build/Objects-normal/arm64/NEXUSStudyPad-OutputFileMap.json -use-frontend-parseable-output -save-temps -no-color-diagnostics -explicit-module-build -module-cache-path /Users/mecid/Desktop/OKUL\ /projeler/NEXUS/NEXUSStudyPad/.build/Phase2HotfixRelease/Build/Intermediates.noindex/SwiftExplicitPrecompiledModules -clang-scanner-module-cache-path /Users/mecid/Desktop/OKUL\ /projeler/NEXUS/NEXUSStudyPad/.build/Phase2HotfixRelease/ModuleCache.noindex -sdk-module-cache-path /Users/mecid/Desktop/OKUL\ /projeler/NEXUS/NEXUSStudyPad/.build/Phase2HotfixRelease/ModuleCache.noindex -serialize-diagnostics -emit-dependencies -emit-module -emit-module-path /Users/mecid/Desktop/OKUL\ /projeler/NEXUS/NEXUSStudyPad/.build/Phase2HotfixRelease/Build/Intermediates.noindex/NEXUSStudyPad.build/Release-iphonesimulator/NEXUSStudyPad.build/Objects-normal/arm64/NEXUSStudyPad.swiftmodule -validate-clang-modules-once -clang-build-session-file /Users/mecid/Desktop/OKUL\ /projeler/NEXUS/NEXUSStudyPad/.build/Phase2HotfixRelease/ModuleCache.noindex/Session.modulevalidation -Xcc -I/Users/mecid/Desktop/OKUL\ /projeler/NEXUS/NEXUSStudyPad/.build/Phase2HotfixRelease/Build/Intermediates.noindex/NEXUSStudyPad.build/Release-iphonesimulator/NEXUSStudyPad.build/swift-overrides.hmap -emit-const-values -Xfrontend -const-gather-protocols-file -Xfrontend /Users/mecid/Desktop/OKUL\ /projeler/NEXUS/NEXUSStudyPad/.build/Phase2HotfixRelease/Build/Intermediates.noindex/NEXUSStudyPad.build/Release-iphonesimulator/NEXUSStudyPad.build/Objects-normal/arm64/NEXUSStudyPad_const_extract_protocols.json -Xcc -iquote -Xcc /Users/mecid/Desktop/OKUL\ /projeler/NEXUS/NEXUSStudyPad/.build/Phase2HotfixRelease/Build/Intermediates.noindex/NEXUSStudyPad.build/Release-iphonesimulator/NEXUSStudyPad.build/NEXUSStudyPad-generated-files.hmap -Xcc -I/Users/mecid/Desktop/OKUL\ /projeler/NEXUS/NEXUSStudyPad/.build/Phase2HotfixRelease/Build/Intermediates.noindex/NEXUSStudyPad.build/Release-iphonesimulator/NEXUSStudyPad.build/NEXUSStudyPad-own-target-headers.hmap -Xcc -I/Users/mecid/Desktop/OKUL\ /projeler/NEXUS/NEXUSStudyPad/.build/Phase2HotfixRelease/Build/Intermediates.noindex/NEXUSStudyPad.build/Release-iphonesimulator/NEXUSStudyPad.build/NEXUSStudyPad-all-target-headers.hmap -Xcc -iquote -Xcc /Users/mecid/Desktop/OKUL\ /projeler/NEXUS/NEXUSStudyPad/.build/Phase2HotfixRelease/Build/Intermediates.noindex/NEXUSStudyPad.build/Release-iphonesimulator/NEXUSStudyPad.build/NEXUSStudyPad-project-headers.hmap -Xcc -I/Users/mecid/Desktop/OKUL\ /projeler/NEXUS/NEXUSStudyPad/.build/Phase2HotfixRelease/Build/Products/Release-iphonesimulator/include -Xcc -I/Users/mecid/Desktop/OKUL\ /projeler/NEXUS/NEXUSStudyPad/.build/Phase2HotfixRelease/Build/Intermediates.noindex/NEXUSStudyPad.build/Release-iphonesimulator/NEXUSStudyPad.build/DerivedSources-normal/arm64 -Xcc -I/Users/mecid/Desktop/OKUL\ /projeler/NEXUS/NEXUSStudyPad/.build/Phase2HotfixRelease/Build/Intermediates.noindex/NEXUSStudyPad.build/Release-iphonesimulator/NEXUSStudyPad.build/DerivedSources/arm64 -Xcc -I/Users/mecid/Desktop/OKUL\ /projeler/NEXUS/NEXUSStudyPad/.build/Phase2HotfixRelease/Build/Intermediates.noindex/NEXUSStudyPad.build/Release-iphonesimulator/NEXUSStudyPad.build/DerivedSources -emit-objc-header -emit-objc-header-path /Users/mecid/Desktop/OKUL\ /projeler/NEXUS/NEXUSStudyPad/.build/Phase2HotfixRelease/Build/Intermediates.noindex/NEXUSStudyPad.build/Release-iphonesimulator/NEXUSStudyPad.build/Objects-normal/arm64/NEXUSStudyPad-Swift.h -working-directory /Users/mecid/Desktop/OKUL\ /projeler/NEXUS/NEXUSStudyPad -no-emit-module-separately-wmo

SwiftExplicitDependencyGeneratePcm arm64 /Users/mecid/Desktop/OKUL\ /projeler/NEXUS/NEXUSStudyPad/.build/Phase2HotfixRelease/ModuleCache.noindex/ptrcheck-6PSYZGYF8J197JI3UATDXMRZG.pcm

SwiftExplicitDependencyGeneratePcm arm64 /Users/mecid/Desktop/OKUL\ /projeler/NEXUS/NEXUSStudyPad/.build/Phase2HotfixRelease/ModuleCache.noindex/DeveloperToolsSupport-2RA293HH3SPPUZMPGAC3OWE2Q.pcm

SwiftExplicitDependencyGeneratePcm arm64 /Users/mecid/Desktop/OKUL\ /projeler/NEXUS/NEXUSStudyPad/.build/Phase2HotfixRelease/ModuleCache.noindex/_SwiftConcurrencyShims-9URSKZLG4VDBTX5QIC7SRUASL.pcm

SwiftExplicitDependencyGeneratePcm arm64 /Users/mecid/Desktop/OKUL\ /projeler/NEXUS/NEXUSStudyPad/.build/Phase2HotfixRelease/ModuleCache.noindex/SwiftShims-14PUFLORGKK1EGHOCKW5LSVZ2.pcm

SwiftExplicitDependencyGeneratePcm arm64 /Users/mecid/Desktop/OKUL\ /projeler/NEXUS/NEXUSStudyPad/.build/Phase2HotfixRelease/ModuleCache.noindex/_AvailabilityInternal-9VENV695EEAL5NWZTQLW7MERI.pcm

SwiftExplicitDependencyGeneratePcm arm64 /Users/mecid/Desktop/OKUL\ /projeler/NEXUS/NEXUSStudyPad/.build/Phase2HotfixRelease/ModuleCache.noindex/_Builtin_float-6K5RGCAUNQCNSX3IIJWYUN1LE.pcm

SwiftExplicitDependencyGeneratePcm arm64 /Users/mecid/Desktop/OKUL\ /projeler/NEXUS/NEXUSStudyPad/.build/Phase2HotfixRelease/ModuleCache.noindex/_Builtin_stdarg-20AFOXTXDXLPRRDYLUXDTESW2.pcm

SwiftExplicitDependencyGeneratePcm arm64 /Users/mecid/Desktop/OKUL\ /projeler/NEXUS/NEXUSStudyPad/.build/Phase2HotfixRelease/ModuleCache.noindex/_Builtin_stdbool-2BOLN1LOGOMQ7WPDFH2DUWU0T.pcm

SwiftExplicitDependencyGeneratePcm arm64 /Users/mecid/Desktop/OKUL\ /projeler/NEXUS/NEXUSStudyPad/.build/Phase2HotfixRelease/ModuleCache.noindex/ptrauth-4QEGG3UGMULF0S78OMO79GXMG.pcm

SwiftExplicitDependencyGeneratePcm arm64 /Users/mecid/Desktop/OKUL\ /projeler/NEXUS/NEXUSStudyPad/.build/Phase2HotfixRelease/ModuleCache.noindex/_Builtin_stddef-7Q1B5PA70OV5JGNCZ741V0JTO.pcm

SwiftExplicitDependencyGeneratePcm x86_64 /Users/mecid/Desktop/OKUL\ /projeler/NEXUS/NEXUSStudyPad/.build/Phase2HotfixRelease/ModuleCache.noindex/_DarwinFoundation1-3QD5JFKA48TBCTKOMAAIZCAA7.pcm

SwiftExplicitDependencyGeneratePcm arm64 /Users/mecid/Desktop/OKUL\ /projeler/NEXUS/NEXUSStudyPad/.build/Phase2HotfixRelease/ModuleCache.noindex/_DarwinFoundation1-11OAWOEE9FKL67QB0SD2R7FZ8.pcm

LinkAssetCatalog /Users/mecid/Desktop/OKUL\ /projeler/NEXUS/NEXUSStudyPad/NEXUSStudyPad/Resources/Assets.xcassets (in target 'NEXUSStudyPad' from project 'NEXUSStudyPad')
    cd /Users/mecid/Desktop/OKUL\ /projeler/NEXUS/NEXUSStudyPad
    builtin-linkAssetCatalog --thinned /Users/mecid/Desktop/OKUL\ /projeler/NEXUS/NEXUSStudyPad/.build/Phase2HotfixRelease/Build/Intermediates.noindex/NEXUSStudyPad.build/Release-iphonesimulator/NEXUSStudyPad.build/assetcatalog_output/thinned --thinned-dependencies /Users/mecid/Desktop/OKUL\ /projeler/NEXUS/NEXUSStudyPad/.build/Phase2HotfixRelease/Build/Intermediates.noindex/NEXUSStudyPad.build/Release-iphonesimulator/NEXUSStudyPad.build/assetcatalog_dependencies_thinned --thinned-info-plist-content /Users/mecid/Desktop/OKUL\ /projeler/NEXUS/NEXUSStudyPad/.build/Phase2HotfixRelease/Build/Intermediates.noindex/NEXUSStudyPad.build/Release-iphonesimulator/NEXUSStudyPad.build/assetcatalog_generated_info.plist_thinned --unthinned /Users/mecid/Desktop/OKUL\ /projeler/NEXUS/NEXUSStudyPad/.build/Phase2HotfixRelease/Build/Intermediates.noindex/NEXUSStudyPad.build/Release-iphonesimulator/NEXUSStudyPad.build/assetcatalog_output/unthinned --unthinned-dependencies /Users/mecid/Desktop/OKUL\ /projeler/NEXUS/NEXUSStudyPad/.build/Phase2HotfixRelease/Build/Intermediates.noindex/NEXUSStudyPad.build/Release-iphonesimulator/NEXUSStudyPad.build/assetcatalog_dependencies_unthinned --unthinned-info-plist-content /Users/mecid/Desktop/OKUL\ /projeler/NEXUS/NEXUSStudyPad/.build/Phase2HotfixRelease/Build/Intermediates.noindex/NEXUSStudyPad.build/Release-iphonesimulator/NEXUSStudyPad.build/assetcatalog_generated_info.plist_unthinned --output /Users/mecid/Desktop/OKUL\ /projeler/NEXUS/NEXUSStudyPad/.build/Phase2HotfixRelease/Build/Products/Release-iphonesimulator/NEXUSStudyPad.app --plist-output /Users/mecid/Desktop/OKUL\ /projeler/NEXUS/NEXUSStudyPad/.build/Phase2HotfixRelease/Build/Intermediates.noindex/NEXUSStudyPad.build/Release-iphonesimulator/NEXUSStudyPad.build/assetcatalog_generated_info.plist
note: Emplaced /Users/mecid/Desktop/OKUL /projeler/NEXUS/NEXUSStudyPad/.build/Phase2HotfixRelease/Build/Products/Release-iphonesimulator/NEXUSStudyPad.app/AppIcon76x76@2x~ipad.png (in target 'NEXUSStudyPad' from project 'NEXUSStudyPad')
note: Emplaced /Users/mecid/Desktop/OKUL /projeler/NEXUS/NEXUSStudyPad/.build/Phase2HotfixRelease/Build/Products/Release-iphonesimulator/NEXUSStudyPad.app/AppIcon60x60@2x.png (in target 'NEXUSStudyPad' from project 'NEXUSStudyPad')
note: Emplaced /Users/mecid/Desktop/OKUL /projeler/NEXUS/NEXUSStudyPad/.build/Phase2HotfixRelease/Build/Products/Release-iphonesimulator/NEXUSStudyPad.app/Assets.car (in target 'NEXUSStudyPad' from project 'NEXUSStudyPad')

ProcessInfoPlistFile /Users/mecid/Desktop/OKUL\ /projeler/NEXUS/NEXUSStudyPad/.build/Phase2HotfixRelease/Build/Products/Release-iphonesimulator/NEXUSStudyPad.app/Info.plist /Users/mecid/Desktop/OKUL\ /projeler/NEXUS/NEXUSStudyPad/.build/Phase2HotfixRelease/Build/Intermediates.noindex/NEXUSStudyPad.build/Release-iphonesimulator/NEXUSStudyPad.build/empty-NEXUSStudyPad.plist (in target 'NEXUSStudyPad' from project 'NEXUSStudyPad')
    cd /Users/mecid/Desktop/OKUL\ /projeler/NEXUS/NEXUSStudyPad
    builtin-infoPlistUtility /Users/mecid/Desktop/OKUL\ /projeler/NEXUS/NEXUSStudyPad/.build/Phase2HotfixRelease/Build/Intermediates.noindex/NEXUSStudyPad.build/Release-iphonesimulator/NEXUSStudyPad.build/empty-NEXUSStudyPad.plist -producttype com.apple.product-type.application -genpkginfo /Users/mecid/Desktop/OKUL\ /projeler/NEXUS/NEXUSStudyPad/.build/Phase2HotfixRelease/Build/Products/Release-iphonesimulator/NEXUSStudyPad.app/PkgInfo -expandbuildsettings -format binary -platform iphonesimulator -additionalcontentfile /Users/mecid/Desktop/OKUL\ /projeler/NEXUS/NEXUSStudyPad/.build/Phase2HotfixRelease/Build/Intermediates.noindex/NEXUSStudyPad.build/Release-iphonesimulator/NEXUSStudyPad.build/assetcatalog_generated_info.plist -o /Users/mecid/Desktop/OKUL\ /projeler/NEXUS/NEXUSStudyPad/.build/Phase2HotfixRelease/Build/Products/Release-iphonesimulator/NEXUSStudyPad.app/Info.plist

SwiftExplicitDependencyGeneratePcm x86_64 /Users/mecid/Desktop/OKUL\ /projeler/NEXUS/NEXUSStudyPad/.build/Phase2HotfixRelease/ModuleCache.noindex/_DarwinFoundation2-13NXFG7PY4LXH9A47U16Z4OMN.pcm

SwiftExplicitDependencyGeneratePcm x86_64 /Users/mecid/Desktop/OKUL\ /projeler/NEXUS/NEXUSStudyPad/.build/Phase2HotfixRelease/ModuleCache.noindex/_Builtin_limits-EF0FR72X3QWP1KD3JHEG29NQE.pcm

SwiftExplicitDependencyGeneratePcm arm64 /Users/mecid/Desktop/OKUL\ /projeler/NEXUS/NEXUSStudyPad/.build/Phase2HotfixRelease/ModuleCache.noindex/_Builtin_limits-ENST4CRPL8J9T0XH9Q6CF4KJP.pcm

SwiftExplicitDependencyGeneratePcm arm64 /Users/mecid/Desktop/OKUL\ /projeler/NEXUS/NEXUSStudyPad/.build/Phase2HotfixRelease/ModuleCache.noindex/_DarwinFoundation2-3Q8EU0PS43NTBUV7TYWKJP0SM.pcm

SwiftExplicitDependencyGeneratePcm x86_64 /Users/mecid/Desktop/OKUL\ /projeler/NEXUS/NEXUSStudyPad/.build/Phase2HotfixRelease/ModuleCache.noindex/_Builtin_stdint-4Q6DBWNTFJSQ51J5T6BJHHBN0.pcm

SwiftExplicitDependencyGeneratePcm x86_64 /Users/mecid/Desktop/OKUL\ /projeler/NEXUS/NEXUSStudyPad/.build/Phase2HotfixRelease/ModuleCache.noindex/sys_types-7I6WRF8NS5EFVHAJ28O3RJ1BW.pcm

SwiftExplicitDependencyGeneratePcm x86_64 /Users/mecid/Desktop/OKUL\ /projeler/NEXUS/NEXUSStudyPad/.build/Phase2HotfixRelease/ModuleCache.noindex/_Builtin_tgmath-50GVO8UAPJC76ASFBSVW6E1N7.pcm

SwiftExplicitDependencyGeneratePcm arm64 /Users/mecid/Desktop/OKUL\ /projeler/NEXUS/NEXUSStudyPad/.build/Phase2HotfixRelease/ModuleCache.noindex/_Builtin_stdint-4I5E2TLB6075QAOYVZM2CCG9Y.pcm

SwiftExplicitDependencyGeneratePcm arm64 /Users/mecid/Desktop/OKUL\ /projeler/NEXUS/NEXUSStudyPad/.build/Phase2HotfixRelease/ModuleCache.noindex/sys_types-DL9EP8A96MJYGTMUMOZQUY74K.pcm

SwiftExplicitDependencyGeneratePcm arm64 /Users/mecid/Desktop/OKUL\ /projeler/NEXUS/NEXUSStudyPad/.build/Phase2HotfixRelease/ModuleCache.noindex/_Builtin_tgmath-52FPGJQ8X0QO64QD9E6IX6TXP.pcm

SwiftExplicitDependencyGeneratePcm x86_64 /Users/mecid/Desktop/OKUL\ /projeler/NEXUS/NEXUSStudyPad/.build/Phase2HotfixRelease/ModuleCache.noindex/_DarwinFoundation3-1BBC7NHPMLTNA7NK2K083EJAW.pcm

SwiftExplicitDependencyGeneratePcm x86_64 /Users/mecid/Desktop/OKUL\ /projeler/NEXUS/NEXUSStudyPad/.build/Phase2HotfixRelease/ModuleCache.noindex/_Builtin_stdatomic-BHCW7ZCMPCK7OUTTUGFA5X6OQ.pcm

SwiftExplicitDependencyGeneratePcm arm64 /Users/mecid/Desktop/OKUL\ /projeler/NEXUS/NEXUSStudyPad/.build/Phase2HotfixRelease/ModuleCache.noindex/_DarwinFoundation3-32JVQBDMKTEOP6PX45CYV87L.pcm

SwiftExplicitDependencyGeneratePcm arm64 /Users/mecid/Desktop/OKUL\ /projeler/NEXUS/NEXUSStudyPad/.build/Phase2HotfixRelease/ModuleCache.noindex/_Builtin_stdatomic-AI1F85B0IA5V8LOMLTP67FS4F.pcm

SwiftExplicitDependencyGeneratePcm arm64 /Users/mecid/Desktop/OKUL\ /projeler/NEXUS/NEXUSStudyPad/.build/Phase2HotfixRelease/ModuleCache.noindex/_Builtin_intrinsics-65SFBK9COJXVLDLHZSRUUMQ5O.pcm

SwiftExplicitDependencyGeneratePcm x86_64 /Users/mecid/Desktop/OKUL\ /projeler/NEXUS/NEXUSStudyPad/.build/Phase2HotfixRelease/ModuleCache.noindex/_Builtin_intrinsics-8LNWQMPAMG6M2RDS55BSYGQYS.pcm

SwiftExplicitDependencyGeneratePcm x86_64 /Users/mecid/Desktop/OKUL\ /projeler/NEXUS/NEXUSStudyPad/.build/Phase2HotfixRelease/ModuleCache.noindex/_Builtin_inttypes-E0LD3MWO2CNDDTB7278MTOWEN.pcm

SwiftExplicitDependencyGeneratePcm arm64 /Users/mecid/Desktop/OKUL\ /projeler/NEXUS/NEXUSStudyPad/.build/Phase2HotfixRelease/ModuleCache.noindex/_Builtin_inttypes-EEPB9HDXHFTCBEZVAA0RVM7AG.pcm

SwiftExplicitDependencyGeneratePcm x86_64 /Users/mecid/Desktop/OKUL\ /projeler/NEXUS/NEXUSStudyPad/.build/Phase2HotfixRelease/ModuleCache.noindex/Darwin-3QZV2IB9FJHEOE7PQ14DRWMW1.pcm

SwiftExplicitDependencyGeneratePcm arm64 /Users/mecid/Desktop/OKUL\ /projeler/NEXUS/NEXUSStudyPad/.build/Phase2HotfixRelease/ModuleCache.noindex/Darwin-3FCEXI9G878UJN70ZFD00C3SD.pcm

SwiftExplicitDependencyGeneratePcm arm64 /Users/mecid/Desktop/OKUL\ /projeler/NEXUS/NEXUSStudyPad/.build/Phase2HotfixRelease/ModuleCache.noindex/simd-C5JCBEAAZD9MWE4FKXGLP8QAL.pcm

SwiftExplicitDependencyGeneratePcm x86_64 /Users/mecid/Desktop/OKUL\ /projeler/NEXUS/NEXUSStudyPad/.build/Phase2HotfixRelease/ModuleCache.noindex/MachO-76YLYSS6WXMMI8ZHJ123HTNT9.pcm

SwiftExplicitDependencyGeneratePcm x86_64 /Users/mecid/Desktop/OKUL\ /projeler/NEXUS/NEXUSStudyPad/.build/Phase2HotfixRelease/ModuleCache.noindex/ObjectiveC-9K5EZALGH7DKDBOD53HHDH3LX.pcm

SwiftExplicitDependencyGeneratePcm x86_64 /Users/mecid/Desktop/OKUL\ /projeler/NEXUS/NEXUSStudyPad/.build/Phase2HotfixRelease/ModuleCache.noindex/simd-CE64S70FEPXF0VECD4WEXO15F.pcm

SwiftExplicitDependencyGeneratePcm arm64 /Users/mecid/Desktop/OKUL\ /projeler/NEXUS/NEXUSStudyPad/.build/Phase2HotfixRelease/ModuleCache.noindex/MachO-3HMM3PHHXVZZTM2TYRA9LA0OT.pcm

SwiftExplicitDependencyGeneratePcm arm64 /Users/mecid/Desktop/OKUL\ /projeler/NEXUS/NEXUSStudyPad/.build/Phase2HotfixRelease/ModuleCache.noindex/ObjectiveC-984DL6ZAXPRTKZ6RZ8GO5OMR1.pcm

SwiftExplicitDependencyGeneratePcm x86_64 /Users/mecid/Desktop/OKUL\ /projeler/NEXUS/NEXUSStudyPad/.build/Phase2HotfixRelease/ModuleCache.noindex/os_object-TX4QOW1PKO5QMI2NJZ8SO1D9.pcm

SwiftExplicitDependencyGeneratePcm arm64 /Users/mecid/Desktop/OKUL\ /projeler/NEXUS/NEXUSStudyPad/.build/Phase2HotfixRelease/ModuleCache.noindex/os_object-BROP6LXIVRL9UYTZIOP7CBB14.pcm

SwiftExplicitDependencyGeneratePcm x86_64 /Users/mecid/Desktop/OKUL\ /projeler/NEXUS/NEXUSStudyPad/.build/Phase2HotfixRelease/ModuleCache.noindex/os_workgroup-4723LP6BS92FNM4X7QXHDQZ2H.pcm

SwiftExplicitDependencyGeneratePcm arm64 /Users/mecid/Desktop/OKUL\ /projeler/NEXUS/NEXUSStudyPad/.build/Phase2HotfixRelease/ModuleCache.noindex/os_workgroup-4LV2G7KIYSA0SDVZ4X6PVEV9E.pcm

SwiftExplicitDependencyGeneratePcm x86_64 /Users/mecid/Desktop/OKUL\ /projeler/NEXUS/NEXUSStudyPad/.build/Phase2HotfixRelease/ModuleCache.noindex/Dispatch-3ZS85J9I7X1WLVQ9CKTBBRDO3.pcm

SwiftExplicitDependencyGeneratePcm arm64 /Users/mecid/Desktop/OKUL\ /projeler/NEXUS/NEXUSStudyPad/.build/Phase2HotfixRelease/ModuleCache.noindex/Spatial-ERYPRY2ONJXC1BS3AQUIDULJB.pcm

SwiftExplicitDependencyGeneratePcm arm64 /Users/mecid/Desktop/OKUL\ /projeler/NEXUS/NEXUSStudyPad/.build/Phase2HotfixRelease/ModuleCache.noindex/Dispatch-3D8HFAV1RWFK8F3LU99R6W8EA.pcm

SwiftExplicitDependencyGeneratePcm x86_64 /Users/mecid/Desktop/OKUL\ /projeler/NEXUS/NEXUSStudyPad/.build/Phase2HotfixRelease/ModuleCache.noindex/CoreFoundation-AAKXX9WJA1Q32OY04PCCGIPCZ.pcm

SwiftExplicitDependencyGeneratePcm x86_64 /Users/mecid/Desktop/OKUL\ /projeler/NEXUS/NEXUSStudyPad/.build/Phase2HotfixRelease/ModuleCache.noindex/dnssd-FNK5J987EPPYIFES4VJAFQML.pcm

SwiftExplicitDependencyGeneratePcm x86_64 /Users/mecid/Desktop/OKUL\ /projeler/NEXUS/NEXUSStudyPad/.build/Phase2HotfixRelease/ModuleCache.noindex/XPC-B8XQRDYCZVLYKRI11VZLLAQ6S.pcm

SwiftExplicitDependencyGeneratePcm arm64 /Users/mecid/Desktop/OKUL\ /projeler/NEXUS/NEXUSStudyPad/.build/Phase2HotfixRelease/ModuleCache.noindex/dnssd-1FGFH0U3BVHQVEFM77KHTDSLH.pcm

SwiftExplicitDependencyGeneratePcm arm64 /Users/mecid/Desktop/OKUL\ /projeler/NEXUS/NEXUSStudyPad/.build/Phase2HotfixRelease/ModuleCache.noindex/XPC-99NGJM6QJ3APAEJHUBRS8GHOH.pcm

SwiftExplicitDependencyGeneratePcm arm64 /Users/mecid/Desktop/OKUL\ /projeler/NEXUS/NEXUSStudyPad/.build/Phase2HotfixRelease/ModuleCache.noindex/CoreFoundation-4IXHL0CW220UBTQXNQSXAD5YM.pcm

SwiftExplicitDependencyGeneratePcm x86_64 /Users/mecid/Desktop/OKUL\ /projeler/NEXUS/NEXUSStudyPad/.build/Phase2HotfixRelease/ModuleCache.noindex/os-3HVDUQJY4QG9SKI8IPXATF1LX.pcm

SwiftExplicitDependencyGeneratePcm x86_64 /Users/mecid/Desktop/OKUL\ /projeler/NEXUS/NEXUSStudyPad/.build/Phase2HotfixRelease/ModuleCache.noindex/CoreAudioTypes-3Y0VKOYEWAE8DR8RD9PMW1V7W.pcm

SwiftExplicitDependencyGeneratePcm x86_64 /Users/mecid/Desktop/OKUL\ /projeler/NEXUS/NEXUSStudyPad/.build/Phase2HotfixRelease/ModuleCache.noindex/CoreGraphics-6G1UUAN1XE1LA249A1RFXN9OZ.pcm

SwiftExplicitDependencyGeneratePcm x86_64 /Users/mecid/Desktop/OKUL\ /projeler/NEXUS/NEXUSStudyPad/.build/Phase2HotfixRelease/ModuleCache.noindex/CFNetwork-AYU448YREIOMHJ76Y0W6R4TLM.pcm

SwiftExplicitDependencyGeneratePcm x86_64 /Users/mecid/Desktop/OKUL\ /projeler/NEXUS/NEXUSStudyPad/.build/Phase2HotfixRelease/ModuleCache.noindex/Security-X07OMOO49R42FS2DZXR4J7P8.pcm

SwiftExplicitDependencyGeneratePcm arm64 /Users/mecid/Desktop/OKUL\ /projeler/NEXUS/NEXUSStudyPad/.build/Phase2HotfixRelease/ModuleCache.noindex/os-8CY7F4TZUHM79KTHDKS8YJE6T.pcm

SwiftExplicitDependencyGeneratePcm x86_64 /Users/mecid/Desktop/OKUL\ /projeler/NEXUS/NEXUSStudyPad/.build/Phase2HotfixRelease/ModuleCache.noindex/Spatial-EUXMAJHZMPM6AJWOYL1IS6AOM.pcm

SwiftExplicitDependencyGeneratePcm x86_64 /Users/mecid/Desktop/OKUL\ /projeler/NEXUS/NEXUSStudyPad/.build/Phase2HotfixRelease/ModuleCache.noindex/CoreAudio-1I3P3HXHWD5LB6YJBW4KBXPEC.pcm

SwiftExplicitDependencyGeneratePcm arm64 /Users/mecid/Desktop/OKUL\ /projeler/NEXUS/NEXUSStudyPad/.build/Phase2HotfixRelease/ModuleCache.noindex/CoreGraphics-AW7AUZV6IBSZTMMP89L00ABJF.pcm

SwiftExplicitDependencyGeneratePcm arm64 /Users/mecid/Desktop/OKUL\ /projeler/NEXUS/NEXUSStudyPad/.build/Phase2HotfixRelease/ModuleCache.noindex/CFNetwork-DUTO92QS66UVMX1EYVAR7LKWA.pcm

SwiftExplicitDependencyGeneratePcm arm64 /Users/mecid/Desktop/OKUL\ /projeler/NEXUS/NEXUSStudyPad/.build/Phase2HotfixRelease/ModuleCache.noindex/Security-BVJW0Q1FF72F1K69UJ6DW50DC.pcm

SwiftExplicitDependencyGeneratePcm arm64 /Users/mecid/Desktop/OKUL\ /projeler/NEXUS/NEXUSStudyPad/.build/Phase2HotfixRelease/ModuleCache.noindex/CoreAudioTypes-A5MF16GWZA5INPPR3O2ORYX9X.pcm

SwiftExplicitDependencyGeneratePcm x86_64 /Users/mecid/Desktop/OKUL\ /projeler/NEXUS/NEXUSStudyPad/.build/Phase2HotfixRelease/ModuleCache.noindex/Foundation-2065REXJ6L44AA2JY7MJ2I9LH.pcm

SwiftExplicitDependencyGeneratePcm x86_64 /Users/mecid/Desktop/OKUL\ /projeler/NEXUS/NEXUSStudyPad/.build/Phase2HotfixRelease/ModuleCache.noindex/ImageIO-D6U8ZYNVK6X8OWD9I488CHSMN.pcm

SwiftExplicitDependencyGeneratePcm x86_64 /Users/mecid/Desktop/OKUL\ /projeler/NEXUS/NEXUSStudyPad/.build/Phase2HotfixRelease/ModuleCache.noindex/CoreText-9LU1ZFPP2XTVLZPIUBWUOAYRA.pcm

SwiftExplicitDependencyGeneratePcm arm64 /Users/mecid/Desktop/OKUL\ /projeler/NEXUS/NEXUSStudyPad/.build/Phase2HotfixRelease/ModuleCache.noindex/CoreAudio-2S153B3RCWCFP7K4SAZEFE1GH.pcm

SwiftExplicitDependencyGeneratePcm arm64 /Users/mecid/Desktop/OKUL\ /projeler/NEXUS/NEXUSStudyPad/.build/Phase2HotfixRelease/ModuleCache.noindex/Foundation-6E9B5L30KGCQOULXTQB5HJJWF.pcm

SwiftExplicitDependencyGeneratePcm arm64 /Users/mecid/Desktop/OKUL\ /projeler/NEXUS/NEXUSStudyPad/.build/Phase2HotfixRelease/ModuleCache.noindex/CoreText-BIVK5GZKLF7BMEEOAKNUWQI1O.pcm

SwiftExplicitDependencyGeneratePcm arm64 /Users/mecid/Desktop/OKUL\ /projeler/NEXUS/NEXUSStudyPad/.build/Phase2HotfixRelease/ModuleCache.noindex/ImageIO-DN7JE4ZCUXRQOSVAVSY8JGVR3.pcm

SwiftExplicitDependencyGeneratePcm x86_64 /Users/mecid/Desktop/OKUL\ /projeler/NEXUS/NEXUSStudyPad/.build/Phase2HotfixRelease/ModuleCache.noindex/Symbols-EUKKFO1ZRONXPMVKY0CQ7TOJT.pcm

SwiftExplicitDependencyGeneratePcm x86_64 /Users/mecid/Desktop/OKUL\ /projeler/NEXUS/NEXUSStudyPad/.build/Phase2HotfixRelease/ModuleCache.noindex/Network-APWAULMKOCP4FEZUHCYCSBGXY.pcm

SwiftExplicitDependencyGeneratePcm x86_64 /Users/mecid/Desktop/OKUL\ /projeler/NEXUS/NEXUSStudyPad/.build/Phase2HotfixRelease/ModuleCache.noindex/UserNotifications-AM8HZSBDAY76KR2CC2U8VYKN6.pcm

SwiftExplicitDependencyGeneratePcm x86_64 /Users/mecid/Desktop/OKUL\ /projeler/NEXUS/NEXUSStudyPad/.build/Phase2HotfixRelease/ModuleCache.noindex/UIUtilities-1RC5R6M9MW6B97D1F96IA7ZB4.pcm

SwiftExplicitDependencyGeneratePcm x86_64 /Users/mecid/Desktop/OKUL\ /projeler/NEXUS/NEXUSStudyPad/.build/Phase2HotfixRelease/ModuleCache.noindex/ModelIO-5NK8WYRR8L35J99IYG21H7210.pcm

SwiftExplicitDependencyGeneratePcm x86_64 /Users/mecid/Desktop/OKUL\ /projeler/NEXUS/NEXUSStudyPad/.build/Phase2HotfixRelease/ModuleCache.noindex/FileProvider-543GCVIYMOJDDTQ0OK9MBRH66.pcm

SwiftExplicitDependencyGeneratePcm x86_64 /Users/mecid/Desktop/OKUL\ /projeler/NEXUS/NEXUSStudyPad/.build/Phase2HotfixRelease/ModuleCache.noindex/OSLog-6FJ8XUUHY0EXSX6EFNW0INIJM.pcm

SwiftExplicitDependencyGeneratePcm x86_64 /Users/mecid/Desktop/OKUL\ /projeler/NEXUS/NEXUSStudyPad/.build/Phase2HotfixRelease/ModuleCache.noindex/OpenGLES-853QB7WKATAGT46SQI6FXMWZR.pcm

SwiftExplicitDependencyGeneratePcm x86_64 /Users/mecid/Desktop/OKUL\ /projeler/NEXUS/NEXUSStudyPad/.build/Phase2HotfixRelease/ModuleCache.noindex/UniformTypeIdentifiers-6OSTNLKEPLE31AVNZ79XD9F5D.pcm

SwiftExplicitDependencyGeneratePcm x86_64 /Users/mecid/Desktop/OKUL\ /projeler/NEXUS/NEXUSStudyPad/.build/Phase2HotfixRelease/ModuleCache.noindex/DataDetection-RXN6FD0OHWCA9SP6Q9US8EDV.pcm

SwiftExplicitDependencyGeneratePcm x86_64 /Users/mecid/Desktop/OKUL\ /projeler/NEXUS/NEXUSStudyPad/.build/Phase2HotfixRelease/ModuleCache.noindex/CoreTransferable-VZYZPRO6EDZ0W1VV99LI4AAZ.pcm

SwiftExplicitDependencyGeneratePcm x86_64 /Users/mecid/Desktop/OKUL\ /projeler/NEXUS/NEXUSStudyPad/.build/Phase2HotfixRelease/ModuleCache.noindex/CoreMIDI-ATSQEREIJUZZ1CL05ODRJNXMZ.pcm

SwiftExplicitDependencyGeneratePcm x86_64 /Users/mecid/Desktop/OKUL\ /projeler/NEXUS/NEXUSStudyPad/.build/Phase2HotfixRelease/ModuleCache.noindex/Accessibility-CFC2JIVNCMQQTQSZCD505AH5L.pcm

SwiftExplicitDependencyGeneratePcm x86_64 /Users/mecid/Desktop/OKUL\ /projeler/NEXUS/NEXUSStudyPad/.build/Phase2HotfixRelease/ModuleCache.noindex/IOSurface-20JGRTEMVASMSFOQP7LK44MWT.pcm

SwiftExplicitDependencyGeneratePcm x86_64 /Users/mecid/Desktop/OKUL\ /projeler/NEXUS/NEXUSStudyPad/.build/Phase2HotfixRelease/ModuleCache.noindex/CoreData-DC36KZLFUNVO4DGOEYF15SYF1.pcm

SwiftExplicitDependencyGeneratePcm arm64 /Users/mecid/Desktop/OKUL\ /projeler/NEXUS/NEXUSStudyPad/.build/Phase2HotfixRelease/ModuleCache.noindex/Accessibility-BR6EF2B5FZ6IAURE5T5Y6B6VK.pcm

SwiftExplicitDependencyGeneratePcm arm64 /Users/mecid/Desktop/OKUL\ /projeler/NEXUS/NEXUSStudyPad/.build/Phase2HotfixRelease/ModuleCache.noindex/CoreMIDI-5BZUZX67FHG6TJ5C07SNYO2.pcm

SwiftExplicitDependencyGeneratePcm arm64 /Users/mecid/Desktop/OKUL\ /projeler/NEXUS/NEXUSStudyPad/.build/Phase2HotfixRelease/ModuleCache.noindex/FileProvider-BX5MZYR23CP1M9RZ1IC8PMJL7.pcm

SwiftExplicitDependencyGeneratePcm arm64 /Users/mecid/Desktop/OKUL\ /projeler/NEXUS/NEXUSStudyPad/.build/Phase2HotfixRelease/ModuleCache.noindex/DataDetection-CC827WXB2EV5N003IT3Y89AOJ.pcm

SwiftExplicitDependencyGeneratePcm arm64 /Users/mecid/Desktop/OKUL\ /projeler/NEXUS/NEXUSStudyPad/.build/Phase2HotfixRelease/ModuleCache.noindex/OpenGLES-873SUMF7Y4HNZZOOABAMVLD4H.pcm

SwiftExplicitDependencyGeneratePcm x86_64 /Users/mecid/Desktop/OKUL\ /projeler/NEXUS/NEXUSStudyPad/.build/Phase2HotfixRelease/ModuleCache.noindex/AVRouting-4ZPMBNY3Y953SHRX89T7NE6PX.pcm

SwiftExplicitDependencyGeneratePcm arm64 /Users/mecid/Desktop/OKUL\ /projeler/NEXUS/NEXUSStudyPad/.build/Phase2HotfixRelease/ModuleCache.noindex/CoreTransferable-6GZGUAPRCPS9VOFS16C1GY0KR.pcm

SwiftExplicitDependencyGeneratePcm arm64 /Users/mecid/Desktop/OKUL\ /projeler/NEXUS/NEXUSStudyPad/.build/Phase2HotfixRelease/ModuleCache.noindex/ModelIO-1L62BRU1JIONXHDYEJG7X30MZ.pcm

SwiftExplicitDependencyGeneratePcm arm64 /Users/mecid/Desktop/OKUL\ /projeler/NEXUS/NEXUSStudyPad/.build/Phase2HotfixRelease/ModuleCache.noindex/UniformTypeIdentifiers-20WRFSBPC2GL1QV0VONXGVHE7.pcm

SwiftExplicitDependencyGeneratePcm x86_64 /Users/mecid/Desktop/OKUL\ /projeler/NEXUS/NEXUSStudyPad/.build/Phase2HotfixRelease/ModuleCache.noindex/Metal-5QRZ3TTN0UTHPXIIOAPTD4FII.pcm

SwiftExplicitDependencyGeneratePcm arm64 /Users/mecid/Desktop/OKUL\ /projeler/NEXUS/NEXUSStudyPad/.build/Phase2HotfixRelease/ModuleCache.noindex/Network-57CRITZ72Q1SOV2275NP9ZIVP.pcm

SwiftExplicitDependencyGeneratePcm arm64 /Users/mecid/Desktop/OKUL\ /projeler/NEXUS/NEXUSStudyPad/.build/Phase2HotfixRelease/ModuleCache.noindex/UserNotifications-DFDRB8AGYQY3BEH2V417W8L0L.pcm

SwiftExplicitDependencyGeneratePcm arm64 /Users/mecid/Desktop/OKUL\ /projeler/NEXUS/NEXUSStudyPad/.build/Phase2HotfixRelease/ModuleCache.noindex/CoreData-E83F87YKK20QZJVV3KNAE7B2R.pcm

SwiftExplicitDependencyGeneratePcm x86_64 /Users/mecid/Desktop/OKUL\ /projeler/NEXUS/NEXUSStudyPad/.build/Phase2HotfixRelease/ModuleCache.noindex/AudioToolbox-BQJHWZMUVC1N2LS5U24988WT7.pcm

SwiftExplicitDependencyGeneratePcm arm64 /Users/mecid/Desktop/OKUL\ /projeler/NEXUS/NEXUSStudyPad/.build/Phase2HotfixRelease/ModuleCache.noindex/Symbols-9AMZLSP9YJKNDP9KYXPG1QOHU.pcm

SwiftExplicitDependencyGeneratePcm arm64 /Users/mecid/Desktop/OKUL\ /projeler/NEXUS/NEXUSStudyPad/.build/Phase2HotfixRelease/ModuleCache.noindex/IOSurface-1XCC6C1ZOXBGZT73TBRCIN6VK.pcm

SwiftExplicitDependencyGeneratePcm arm64 /Users/mecid/Desktop/OKUL\ /projeler/NEXUS/NEXUSStudyPad/.build/Phase2HotfixRelease/ModuleCache.noindex/UIUtilities-4ICEVMXRI1LC3LZMIK2S2UFQI.pcm

SwiftExplicitDependencyGeneratePcm arm64 /Users/mecid/Desktop/OKUL\ /projeler/NEXUS/NEXUSStudyPad/.build/Phase2HotfixRelease/ModuleCache.noindex/AudioToolbox-F2ZVK5QGY8AIHILR1YMIW6H0G.pcm

SwiftExplicitDependencyGeneratePcm arm64 /Users/mecid/Desktop/OKUL\ /projeler/NEXUS/NEXUSStudyPad/.build/Phase2HotfixRelease/ModuleCache.noindex/OSLog-B5DNT6PEJEE087VUVZG3SOPS0.pcm

SwiftExplicitDependencyGeneratePcm arm64 /Users/mecid/Desktop/OKUL\ /projeler/NEXUS/NEXUSStudyPad/.build/Phase2HotfixRelease/ModuleCache.noindex/AVRouting-CDLO2UR1OT5V7EHKHAM4NIYO6.pcm

SwiftExplicitDependencyGeneratePcm arm64 /Users/mecid/Desktop/OKUL\ /projeler/NEXUS/NEXUSStudyPad/.build/Phase2HotfixRelease/ModuleCache.noindex/Metal-BW6DQMRECUUXSDRCFJ8K3UEW.pcm

SwiftExplicitDependencyGeneratePcm x86_64 /Users/mecid/Desktop/OKUL\ /projeler/NEXUS/NEXUSStudyPad/.build/Phase2HotfixRelease/ModuleCache.noindex/CoreVideo-1K0JUHSMV05AM412PQJ4AM22.pcm

SwiftExplicitDependencyGeneratePcm x86_64 /Users/mecid/Desktop/OKUL\ /projeler/NEXUS/NEXUSStudyPad/.build/Phase2HotfixRelease/ModuleCache.noindex/CoreMedia-4VQMQSO5TPO3KBTODKTCHK5RB.pcm

SwiftExplicitDependencyGeneratePcm x86_64 /Users/mecid/Desktop/OKUL\ /projeler/NEXUS/NEXUSStudyPad/.build/Phase2HotfixRelease/ModuleCache.noindex/CoreImage-1N8X2WGERSEMF2WK2J6MN594Y.pcm

SwiftExplicitDependencyGeneratePcm x86_64 /Users/mecid/Desktop/OKUL\ /projeler/NEXUS/NEXUSStudyPad/.build/Phase2HotfixRelease/ModuleCache.noindex/QuartzCore-8PVDL5FB70PELGNUZOLA0IYRM.pcm

SwiftExplicitDependencyGeneratePcm arm64 /Users/mecid/Desktop/OKUL\ /projeler/NEXUS/NEXUSStudyPad/.build/Phase2HotfixRelease/ModuleCache.noindex/CoreVideo-8G305SPXH8M67HJMRPLKOZW3R.pcm

SwiftExplicitDependencyGeneratePcm x86_64 /Users/mecid/Desktop/OKUL\ /projeler/NEXUS/NEXUSStudyPad/.build/Phase2HotfixRelease/ModuleCache.noindex/SwiftUICore-8YZA4FLMPJ7X0PHJSVR93L4M8.pcm

SwiftExplicitDependencyGeneratePcm arm64 /Users/mecid/Desktop/OKUL\ /projeler/NEXUS/NEXUSStudyPad/.build/Phase2HotfixRelease/ModuleCache.noindex/QuartzCore-41P7VO5WTI92FYRI6H43EBZ64.pcm

SwiftExplicitDependencyGeneratePcm arm64 /Users/mecid/Desktop/OKUL\ /projeler/NEXUS/NEXUSStudyPad/.build/Phase2HotfixRelease/ModuleCache.noindex/CoreMedia-7EXZVWMGPMT1YAJPX8JRI8986.pcm

SwiftExplicitDependencyGeneratePcm arm64 /Users/mecid/Desktop/OKUL\ /projeler/NEXUS/NEXUSStudyPad/.build/Phase2HotfixRelease/ModuleCache.noindex/CoreImage-E39YMRPQCN2BMGFXUAN6FKQ40.pcm

SwiftExplicitDependencyGeneratePcm x86_64 /Users/mecid/Desktop/OKUL\ /projeler/NEXUS/NEXUSStudyPad/.build/Phase2HotfixRelease/ModuleCache.noindex/MediaToolbox-747BM0DMRNOIDZP0GKZYS1B0P.pcm

SwiftExplicitDependencyGeneratePcm x86_64 /Users/mecid/Desktop/OKUL\ /projeler/NEXUS/NEXUSStudyPad/.build/Phase2HotfixRelease/ModuleCache.noindex/AVFAudio-1JQZ3PD3UJDIPPV90EN1CX8TE.pcm

SwiftExplicitDependencyGeneratePcm x86_64 /Users/mecid/Desktop/OKUL\ /projeler/NEXUS/NEXUSStudyPad/.build/Phase2HotfixRelease/ModuleCache.noindex/UIKit-9D2WSKM1H90YDOCA47ZAR2CMR.pcm

SwiftExplicitDependencyGeneratePcm arm64 /Users/mecid/Desktop/OKUL\ /projeler/NEXUS/NEXUSStudyPad/.build/Phase2HotfixRelease/ModuleCache.noindex/SwiftUICore-7NNBYNXUD521SZZW11KPOARNS.pcm

SwiftExplicitDependencyGeneratePcm arm64 /Users/mecid/Desktop/OKUL\ /projeler/NEXUS/NEXUSStudyPad/.build/Phase2HotfixRelease/ModuleCache.noindex/UIKit-56BPGF04MWWXW2TMUV4OF0NFW.pcm

SwiftExplicitDependencyGeneratePcm arm64 /Users/mecid/Desktop/OKUL\ /projeler/NEXUS/NEXUSStudyPad/.build/Phase2HotfixRelease/ModuleCache.noindex/MediaToolbox-6UERTJMPDRNMX9ROVIYL2T59T.pcm

SwiftExplicitDependencyGeneratePcm arm64 /Users/mecid/Desktop/OKUL\ /projeler/NEXUS/NEXUSStudyPad/.build/Phase2HotfixRelease/ModuleCache.noindex/AVFAudio-A0J2WVJBPRIDA1RX3P0FX3N2I.pcm

SwiftExplicitDependencyGeneratePcm x86_64 /Users/mecid/Desktop/OKUL\ /projeler/NEXUS/NEXUSStudyPad/.build/Phase2HotfixRelease/ModuleCache.noindex/AVFoundation-D1TZK446N4BA7MAF8JQ29FS0P.pcm

SwiftExplicitDependencyGeneratePcm arm64 /Users/mecid/Desktop/OKUL\ /projeler/NEXUS/NEXUSStudyPad/.build/Phase2HotfixRelease/ModuleCache.noindex/AVFoundation-49G0TBZYRWBZKBX3LVG03WOCY.pcm

SwiftExplicitDependencyGeneratePcm x86_64 /Users/mecid/Desktop/OKUL\ /projeler/NEXUS/NEXUSStudyPad/.build/Phase2HotfixRelease/ModuleCache.noindex/MetalKit-8NE4KNSJPMQNYKWNDJRS4BU3.pcm

SwiftExplicitDependencyGeneratePcm x86_64 /Users/mecid/Desktop/OKUL\ /projeler/NEXUS/NEXUSStudyPad/.build/Phase2HotfixRelease/ModuleCache.noindex/PencilKit-406ZHG2QW9NT6AFDXINEDG62Z.pcm

SwiftExplicitDependencyGeneratePcm x86_64 /Users/mecid/Desktop/OKUL\ /projeler/NEXUS/NEXUSStudyPad/.build/Phase2HotfixRelease/ModuleCache.noindex/PDFKit-6A2PTDY4EU7L6TL33X3BD90SO.pcm

SwiftExplicitDependencyGeneratePcm x86_64 /Users/mecid/Desktop/OKUL\ /projeler/NEXUS/NEXUSStudyPad/.build/Phase2HotfixRelease/ModuleCache.noindex/SwiftUI-662KDRMVD1SIDEPNKZVITG667.pcm

SwiftCompile normal x86_64 Compiling\ NEXUSStudyPadApp.swift,\ RootView.swift,\ PencilCanvasView.swift,\ TerminalStates.swift,\ AppRoute.swift,\ PadDesignSystem.swift,\ CourseViews.swift,\ DocumentViews.swift,\ PDFKitViews.swift,\ HomeView.swift,\ HomeViewModel.swift,\ LectureViews.swift,\ NoteViews.swift,\ TaskViews.swift,\ TransferView.swift,\ StudyModels.swift,\ PersistenceController.swift,\ AudioRecordingService.swift,\ DocumentImportService.swift,\ StudyPadTransferService.swift,\ GeneratedAssetSymbols.swift /Users/mecid/Desktop/OKUL\ /projeler/NEXUS/NEXUSStudyPad/NEXUSStudyPad/App/NEXUSStudyPadApp.swift /Users/mecid/Desktop/OKUL\ /projeler/NEXUS/NEXUSStudyPad/NEXUSStudyPad/App/RootView.swift /Users/mecid/Desktop/OKUL\ /projeler/NEXUS/NEXUSStudyPad/NEXUSStudyPad/Components/PencilCanvasView.swift /Users/mecid/Desktop/OKUL\ /projeler/NEXUS/NEXUSStudyPad/NEXUSStudyPad/Components/TerminalStates.swift /Users/mecid/Desktop/OKUL\ /projeler/NEXUS/NEXUSStudyPad/NEXUSStudyPad/Core/AppRoute.swift /Users/mecid/Desktop/OKUL\ /projeler/NEXUS/NEXUSStudyPad/NEXUSStudyPad/DesignSystem/PadDesignSystem.swift /Users/mecid/Desktop/OKUL\ /projeler/NEXUS/NEXUSStudyPad/NEXUSStudyPad/Features/Courses/CourseViews.swift /Users/mecid/Desktop/OKUL\ /projeler/NEXUS/NEXUSStudyPad/NEXUSStudyPad/Features/Documents/DocumentViews.swift /Users/mecid/Desktop/OKUL\ /projeler/NEXUS/NEXUSStudyPad/NEXUSStudyPad/Features/Documents/PDFKitViews.swift /Users/mecid/Desktop/OKUL\ /projeler/NEXUS/NEXUSStudyPad/NEXUSStudyPad/Features/Home/HomeView.swift /Users/mecid/Desktop/OKUL\ /projeler/NEXUS/NEXUSStudyPad/NEXUSStudyPad/Features/Home/HomeViewModel.swift /Users/mecid/Desktop/OKUL\ /projeler/NEXUS/NEXUSStudyPad/NEXUSStudyPad/Features/Lectures/LectureViews.swift /Users/mecid/Desktop/OKUL\ /projeler/NEXUS/NEXUSStudyPad/NEXUSStudyPad/Features/Notes/NoteViews.swift /Users/mecid/Desktop/OKUL\ /projeler/NEXUS/NEXUSStudyPad/NEXUSStudyPad/Features/Tasks/TaskViews.swift /Users/mecid/Desktop/OKUL\ /projeler/NEXUS/NEXUSStudyPad/NEXUSStudyPad/Features/Transfer/TransferView.swift /Users/mecid/Desktop/OKUL\ /projeler/NEXUS/NEXUSStudyPad/NEXUSStudyPad/Models/StudyModels.swift /Users/mecid/Desktop/OKUL\ /projeler/NEXUS/NEXUSStudyPad/NEXUSStudyPad/Persistence/PersistenceController.swift /Users/mecid/Desktop/OKUL\ /projeler/NEXUS/NEXUSStudyPad/NEXUSStudyPad/Services/AudioRecordingService.swift /Users/mecid/Desktop/OKUL\ /projeler/NEXUS/NEXUSStudyPad/NEXUSStudyPad/Services/DocumentImportService.swift /Users/mecid/Desktop/OKUL\ /projeler/NEXUS/NEXUSStudyPad/NEXUSStudyPad/Services/StudyPadTransferService.swift /Users/mecid/Desktop/OKUL\ /projeler/NEXUS/NEXUSStudyPad/.build/Phase2HotfixRelease/Build/Intermediates.noindex/NEXUSStudyPad.build/Release-iphonesimulator/NEXUSStudyPad.build/DerivedSources/GeneratedAssetSymbols.swift /Applications/Xcode.app/Contents/Developer/Toolchains/XcodeDefault.xctoolchain/usr/lib/swift/iphonesimulator/prebuilt-modules/26.5/Spatial.swiftmodule/x86_64-apple-ios-simulator.swiftmodule /Applications/Xcode.app/Contents/Developer/Toolchains/XcodeDefault.xctoolchain/usr/lib/swift/iphonesimulator/prebuilt-modules/26.5/Symbols.swiftmodule/x86_64-apple-ios-simulator.swiftmodule /Applications/Xcode.app/Contents/Developer/Toolchains/XcodeDefault.xctoolchain/usr/lib/swift/iphonesimulator/prebuilt-modules/26.5/SwiftUICore.swiftmodule/x86_64-apple-ios-simulator.swiftmodule /Applications/Xcode.app/Contents/Developer/Toolchains/XcodeDefault.xctoolchain/usr/lib/swift/iphonesimulator/prebuilt-modules/26.5/_StringProcessing.swiftmodule/x86_64-apple-ios-simulator.swiftmodule /Applications/Xcode.app/Contents/Developer/Toolchains/XcodeDefault.xctoolchain/usr/lib/swift/iphonesimulator/prebuilt-modules/26.5/_Builtin_float.swiftmodule/x86_64-apple-ios-simulator.swiftmodule /Applications/Xcode.app/Contents/Developer/Toolchains/XcodeDefault.xctoolchain/usr/lib/swift/iphonesimulator/prebuilt-modules/26.5/_DarwinFoundation2.swiftmodule/x86_64-apple-ios-simulator.swiftmodule /Applications/Xcode.app/Contents/Developer/Toolchains/XcodeDefault.xctoolchain/usr/lib/swift/iphonesimulator/prebuilt-modules/26.5/CoreImage.swiftmodule/x86_64-apple-ios-simulator.swiftmodule /Applications/Xcode.app/Contents/Developer/Toolchains/XcodeDefault.xctoolchain/usr/lib/swift/iphonesimulator/prebuilt-modules/26.5/_DarwinFoundation3.swiftmodule/x86_64-apple-ios-simulator.swiftmodule /Applications/Xcode.app/Contents/Developer/Toolchains/XcodeDefault.xctoolchain/usr/lib/swift/iphonesimulator/prebuilt-modules/26.5/SwiftUI.swiftmodule/x86_64-apple-ios-simulator.swiftmodule /Applications/Xcode.app/Contents/Developer/Toolchains/XcodeDefault.xctoolchain/usr/lib/swift/iphonesimulator/prebuilt-modules/26.5/CoreMIDI.swiftmodule/x86_64-apple-ios-simulator.swiftmodule /Applications/Xcode.app/Contents/Developer/Toolchains/XcodeDefault.xctoolchain/usr/lib/swift/iphonesimulator/prebuilt-modules/26.5/_DarwinFoundation1.swiftmodule/x86_64-apple-ios-simulator.swiftmodule /Applications/Xcode.app/Contents/Developer/Toolchains/XcodeDefault.xctoolchain/usr/lib/swift/iphonesimulator/prebuilt-modules/26.5/Observation.swiftmodule/x86_64-apple-ios-simulator.swiftmodule /Applications/Xcode.app/Contents/Developer/Toolchains/XcodeDefault.xctoolchain/usr/lib/swift/iphonesimulator/prebuilt-modules/26.5/FileProvider.swiftmodule/x86_64-apple-ios-simulator.swiftmodule /Applications/Xcode.app/Contents/Developer/Toolchains/XcodeDefault.xctoolchain/usr/lib/swift/iphonesimulator/prebuilt-modules/26.5/MetalKit.swiftmodule/x86_64-apple-ios-simulator.swiftmodule /Applications/Xcode.app/Contents/Developer/Toolchains/XcodeDefault.xctoolchain/usr/lib/swift/iphonesimulator/prebuilt-modules/26.5/ModelIO.swiftmodule/x86_64-apple-ios-simulator.swiftmodule /Applications/Xcode.app/Contents/Developer/Toolchains/XcodeDefault.xctoolchain/usr/lib/swift/iphonesimulator/prebuilt-modules/26.5/Darwin.swiftmodule/x86_64-apple-ios-simulator.swiftmodule /Applications/Xcode.app/Contents/Developer/Toolchains/XcodeDefault.xctoolchain/usr/lib/swift/iphonesimulator/prebuilt-modules/26.5/UIKit.swiftmodule/x86_64-apple-ios-simulator.swiftmodule /Applications/Xcode.app/Contents/Developer/Toolchains/XcodeDefault.xctoolchain/usr/lib/swift/iphonesimulator/prebuilt-modules/26.5/System.swiftmodule/x86_64-apple-ios-simulator.swiftmodule /Applications/Xcode.app/Contents/Developer/Toolchains/XcodeDefault.xctoolchain/usr/lib/swift/iphonesimulator/prebuilt-modules/26.5/Dispatch.swiftmodule/x86_64-apple-ios-simulator.swiftmodule /Applications/Xcode.app/Contents/Developer/Toolchains/XcodeDefault.xctoolchain/usr/lib/swift/iphonesimulator/prebuilt-modules/26.5/CoreMedia.swiftmodule/x86_64-apple-ios-simulator.swiftmodule /Applications/Xcode.app/Contents/Developer/Toolchains/XcodeDefault.xctoolchain/usr/lib/swift/iphonesimulator/prebuilt-modules/26.5/CoreText.swiftmodule/x86_64-apple-ios-simulator.swiftmodule /Applications/Xcode.app/Contents/Developer/Toolchains/XcodeDefault.xctoolchain/usr/lib/swift/iphonesimulator/prebuilt-modules/26.5/UniformTypeIdentifiers.swiftmodule/x86_64-apple-ios-simulator.swiftmodule /Applications/Xcode.app/Contents/Developer/Toolchains/XcodeDefault.xctoolchain/usr/lib/swift/iphonesimulator/prebuilt-modules/26.5/CoreTransferable.swiftmodule/x86_64-apple-ios-simulator.swiftmodule /Applications/Xcode.app/Contents/Developer/Toolchains/XcodeDefault.xctoolchain/usr/lib/swift/iphonesimulator/prebuilt-modules/26.5/CoreVideo.swiftmodule/x86_64-apple-ios-simulator.swiftmodule /Applications/Xcode.app/Contents/Developer/Toolchains/XcodeDefault.xctoolchain/usr/lib/swift/iphonesimulator/prebuilt-modules/26.5/CoreGraphics.swiftmodule/x86_64-apple-ios-simulator.swiftmodule /Applications/Xcode.app/Contents/Developer/Toolchains/XcodeDefault.xctoolchain/usr/lib/swift/iphonesimulator/prebuilt-modules/26.5/CoreFoundation.swiftmodule/x86_64-apple-ios-simulator.swiftmodule /Applications/Xcode.app/Contents/Developer/Toolchains/XcodeDefault.xctoolchain/usr/lib/swift/iphonesimulator/prebuilt-modules/26.5/OSLog.swiftmodule/x86_64-apple-ios-simulator.swiftmodule /Applications/Xcode.app/Contents/Developer/Toolchains/XcodeDefault.xctoolchain/usr/lib/swift/iphonesimulator/prebuilt-modules/26.5/_Concurrency.swiftmodule/x86_64-apple-ios-simulator.swiftmodule /Applications/Xcode.app/Contents/Developer/Toolchains/XcodeDefault.xctoolchain/usr/lib/swift/iphonesimulator/prebuilt-modules/26.5/Combine.swiftmodule/x86_64-apple-ios-simulator.swiftmodule /Applications/Xcode.app/Contents/Developer/Toolchains/XcodeDefault.xctoolchain/usr/lib/swift/iphonesimulator/prebuilt-modules/26.5/DeveloperToolsSupport.swiftmodule/x86_64-apple-ios-simulator.swiftmodule /Applications/Xcode.app/Contents/Developer/Toolchains/XcodeDefault.xctoolchain/usr/lib/swift/iphonesimulator/prebuilt-modules/26.5/ObjectiveC.swiftmodule/x86_64-apple-ios-simulator.swiftmodule /Applications/Xcode.app/Contents/Developer/Toolchains/XcodeDefault.xctoolchain/usr/lib/swift/iphonesimulator/prebuilt-modules/26.5/simd.swiftmodule/x86_64-apple-ios-simulator.swiftmodule /Applications/Xcode.app/Contents/Developer/Toolchains/XcodeDefault.xctoolchain/usr/lib/swift/iphonesimulator/prebuilt-modules/26.5/Swift.swiftmodule/x86_64-apple-ios-simulator.swiftmodule /Applications/Xcode.app/Contents/Developer/Toolchains/XcodeDefault.xctoolchain/usr/lib/swift/iphonesimulator/prebuilt-modules/26.5/AudioToolbox.swiftmodule/x86_64-apple-ios-simulator.swiftmodule /Applications/Xcode.app/Contents/Developer/Toolchains/XcodeDefault.xctoolchain/usr/lib/swift/iphonesimulator/prebuilt-modules/26.5/QuartzCore.swiftmodule/x86_64-apple-ios-simulator.swiftmodule /Applications/Xcode.app/Contents/Developer/Toolchains/XcodeDefault.xctoolchain/usr/lib/swift/iphonesimulator/prebuilt-modules/26.5/Accessibility.swiftmodule/x86_64-apple-ios-simulator.swiftmodule /Applications/Xcode.app/Contents/Developer/Toolchains/XcodeDefault.xctoolchain/usr/lib/swift/iphonesimulator/prebuilt-modules/26.5/Metal.swiftmodule/x86_64-apple-ios-simulator.swiftmodule /Applications/Xcode.app/Contents/Developer/Toolchains/XcodeDefault.xctoolchain/usr/lib/swift/iphonesimulator/prebuilt-modules/26.5/_SwiftData_SwiftUI.swiftmodule/x86_64-apple-ios-simulator.swiftmodule /Applications/Xcode.app/Contents/Developer/Toolchains/XcodeDefault.xctoolchain/usr/lib/swift/iphonesimulator/prebuilt-modules/26.5/Synchronization.swiftmodule/x86_64-apple-ios-simulator.swiftmodule /Applications/Xcode.app/Contents/Developer/Toolchains/XcodeDefault.xctoolchain/usr/lib/swift/iphonesimulator/prebuilt-modules/26.5/SwiftData.swiftmodule/x86_64-apple-ios-simulator.swiftmodule /Applications/Xcode.app/Contents/Developer/Toolchains/XcodeDefault.xctoolchain/usr/lib/swift/iphonesimulator/prebuilt-modules/26.5/PencilKit.swiftmodule/x86_64-apple-ios-simulator.swiftmodule /Applications/Xcode.app/Contents/Developer/Toolchains/XcodeDefault.xctoolchain/usr/lib/swift/iphonesimulator/prebuilt-modules/26.5/PDFKit.swiftmodule/x86_64-apple-ios-simulator.swiftmodule /Applications/Xcode.app/Contents/Developer/Toolchains/XcodeDefault.xctoolchain/usr/lib/swift/iphonesimulator/prebuilt-modules/26.5/Foundation.swiftmodule/x86_64-apple-ios-simulator.swiftmodule /Applications/Xcode.app/Contents/Developer/Toolchains/XcodeDefault.xctoolchain/usr/lib/swift/iphonesimulator/prebuilt-modules/26.5/CoreData.swiftmodule/x86_64-apple-ios-simulator.swiftmodule /Applications/Xcode.app/Contents/Developer/Toolchains/XcodeDefault.xctoolchain/usr/lib/swift/iphonesimulator/prebuilt-modules/26.5/DataDetection.swiftmodule/x86_64-apple-ios-simulator.swiftmodule /Applications/Xcode.app/Contents/Developer/Toolchains/XcodeDefault.xctoolchain/usr/lib/swift/iphonesimulator/prebuilt-modules/26.5/XPC.swiftmodule/x86_64-apple-ios-simulator.swiftmodule /Applications/Xcode.app/Contents/Developer/Toolchains/XcodeDefault.xctoolchain/usr/lib/swift/iphonesimulator/prebuilt-modules/26.5/AVFoundation.swiftmodule/x86_64-apple-ios-simulator.swiftmodule /Applications/Xcode.app/Contents/Developer/Toolchains/XcodeDefault.xctoolchain/usr/lib/swift/iphonesimulator/prebuilt-modules/26.5/CoreAudio.swiftmodule/x86_64-apple-ios-simulator.swiftmodule /Applications/Xcode.app/Contents/Developer/Toolchains/XcodeDefault.xctoolchain/usr/lib/swift/iphonesimulator/prebuilt-modules/26.5/AVFAudio.swiftmodule/x86_64-apple-ios-simulator.swiftmodule /Applications/Xcode.app/Contents/Developer/Toolchains/XcodeDefault.xctoolchain/usr/lib/swift/iphonesimulator/prebuilt-modules/26.5/os.swiftmodule/x86_64-apple-ios-simulator.swiftmodule /Users/mecid/Desktop/OKUL\ /projeler/NEXUS/NEXUSStudyPad/.build/Phase2HotfixRelease/ModuleCache.noindex/CoreFoundation-AAKXX9WJA1Q32OY04PCCGIPCZ.pcm /Users/mecid/Desktop/OKUL\ /projeler/NEXUS/NEXUSStudyPad/.build/Phase2HotfixRelease/ModuleCache.noindex/AVRouting-4ZPMBNY3Y953SHRX89T7NE6PX.pcm /Users/mecid/Desktop/OKUL\ /projeler/NEXUS/NEXUSStudyPad/.build/Phase2HotfixRelease/ModuleCache.noindex/dnssd-FNK5J987EPPYIFES4VJAFQML.pcm /Users/mecid/Desktop/OKUL\ /projeler/NEXUS/NEXUSStudyPad/.build/Phase2HotfixRelease/ModuleCache.noindex/CoreAudioTypes-3Y0VKOYEWAE8DR8RD9PMW1V7W.pcm /Users/mecid/Desktop/OKUL\ /projeler/NEXUS/NEXUSStudyPad/.build/Phase2HotfixRelease/ModuleCache.noindex/_Builtin_stdarg-3FAY38CSSPTS15V0VMMXAC7NP.pcm /Users/mecid/Desktop/OKUL\ /projeler/NEXUS/NEXUSStudyPad/.build/Phase2HotfixRelease/ModuleCache.noindex/SwiftUICore-8YZA4FLMPJ7X0PHJSVR93L4M8.pcm /Users/mecid/Desktop/OKUL\ /projeler/NEXUS/NEXUSStudyPad/.build/Phase2HotfixRelease/ModuleCache.noindex/_DarwinFoundation1-3QD5JFKA48TBCTKOMAAIZCAA7.pcm /Users/mecid/Desktop/OKUL\ /projeler/NEXUS/NEXUSStudyPad/.build/Phase2HotfixRelease/ModuleCache.noindex/CoreMedia-4VQMQSO5TPO3KBTODKTCHK5RB.pcm /Users/mecid/Desktop/OKUL\ /projeler/NEXUS/NEXUSStudyPad/.build/Phase2HotfixRelease/ModuleCache.noindex/Foundation-2065REXJ6L44AA2JY7MJ2I9LH.pcm /Users/mecid/Desktop/OKUL\ /projeler/NEXUS/NEXUSStudyPad/.build/Phase2HotfixRelease/ModuleCache.noindex/_Builtin_stdint-4Q6DBWNTFJSQ51J5T6BJHHBN0.pcm /Users/mecid/Desktop/OKUL\ /projeler/NEXUS/NEXUSStudyPad/.build/Phase2HotfixRelease/ModuleCache.noindex/CoreAudio-1I3P3HXHWD5LB6YJBW4KBXPEC.pcm /Users/mecid/Desktop/OKUL\ /projeler/NEXUS/NEXUSStudyPad/.build/Phase2HotfixRelease/ModuleCache.noindex/MetalKit-8NE4KNSJPMQNYKWNDJRS4BU3.pcm /Users/mecid/Desktop/OKUL\ /projeler/NEXUS/NEXUSStudyPad/.build/Phase2HotfixRelease/ModuleCache.noindex/CoreText-9LU1ZFPP2XTVLZPIUBWUOAYRA.pcm /Users/mecid/Desktop/OKUL\ /projeler/NEXUS/NEXUSStudyPad/.build/Phase2HotfixRelease/ModuleCache.noindex/IOSurface-20JGRTEMVASMSFOQP7LK44MWT.pcm /Users/mecid/Desktop/OKUL\ /projeler/NEXUS/NEXUSStudyPad/.build/Phase2HotfixRelease/ModuleCache.noindex/_AvailabilityInternal-41P38Z0Z1LY9X0FVY3NT8SS6I.pcm /Users/mecid/Desktop/OKUL\ /projeler/NEXUS/NEXUSStudyPad/.build/Phase2HotfixRelease/ModuleCache.noindex/Accessibility-CFC2JIVNCMQQTQSZCD505AH5L.pcm /Users/mecid/Desktop/OKUL\ /projeler/NEXUS/NEXUSStudyPad/.build/Phase2HotfixRelease/ModuleCache.noindex/CoreGraphics-6G1UUAN1XE1LA249A1RFXN9OZ.pcm /Users/mecid/Desktop/OKUL\ /projeler/NEXUS/NEXUSStudyPad/.build/Phase2HotfixRelease/ModuleCache.noindex/PDFKit-6A2PTDY4EU7L6TL33X3BD90SO.pcm /Users/mecid/Desktop/OKUL\ /projeler/NEXUS/NEXUSStudyPad/.build/Phase2HotfixRelease/ModuleCache.noindex/OpenGLES-853QB7WKATAGT46SQI6FXMWZR.pcm /Users/mecid/Desktop/OKUL\ /projeler/NEXUS/NEXUSStudyPad/.build/Phase2HotfixRelease/ModuleCache.noindex/_Builtin_tgmath-50GVO8UAPJC76ASFBSVW6E1N7.pcm /Users/mecid/Desktop/OKUL\ /projeler/NEXUS/NEXUSStudyPad/.build/Phase2HotfixRelease/ModuleCache.noindex/Darwin-3QZV2IB9FJHEOE7PQ14DRWMW1.pcm /Users/mecid/Desktop/OKUL\ /projeler/NEXUS/NEXUSStudyPad/.build/Phase2HotfixRelease/ModuleCache.noindex/SwiftShims-6TO2M5G0UOJD2SCIVQ2RG18HP.pcm /Users/mecid/Desktop/OKUL\ /projeler/NEXUS/NEXUSStudyPad/.build/Phase2HotfixRelease/ModuleCache.noindex/AudioToolbox-BQJHWZMUVC1N2LS5U24988WT7.pcm /Users/mecid/Desktop/OKUL\ /projeler/NEXUS/NEXUSStudyPad/.build/Phase2HotfixRelease/ModuleCache.noindex/_Builtin_inttypes-E0LD3MWO2CNDDTB7278MTOWEN.pcm /Users/mecid/Desktop/OKUL\ /projeler/NEXUS/NEXUSStudyPad/.build/Phase2HotfixRelease/ModuleCache.noindex/simd-CE64S70FEPXF0VECD4WEXO15F.pcm /Users/mecid/Desktop/OKUL\ /projeler/NEXUS/NEXUSStudyPad/.build/Phase2HotfixRelease/ModuleCache.noindex/_Builtin_stddef-90R4P7H84IQAVB5XYM6877FLO.pcm /Users/mecid/Desktop/OKUL\ /projeler/NEXUS/NEXUSStudyPad/.build/Phase2HotfixRelease/ModuleCache.noindex/_DarwinFoundation3-1BBC7NHPMLTNA7NK2K083EJAW.pcm /Users/mecid/Desktop/OKUL\ /projeler/NEXUS/NEXUSStudyPad/.build/Phase2HotfixRelease/ModuleCache.noindex/_Builtin_intrinsics-8LNWQMPAMG6M2RDS55BSYGQYS.pcm /Users/mecid/Desktop/OKUL\ /projeler/NEXUS/NEXUSStudyPad/.build/Phase2HotfixRelease/ModuleCache.noindex/Dispatch-3ZS85J9I7X1WLVQ9CKTBBRDO3.pcm /Users/mecid/Desktop/OKUL\ /projeler/NEXUS/NEXUSStudyPad/.build/Phase2HotfixRelease/ModuleCache.noindex/UniformTypeIdentifiers-6OSTNLKEPLE31AVNZ79XD9F5D.pcm /Users/mecid/Desktop/OKUL\ /projeler/NEXUS/NEXUSStudyPad/.build/Phase2HotfixRelease/ModuleCache.noindex/Metal-5QRZ3TTN0UTHPXIIOAPTD4FII.pcm /Users/mecid/Desktop/OKUL\ /projeler/NEXUS/NEXUSStudyPad/.build/Phase2HotfixRelease/ModuleCache.noindex/Symbols-EUKKFO1ZRONXPMVKY0CQ7TOJT.pcm /Users/mecid/Desktop/OKUL\ /projeler/NEXUS/NEXUSStudyPad/.build/Phase2HotfixRelease/ModuleCache.noindex/SwiftUI-662KDRMVD1SIDEPNKZVITG667.pcm /Users/mecid/Desktop/OKUL\ /projeler/NEXUS/NEXUSStudyPad/.build/Phase2HotfixRelease/ModuleCache.noindex/_Builtin_stdatomic-BHCW7ZCMPCK7OUTTUGFA5X6OQ.pcm /Users/mecid/Desktop/OKUL\ /projeler/NEXUS/NEXUSStudyPad/.build/Phase2HotfixRelease/ModuleCache.noindex/_Builtin_stdbool-2U6YV2A040M5Y6R6AEZU3EOHJ.pcm /Users/mecid/Desktop/OKUL\ /projeler/NEXUS/NEXUSStudyPad/.build/Phase2HotfixRelease/ModuleCache.noindex/Spatial-EUXMAJHZMPM6AJWOYL1IS6AOM.pcm /Users/mecid/Desktop/OKUL\ /projeler/NEXUS/NEXUSStudyPad/.build/Phase2HotfixRelease/ModuleCache.noindex/ptrcheck-6E0U6DF9PWWEB65IOH3Q5JZR.pcm /Users/mecid/Desktop/OKUL\ /projeler/NEXUS/NEXUSStudyPad/.build/Phase2HotfixRelease/ModuleCache.noindex/CoreVideo-1K0JUHSMV05AM412PQJ4AM22.pcm /Users/mecid/Desktop/OKUL\ /projeler/NEXUS/NEXUSStudyPad/.build/Phase2HotfixRelease/ModuleCache.noindex/ImageIO-D6U8ZYNVK6X8OWD9I488CHSMN.pcm /Users/mecid/Desktop/OKUL\ /projeler/NEXUS/NEXUSStudyPad/.build/Phase2HotfixRelease/ModuleCache.noindex/CoreImage-1N8X2WGERSEMF2WK2J6MN594Y.pcm /Users/mecid/Desktop/OKUL\ /projeler/NEXUS/NEXUSStudyPad/.build/Phase2HotfixRelease/ModuleCache.noindex/DataDetection-RXN6FD0OHWCA9SP6Q9US8EDV.pcm /Users/mecid/Desktop/OKUL\ /projeler/NEXUS/NEXUSStudyPad/.build/Phase2HotfixRelease/ModuleCache.noindex/MachO-76YLYSS6WXMMI8ZHJ123HTNT9.pcm /Users/mecid/Desktop/OKUL\ /projeler/NEXUS/NEXUSStudyPad/.build/Phase2HotfixRelease/ModuleCache.noindex/os_object-TX4QOW1PKO5QMI2NJZ8SO1D9.pcm /Users/mecid/Desktop/OKUL\ /projeler/NEXUS/NEXUSStudyPad/.build/Phase2HotfixRelease/ModuleCache.noindex/Network-APWAULMKOCP4FEZUHCYCSBGXY.pcm /Users/mecid/Desktop/OKUL\ /projeler/NEXUS/NEXUSStudyPad/.build/Phase2HotfixRelease/ModuleCache.noindex/PencilKit-406ZHG2QW9NT6AFDXINEDG62Z.pcm /Users/mecid/Desktop/OKUL\ /projeler/NEXUS/NEXUSStudyPad/.build/Phase2HotfixRelease/ModuleCache.noindex/Security-X07OMOO49R42FS2DZXR4J7P8.pcm /Users/mecid/Desktop/OKUL\ /projeler/NEXUS/NEXUSStudyPad/.build/Phase2HotfixRelease/ModuleCache.noindex/_Builtin_limits-EF0FR72X3QWP1KD3JHEG29NQE.pcm /Users/mecid/Desktop/OKUL\ /projeler/NEXUS/NEXUSStudyPad/.build/Phase2HotfixRelease/ModuleCache.noindex/AVFAudio-1JQZ3PD3UJDIPPV90EN1CX8TE.pcm /Users/mecid/Desktop/OKUL\ /projeler/NEXUS/NEXUSStudyPad/.build/Phase2HotfixRelease/ModuleCache.noindex/ptrauth-ADGX7PDN8W053JTIJ8XAKDR7F.pcm /Users/mecid/Desktop/OKUL\ /projeler/NEXUS/NEXUSStudyPad/.build/Phase2HotfixRelease/ModuleCache.noindex/DeveloperToolsSupport-9XE4ISQPZZ4FDXTRYH79N6JYK.pcm /Users/mecid/Desktop/OKUL\ /projeler/NEXUS/NEXUSStudyPad/.build/Phase2HotfixRelease/ModuleCache.noindex/UserNotifications-AM8HZSBDAY76KR2CC2U8VYKN6.pcm /Users/mecid/Desktop/OKUL\ /projeler/NEXUS/NEXUSStudyPad/.build/Phase2HotfixRelease/ModuleCache.noindex/MediaToolbox-747BM0DMRNOIDZP0GKZYS1B0P.pcm /Users/mecid/Desktop/OKUL\ /projeler/NEXUS/NEXUSStudyPad/.build/Phase2HotfixRelease/ModuleCache.noindex/UIKit-9D2WSKM1H90YDOCA47ZAR2CMR.pcm /Users/mecid/Desktop/OKUL\ /projeler/NEXUS/NEXUSStudyPad/.build/Phase2HotfixRelease/ModuleCache.noindex/AVFoundation-D1TZK446N4BA7MAF8JQ29FS0P.pcm /Users/mecid/Desktop/OKUL\ /projeler/NEXUS/NEXUSStudyPad/.build/Phase2HotfixRelease/ModuleCache.noindex/_Builtin_float-9UWRAPXTWDOX1AFWM699601AY.pcm /Users/mecid/Desktop/OKUL\ /projeler/NEXUS/NEXUSStudyPad/.build/Phase2HotfixRelease/ModuleCache.noindex/ObjectiveC-9K5EZALGH7DKDBOD53HHDH3LX.pcm /Users/mecid/Desktop/OKUL\ /projeler/NEXUS/NEXUSStudyPad/.build/Phase2HotfixRelease/ModuleCache.noindex/_SwiftConcurrencyShims-38Z8C3NC3P7QS4TIV4XKTB3QS.pcm /Users/mecid/Desktop/OKUL\ /projeler/NEXUS/NEXUSStudyPad/.build/Phase2HotfixRelease/ModuleCache.noindex/ModelIO-5NK8WYRR8L35J99IYG21H7210.pcm /Users/mecid/Desktop/OKUL\ /projeler/NEXUS/NEXUSStudyPad/.build/Phase2HotfixRelease/ModuleCache.noindex/CoreMIDI-ATSQEREIJUZZ1CL05ODRJNXMZ.pcm /Users/mecid/Desktop/OKUL\ /projeler/NEXUS/NEXUSStudyPad/.build/Phase2HotfixRelease/ModuleCache.noindex/FileProvider-543GCVIYMOJDDTQ0OK9MBRH66.pcm /Users/mecid/Desktop/OKUL\ /projeler/NEXUS/NEXUSStudyPad/.build/Phase2HotfixRelease/ModuleCache.noindex/sys_types-7I6WRF8NS5EFVHAJ28O3RJ1BW.pcm /Users/mecid/Desktop/OKUL\ /projeler/NEXUS/NEXUSStudyPad/.build/Phase2HotfixRelease/ModuleCache.noindex/os_workgroup-4723LP6BS92FNM4X7QXHDQZ2H.pcm /Users/mecid/Desktop/OKUL\ /projeler/NEXUS/NEXUSStudyPad/.build/Phase2HotfixRelease/ModuleCache.noindex/OSLog-6FJ8XUUHY0EXSX6EFNW0INIJM.pcm /Users/mecid/Desktop/OKUL\ /projeler/NEXUS/NEXUSStudyPad/.build/Phase2HotfixRelease/ModuleCache.noindex/CFNetwork-AYU448YREIOMHJ76Y0W6R4TLM.pcm /Users/mecid/Desktop/OKUL\ /projeler/NEXUS/NEXUSStudyPad/.build/Phase2HotfixRelease/ModuleCache.noindex/os-3HVDUQJY4QG9SKI8IPXATF1LX.pcm /Users/mecid/Desktop/OKUL\ /projeler/NEXUS/NEXUSStudyPad/.build/Phase2HotfixRelease/ModuleCache.noindex/CoreTransferable-VZYZPRO6EDZ0W1VV99LI4AAZ.pcm /Users/mecid/Desktop/OKUL\ /projeler/NEXUS/NEXUSStudyPad/.build/Phase2HotfixRelease/ModuleCache.noindex/QuartzCore-8PVDL5FB70PELGNUZOLA0IYRM.pcm /Users/mecid/Desktop/OKUL\ /projeler/NEXUS/NEXUSStudyPad/.build/Phase2HotfixRelease/ModuleCache.noindex/CoreData-DC36KZLFUNVO4DGOEYF15SYF1.pcm /Users/mecid/Desktop/OKUL\ /projeler/NEXUS/NEXUSStudyPad/.build/Phase2HotfixRelease/ModuleCache.noindex/_DarwinFoundation2-13NXFG7PY4LXH9A47U16Z4OMN.pcm /Users/mecid/Desktop/OKUL\ /projeler/NEXUS/NEXUSStudyPad/.build/Phase2HotfixRelease/ModuleCache.noindex/UIUtilities-1RC5R6M9MW6B97D1F96IA7ZB4.pcm /Users/mecid/Desktop/OKUL\ /projeler/NEXUS/NEXUSStudyPad/.build/Phase2HotfixRelease/ModuleCache.noindex/XPC-B8XQRDYCZVLYKRI11VZLLAQ6S.pcm /Users/mecid/Desktop/OKUL\ /projeler/NEXUS/NEXUSStudyPad/.build/Phase2HotfixRelease/Build/Intermediates.noindex/NEXUSStudyPad.build/Release-iphonesimulator/NEXUSStudyPad.build/Objects-normal/x86_64/NEXUSStudyPad-dependencies-1.json (in target 'NEXUSStudyPad' from project 'NEXUSStudyPad')

CompileSwift normal x86_64 (in target 'NEXUSStudyPad' from project 'NEXUSStudyPad')
    cd /Users/mecid/Desktop/OKUL\ /projeler/NEXUS/NEXUSStudyPad
    

SwiftExplicitDependencyGeneratePcm arm64 /Users/mecid/Desktop/OKUL\ /projeler/NEXUS/NEXUSStudyPad/.build/Phase2HotfixRelease/ModuleCache.noindex/PencilKit-11U90N4XZ04D2FPP41TWC8BWI.pcm

SwiftExplicitDependencyGeneratePcm arm64 /Users/mecid/Desktop/OKUL\ /projeler/NEXUS/NEXUSStudyPad/.build/Phase2HotfixRelease/ModuleCache.noindex/MetalKit-7LSVDNK5AVE5NJZTHH1KBOPBW.pcm

SwiftExplicitDependencyGeneratePcm arm64 /Users/mecid/Desktop/OKUL\ /projeler/NEXUS/NEXUSStudyPad/.build/Phase2HotfixRelease/ModuleCache.noindex/SwiftUI-2QX6BJESUAJDR31OSZWCV5DAM.pcm

SwiftExplicitDependencyGeneratePcm arm64 /Users/mecid/Desktop/OKUL\ /projeler/NEXUS/NEXUSStudyPad/.build/Phase2HotfixRelease/ModuleCache.noindex/PDFKit-3V17JYRCNBKBUA7SI73ABFZ6Z.pcm

SwiftCompile normal arm64 Compiling\ NEXUSStudyPadApp.swift,\ RootView.swift,\ PencilCanvasView.swift,\ TerminalStates.swift,\ AppRoute.swift,\ PadDesignSystem.swift,\ CourseViews.swift,\ DocumentViews.swift,\ PDFKitViews.swift,\ HomeView.swift,\ HomeViewModel.swift,\ LectureViews.swift,\ NoteViews.swift,\ TaskViews.swift,\ TransferView.swift,\ StudyModels.swift,\ PersistenceController.swift,\ AudioRecordingService.swift,\ DocumentImportService.swift,\ StudyPadTransferService.swift,\ GeneratedAssetSymbols.swift /Users/mecid/Desktop/OKUL\ /projeler/NEXUS/NEXUSStudyPad/NEXUSStudyPad/App/NEXUSStudyPadApp.swift /Users/mecid/Desktop/OKUL\ /projeler/NEXUS/NEXUSStudyPad/NEXUSStudyPad/App/RootView.swift /Users/mecid/Desktop/OKUL\ /projeler/NEXUS/NEXUSStudyPad/NEXUSStudyPad/Components/PencilCanvasView.swift /Users/mecid/Desktop/OKUL\ /projeler/NEXUS/NEXUSStudyPad/NEXUSStudyPad/Components/TerminalStates.swift /Users/mecid/Desktop/OKUL\ /projeler/NEXUS/NEXUSStudyPad/NEXUSStudyPad/Core/AppRoute.swift /Users/mecid/Desktop/OKUL\ /projeler/NEXUS/NEXUSStudyPad/NEXUSStudyPad/DesignSystem/PadDesignSystem.swift /Users/mecid/Desktop/OKUL\ /projeler/NEXUS/NEXUSStudyPad/NEXUSStudyPad/Features/Courses/CourseViews.swift /Users/mecid/Desktop/OKUL\ /projeler/NEXUS/NEXUSStudyPad/NEXUSStudyPad/Features/Documents/DocumentViews.swift /Users/mecid/Desktop/OKUL\ /projeler/NEXUS/NEXUSStudyPad/NEXUSStudyPad/Features/Documents/PDFKitViews.swift /Users/mecid/Desktop/OKUL\ /projeler/NEXUS/NEXUSStudyPad/NEXUSStudyPad/Features/Home/HomeView.swift /Users/mecid/Desktop/OKUL\ /projeler/NEXUS/NEXUSStudyPad/NEXUSStudyPad/Features/Home/HomeViewModel.swift /Users/mecid/Desktop/OKUL\ /projeler/NEXUS/NEXUSStudyPad/NEXUSStudyPad/Features/Lectures/LectureViews.swift /Users/mecid/Desktop/OKUL\ /projeler/NEXUS/NEXUSStudyPad/NEXUSStudyPad/Features/Notes/NoteViews.swift /Users/mecid/Desktop/OKUL\ /projeler/NEXUS/NEXUSStudyPad/NEXUSStudyPad/Features/Tasks/TaskViews.swift /Users/mecid/Desktop/OKUL\ /projeler/NEXUS/NEXUSStudyPad/NEXUSStudyPad/Features/Transfer/TransferView.swift /Users/mecid/Desktop/OKUL\ /projeler/NEXUS/NEXUSStudyPad/NEXUSStudyPad/Models/StudyModels.swift /Users/mecid/Desktop/OKUL\ /projeler/NEXUS/NEXUSStudyPad/NEXUSStudyPad/Persistence/PersistenceController.swift /Users/mecid/Desktop/OKUL\ /projeler/NEXUS/NEXUSStudyPad/NEXUSStudyPad/Services/AudioRecordingService.swift /Users/mecid/Desktop/OKUL\ /projeler/NEXUS/NEXUSStudyPad/NEXUSStudyPad/Services/DocumentImportService.swift /Users/mecid/Desktop/OKUL\ /projeler/NEXUS/NEXUSStudyPad/NEXUSStudyPad/Services/StudyPadTransferService.swift /Users/mecid/Desktop/OKUL\ /projeler/NEXUS/NEXUSStudyPad/.build/Phase2HotfixRelease/Build/Intermediates.noindex/NEXUSStudyPad.build/Release-iphonesimulator/NEXUSStudyPad.build/DerivedSources/GeneratedAssetSymbols.swift /Applications/Xcode.app/Contents/Developer/Toolchains/XcodeDefault.xctoolchain/usr/lib/swift/iphonesimulator/prebuilt-modules/26.5/ModelIO.swiftmodule/arm64-apple-ios-simulator.swiftmodule /Applications/Xcode.app/Contents/Developer/Toolchains/XcodeDefault.xctoolchain/usr/lib/swift/iphonesimulator/prebuilt-modules/26.5/SwiftUICore.swiftmodule/arm64-apple-ios-simulator.swiftmodule /Applications/Xcode.app/Contents/Developer/Toolchains/XcodeDefault.xctoolchain/usr/lib/swift/iphonesimulator/prebuilt-modules/26.5/SwiftUI.swiftmodule/arm64-apple-ios-simulator.swiftmodule /Applications/Xcode.app/Contents/Developer/Toolchains/XcodeDefault.xctoolchain/usr/lib/swift/iphonesimulator/prebuilt-modules/26.5/Symbols.swiftmodule/arm64-apple-ios-simulator.swiftmodule /Applications/Xcode.app/Contents/Developer/Toolchains/XcodeDefault.xctoolchain/usr/lib/swift/iphonesimulator/prebuilt-modules/26.5/Dispatch.swiftmodule/arm64-apple-ios-simulator.swiftmodule /Applications/Xcode.app/Contents/Developer/Toolchains/XcodeDefault.xctoolchain/usr/lib/swift/iphonesimulator/prebuilt-modules/26.5/UIKit.swiftmodule/arm64-apple-ios-simulator.swiftmodule /Applications/Xcode.app/Contents/Developer/Toolchains/XcodeDefault.xctoolchain/usr/lib/swift/iphonesimulator/prebuilt-modules/26.5/_Concurrency.swiftmodule/arm64-apple-ios-simulator.swiftmodule /Applications/Xcode.app/Contents/Developer/Toolchains/XcodeDefault.xctoolchain/usr/lib/swift/iphonesimulator/prebuilt-modules/26.5/_SwiftData_SwiftUI.swiftmodule/arm64-apple-ios-simulator.swiftmodule /Applications/Xcode.app/Contents/Developer/Toolchains/XcodeDefault.xctoolchain/usr/lib/swift/iphonesimulator/prebuilt-modules/26.5/CoreTransferable.swiftmodule/arm64-apple-ios-simulator.swiftmodule /Applications/Xcode.app/Contents/Developer/Toolchains/XcodeDefault.xctoolchain/usr/lib/swift/iphonesimulator/prebuilt-modules/26.5/_DarwinFoundation1.swiftmodule/arm64-apple-ios-simulator.swiftmodule /Applications/Xcode.app/Contents/Developer/Toolchains/XcodeDefault.xctoolchain/usr/lib/swift/iphonesimulator/prebuilt-modules/26.5/PencilKit.swiftmodule/arm64-apple-ios-simulator.swiftmodule /Applications/Xcode.app/Contents/Developer/Toolchains/XcodeDefault.xctoolchain/usr/lib/swift/iphonesimulator/prebuilt-modules/26.5/DeveloperToolsSupport.swiftmodule/arm64-apple-ios-simulator.swiftmodule /Applications/Xcode.app/Contents/Developer/Toolchains/XcodeDefault.xctoolchain/usr/lib/swift/iphonesimulator/prebuilt-modules/26.5/OSLog.swiftmodule/arm64-apple-ios-simulator.swiftmodule /Applications/Xcode.app/Contents/Developer/Toolchains/XcodeDefault.xctoolchain/usr/lib/swift/iphonesimulator/prebuilt-modules/26.5/Combine.swiftmodule/arm64-apple-ios-simulator.swiftmodule /Applications/Xcode.app/Contents/Developer/Toolchains/XcodeDefault.xctoolchain/usr/lib/swift/iphonesimulator/prebuilt-modules/26.5/Metal.swiftmodule/arm64-apple-ios-simulator.swiftmodule /Applications/Xcode.app/Contents/Developer/Toolchains/XcodeDefault.xctoolchain/usr/lib/swift/iphonesimulator/prebuilt-modules/26.5/os.swiftmodule/arm64-apple-ios-simulator.swiftmodule /Applications/Xcode.app/Contents/Developer/Toolchains/XcodeDefault.xctoolchain/usr/lib/swift/iphonesimulator/prebuilt-modules/26.5/CoreGraphics.swiftmodule/arm64-apple-ios-simulator.swiftmodule /Applications/Xcode.app/Contents/Developer/Toolchains/XcodeDefault.xctoolchain/usr/lib/swift/iphonesimulator/prebuilt-modules/26.5/CoreVideo.swiftmodule/arm64-apple-ios-simulator.swiftmodule /Applications/Xcode.app/Contents/Developer/Toolchains/XcodeDefault.xctoolchain/usr/lib/swift/iphonesimulator/prebuilt-modules/26.5/CoreText.swiftmodule/arm64-apple-ios-simulator.swiftmodule /Applications/Xcode.app/Contents/Developer/Toolchains/XcodeDefault.xctoolchain/usr/lib/swift/iphonesimulator/prebuilt-modules/26.5/_DarwinFoundation3.swiftmodule/arm64-apple-ios-simulator.swiftmodule /Applications/Xcode.app/Contents/Developer/Toolchains/XcodeDefault.xctoolchain/usr/lib/swift/iphonesimulator/prebuilt-modules/26.5/CoreImage.swiftmodule/arm64-apple-ios-simulator.swiftmodule /Applications/Xcode.app/Contents/Developer/Toolchains/XcodeDefault.xctoolchain/usr/lib/swift/iphonesimulator/prebuilt-modules/26.5/QuartzCore.swiftmodule/arm64-apple-ios-simulator.swiftmodule /Applications/Xcode.app/Contents/Developer/Toolchains/XcodeDefault.xctoolchain/usr/lib/swift/iphonesimulator/prebuilt-modules/26.5/simd.swiftmodule/arm64-apple-ios-simulator.swiftmodule /Applications/Xcode.app/Contents/Developer/Toolchains/XcodeDefault.xctoolchain/usr/lib/swift/iphonesimulator/prebuilt-modules/26.5/Observation.swiftmodule/arm64-apple-ios-simulator.swiftmodule /Applications/Xcode.app/Contents/Developer/Toolchains/XcodeDefault.xctoolchain/usr/lib/swift/iphonesimulator/prebuilt-modules/26.5/ObjectiveC.swiftmodule/arm64-apple-ios-simulator.swiftmodule /Applications/Xcode.app/Contents/Developer/Toolchains/XcodeDefault.xctoolchain/usr/lib/swift/iphonesimulator/prebuilt-modules/26.5/AVFAudio.swiftmodule/arm64-apple-ios-simulator.swiftmodule /Applications/Xcode.app/Contents/Developer/Toolchains/XcodeDefault.xctoolchain/usr/lib/swift/iphonesimulator/prebuilt-modules/26.5/DataDetection.swiftmodule/arm64-apple-ios-simulator.swiftmodule /Applications/Xcode.app/Contents/Developer/Toolchains/XcodeDefault.xctoolchain/usr/lib/swift/iphonesimulator/prebuilt-modules/26.5/_StringProcessing.swiftmodule/arm64-apple-ios-simulator.swiftmodule /Applications/Xcode.app/Contents/Developer/Toolchains/XcodeDefault.xctoolchain/usr/lib/swift/iphonesimulator/prebuilt-modules/26.5/Accessibility.swiftmodule/arm64-apple-ios-simulator.swiftmodule /Applications/Xcode.app/Contents/Developer/Toolchains/XcodeDefault.xctoolchain/usr/lib/swift/iphonesimulator/prebuilt-modules/26.5/CoreFoundation.swiftmodule/arm64-apple-ios-simulator.swiftmodule /Applications/Xcode.app/Contents/Developer/Toolchains/XcodeDefault.xctoolchain/usr/lib/swift/iphonesimulator/prebuilt-modules/26.5/FileProvider.swiftmodule/arm64-apple-ios-simulator.swiftmodule /Applications/Xcode.app/Contents/Developer/Toolchains/XcodeDefault.xctoolchain/usr/lib/swift/iphonesimulator/prebuilt-modules/26.5/Spatial.swiftmodule/arm64-apple-ios-simulator.swiftmodule /Applications/Xcode.app/Contents/Developer/Toolchains/XcodeDefault.xctoolchain/usr/lib/swift/iphonesimulator/prebuilt-modules/26.5/System.swiftmodule/arm64-apple-ios-simulator.swiftmodule /Applications/Xcode.app/Contents/Developer/Toolchains/XcodeDefault.xctoolchain/usr/lib/swift/iphonesimulator/prebuilt-modules/26.5/Synchronization.swiftmodule/arm64-apple-ios-simulator.swiftmodule /Applications/Xcode.app/Contents/Developer/Toolchains/XcodeDefault.xctoolchain/usr/lib/swift/iphonesimulator/prebuilt-modules/26.5/CoreMedia.swiftmodule/arm64-apple-ios-simulator.swiftmodule /Applications/Xcode.app/Contents/Developer/Toolchains/XcodeDefault.xctoolchain/usr/lib/swift/iphonesimulator/prebuilt-modules/26.5/AudioToolbox.swiftmodule/arm64-apple-ios-simulator.swiftmodule /Applications/Xcode.app/Contents/Developer/Toolchains/XcodeDefault.xctoolchain/usr/lib/swift/iphonesimulator/prebuilt-modules/26.5/Swift.swiftmodule/arm64-apple-ios-simulator.swiftmodule /Applications/Xcode.app/Contents/Developer/Toolchains/XcodeDefault.xctoolchain/usr/lib/swift/iphonesimulator/prebuilt-modules/26.5/MetalKit.swiftmodule/arm64-apple-ios-simulator.swiftmodule /Applications/Xcode.app/Contents/Developer/Toolchains/XcodeDefault.xctoolchain/usr/lib/swift/iphonesimulator/prebuilt-modules/26.5/XPC.swiftmodule/arm64-apple-ios-simulator.swiftmodule /Applications/Xcode.app/Contents/Developer/Toolchains/XcodeDefault.xctoolchain/usr/lib/swift/iphonesimulator/prebuilt-modules/26.5/CoreData.swiftmodule/arm64-apple-ios-simulator.swiftmodule /Applications/Xcode.app/Contents/Developer/Toolchains/XcodeDefault.xctoolchain/usr/lib/swift/iphonesimulator/prebuilt-modules/26.5/_Builtin_float.swiftmodule/arm64-apple-ios-simulator.swiftmodule /Applications/Xcode.app/Contents/Developer/Toolchains/XcodeDefault.xctoolchain/usr/lib/swift/iphonesimulator/prebuilt-modules/26.5/UniformTypeIdentifiers.swiftmodule/arm64-apple-ios-simulator.swiftmodule /Applications/Xcode.app/Contents/Developer/Toolchains/XcodeDefault.xctoolchain/usr/lib/swift/iphonesimulator/prebuilt-modules/26.5/Foundation.swiftmodule/arm64-apple-ios-simulator.swiftmodule /Applications/Xcode.app/Contents/Developer/Toolchains/XcodeDefault.xctoolchain/usr/lib/swift/iphonesimulator/prebuilt-modules/26.5/AVFoundation.swiftmodule/arm64-apple-ios-simulator.swiftmodule /Applications/Xcode.app/Contents/Developer/Toolchains/XcodeDefault.xctoolchain/usr/lib/swift/iphonesimulator/prebuilt-modules/26.5/Darwin.swiftmodule/arm64-apple-ios-simulator.swiftmodule /Applications/Xcode.app/Contents/Developer/Toolchains/XcodeDefault.xctoolchain/usr/lib/swift/iphonesimulator/prebuilt-modules/26.5/PDFKit.swiftmodule/arm64-apple-ios-simulator.swiftmodule /Applications/Xcode.app/Contents/Developer/Toolchains/XcodeDefault.xctoolchain/usr/lib/swift/iphonesimulator/prebuilt-modules/26.5/_DarwinFoundation2.swiftmodule/arm64-apple-ios-simulator.swiftmodule /Applications/Xcode.app/Contents/Developer/Toolchains/XcodeDefault.xctoolchain/usr/lib/swift/iphonesimulator/prebuilt-modules/26.5/SwiftData.swiftmodule/arm64-apple-ios-simulator.swiftmodule /Applications/Xcode.app/Contents/Developer/Toolchains/XcodeDefault.xctoolchain/usr/lib/swift/iphonesimulator/prebuilt-modules/26.5/CoreAudio.swiftmodule/arm64-apple-ios-simulator.swiftmodule /Applications/Xcode.app/Contents/Developer/Toolchains/XcodeDefault.xctoolchain/usr/lib/swift/iphonesimulator/prebuilt-modules/26.5/CoreMIDI.swiftmodule/arm64-apple-ios-simulator.swiftmodule /Users/mecid/Desktop/OKUL\ /projeler/NEXUS/NEXUSStudyPad/.build/Phase2HotfixRelease/ModuleCache.noindex/_Builtin_float-6K5RGCAUNQCNSX3IIJWYUN1LE.pcm /Users/mecid/Desktop/OKUL\ /projeler/NEXUS/NEXUSStudyPad/.build/Phase2HotfixRelease/ModuleCache.noindex/MachO-3HMM3PHHXVZZTM2TYRA9LA0OT.pcm /Users/mecid/Desktop/OKUL\ /projeler/NEXUS/NEXUSStudyPad/.build/Phase2HotfixRelease/ModuleCache.noindex/os_workgroup-4LV2G7KIYSA0SDVZ4X6PVEV9E.pcm /Users/mecid/Desktop/OKUL\ /projeler/NEXUS/NEXUSStudyPad/.build/Phase2HotfixRelease/ModuleCache.noindex/CoreMedia-7EXZVWMGPMT1YAJPX8JRI8986.pcm /Users/mecid/Desktop/OKUL\ /projeler/NEXUS/NEXUSStudyPad/.build/Phase2HotfixRelease/ModuleCache.noindex/MetalKit-7LSVDNK5AVE5NJZTHH1KBOPBW.pcm /Users/mecid/Desktop/OKUL\ /projeler/NEXUS/NEXUSStudyPad/.build/Phase2HotfixRelease/ModuleCache.noindex/QuartzCore-41P7VO5WTI92FYRI6H43EBZ64.pcm /Users/mecid/Desktop/OKUL\ /projeler/NEXUS/NEXUSStudyPad/.build/Phase2HotfixRelease/ModuleCache.noindex/CoreData-E83F87YKK20QZJVV3KNAE7B2R.pcm /Users/mecid/Desktop/OKUL\ /projeler/NEXUS/NEXUSStudyPad/.build/Phase2HotfixRelease/ModuleCache.noindex/ptrcheck-6PSYZGYF8J197JI3UATDXMRZG.pcm /Users/mecid/Desktop/OKUL\ /projeler/NEXUS/NEXUSStudyPad/.build/Phase2HotfixRelease/ModuleCache.noindex/CoreFoundation-4IXHL0CW220UBTQXNQSXAD5YM.pcm /Users/mecid/Desktop/OKUL\ /projeler/NEXUS/NEXUSStudyPad/.build/Phase2HotfixRelease/ModuleCache.noindex/AVRouting-CDLO2UR1OT5V7EHKHAM4NIYO6.pcm /Users/mecid/Desktop/OKUL\ /projeler/NEXUS/NEXUSStudyPad/.build/Phase2HotfixRelease/ModuleCache.noindex/AudioToolbox-F2ZVK5QGY8AIHILR1YMIW6H0G.pcm /Users/mecid/Desktop/OKUL\ /projeler/NEXUS/NEXUSStudyPad/.build/Phase2HotfixRelease/ModuleCache.noindex/_Builtin_limits-ENST4CRPL8J9T0XH9Q6CF4KJP.pcm /Users/mecid/Desktop/OKUL\ /projeler/NEXUS/NEXUSStudyPad/.build/Phase2HotfixRelease/ModuleCache.noindex/_Builtin_stdbool-2BOLN1LOGOMQ7WPDFH2DUWU0T.pcm /Users/mecid/Desktop/OKUL\ /projeler/NEXUS/NEXUSStudyPad/.build/Phase2HotfixRelease/ModuleCache.noindex/CoreText-BIVK5GZKLF7BMEEOAKNUWQI1O.pcm /Users/mecid/Desktop/OKUL\ /projeler/NEXUS/NEXUSStudyPad/.build/Phase2HotfixRelease/ModuleCache.noindex/Metal-BW6DQMRECUUXSDRCFJ8K3UEW.pcm /Users/mecid/Desktop/OKUL\ /projeler/NEXUS/NEXUSStudyPad/.build/Phase2HotfixRelease/ModuleCache.noindex/AVFoundation-49G0TBZYRWBZKBX3LVG03WOCY.pcm /Users/mecid/Desktop/OKUL\ /projeler/NEXUS/NEXUSStudyPad/.build/Phase2HotfixRelease/ModuleCache.noindex/_DarwinFoundation3-32JVQBDMKTEOP6PX45CYV87L.pcm /Users/mecid/Desktop/OKUL\ /projeler/NEXUS/NEXUSStudyPad/.build/Phase2HotfixRelease/ModuleCache.noindex/os-8CY7F4TZUHM79KTHDKS8YJE6T.pcm /Users/mecid/Desktop/OKUL\ /projeler/NEXUS/NEXUSStudyPad/.build/Phase2HotfixRelease/ModuleCache.noindex/AVFAudio-A0J2WVJBPRIDA1RX3P0FX3N2I.pcm /Users/mecid/Desktop/OKUL\ /projeler/NEXUS/NEXUSStudyPad/.build/Phase2HotfixRelease/ModuleCache.noindex/CoreGraphics-AW7AUZV6IBSZTMMP89L00ABJF.pcm /Users/mecid/Desktop/OKUL\ /projeler/NEXUS/NEXUSStudyPad/.build/Phase2HotfixRelease/ModuleCache.noindex/CoreTransferable-6GZGUAPRCPS9VOFS16C1GY0KR.pcm /Users/mecid/Desktop/OKUL\ /projeler/NEXUS/NEXUSStudyPad/.build/Phase2HotfixRelease/ModuleCache.noindex/_DarwinFoundation2-3Q8EU0PS43NTBUV7TYWKJP0SM.pcm /Users/mecid/Desktop/OKUL\ /projeler/NEXUS/NEXUSStudyPad/.build/Phase2HotfixRelease/ModuleCache.noindex/UserNotifications-DFDRB8AGYQY3BEH2V417W8L0L.pcm /Users/mecid/Desktop/OKUL\ /projeler/NEXUS/NEXUSStudyPad/.build/Phase2HotfixRelease/ModuleCache.noindex/_Builtin_intrinsics-65SFBK9COJXVLDLHZSRUUMQ5O.pcm /Users/mecid/Desktop/OKUL\ /projeler/NEXUS/NEXUSStudyPad/.build/Phase2HotfixRelease/ModuleCache.noindex/Network-57CRITZ72Q1SOV2275NP9ZIVP.pcm /Users/mecid/Desktop/OKUL\ /projeler/NEXUS/NEXUSStudyPad/.build/Phase2HotfixRelease/ModuleCache.noindex/_Builtin_stddef-7Q1B5PA70OV5JGNCZ741V0JTO.pcm /Users/mecid/Desktop/OKUL\ /projeler/NEXUS/NEXUSStudyPad/.build/Phase2HotfixRelease/ModuleCache.noindex/os_object-BROP6LXIVRL9UYTZIOP7CBB14.pcm /Users/mecid/Desktop/OKUL\ /projeler/NEXUS/NEXUSStudyPad/.build/Phase2HotfixRelease/ModuleCache.noindex/_DarwinFoundation1-11OAWOEE9FKL67QB0SD2R7FZ8.pcm /Users/mecid/Desktop/OKUL\ /projeler/NEXUS/NEXUSStudyPad/.build/Phase2HotfixRelease/ModuleCache.noindex/DeveloperToolsSupport-2RA293HH3SPPUZMPGAC3OWE2Q.pcm /Users/mecid/Desktop/OKUL\ /projeler/NEXUS/NEXUSStudyPad/.build/Phase2HotfixRelease/ModuleCache.noindex/UIKit-56BPGF04MWWXW2TMUV4OF0NFW.pcm /Users/mecid/Desktop/OKUL\ /projeler/NEXUS/NEXUSStudyPad/.build/Phase2HotfixRelease/ModuleCache.noindex/SwiftUI-2QX6BJESUAJDR31OSZWCV5DAM.pcm /Users/mecid/Desktop/OKUL\ /projeler/NEXUS/NEXUSStudyPad/.build/Phase2HotfixRelease/ModuleCache.noindex/SwiftShims-14PUFLORGKK1EGHOCKW5LSVZ2.pcm /Users/mecid/Desktop/OKUL\ /projeler/NEXUS/NEXUSStudyPad/.build/Phase2HotfixRelease/ModuleCache.noindex/CoreVideo-8G305SPXH8M67HJMRPLKOZW3R.pcm /Users/mecid/Desktop/OKUL\ /projeler/NEXUS/NEXUSStudyPad/.build/Phase2HotfixRelease/ModuleCache.noindex/FileProvider-BX5MZYR23CP1M9RZ1IC8PMJL7.pcm /Users/mecid/Desktop/OKUL\ /projeler/NEXUS/NEXUSStudyPad/.build/Phase2HotfixRelease/ModuleCache.noindex/MediaToolbox-6UERTJMPDRNMX9ROVIYL2T59T.pcm /Users/mecid/Desktop/OKUL\ /projeler/NEXUS/NEXUSStudyPad/.build/Phase2HotfixRelease/ModuleCache.noindex/_SwiftConcurrencyShims-9URSKZLG4VDBTX5QIC7SRUASL.pcm /Users/mecid/Desktop/OKUL\ /projeler/NEXUS/NEXUSStudyPad/.build/Phase2HotfixRelease/ModuleCache.noindex/CoreAudio-2S153B3RCWCFP7K4SAZEFE1GH.pcm /Users/mecid/Desktop/OKUL\ /projeler/NEXUS/NEXUSStudyPad/.build/Phase2HotfixRelease/ModuleCache.noindex/CFNetwork-DUTO92QS66UVMX1EYVAR7LKWA.pcm /Users/mecid/Desktop/OKUL\ /projeler/NEXUS/NEXUSStudyPad/.build/Phase2HotfixRelease/ModuleCache.noindex/SwiftUICore-7NNBYNXUD521SZZW11KPOARNS.pcm /Users/mecid/Desktop/OKUL\ /projeler/NEXUS/NEXUSStudyPad/.build/Phase2HotfixRelease/ModuleCache.noindex/sys_types-DL9EP8A96MJYGTMUMOZQUY74K.pcm /Users/mecid/Desktop/OKUL\ /projeler/NEXUS/NEXUSStudyPad/.build/Phase2HotfixRelease/ModuleCache.noindex/XPC-99NGJM6QJ3APAEJHUBRS8GHOH.pcm /Users/mecid/Desktop/OKUL\ /projeler/NEXUS/NEXUSStudyPad/.build/Phase2HotfixRelease/ModuleCache.noindex/ModelIO-1L62BRU1JIONXHDYEJG7X30MZ.pcm /Users/mecid/Desktop/OKUL\ /projeler/NEXUS/NEXUSStudyPad/.build/Phase2HotfixRelease/ModuleCache.noindex/Security-BVJW0Q1FF72F1K69UJ6DW50DC.pcm /Users/mecid/Desktop/OKUL\ /projeler/NEXUS/NEXUSStudyPad/.build/Phase2HotfixRelease/ModuleCache.noindex/simd-C5JCBEAAZD9MWE4FKXGLP8QAL.pcm /Users/mecid/Desktop/OKUL\ /projeler/NEXUS/NEXUSStudyPad/.build/Phase2HotfixRelease/ModuleCache.noindex/DataDetection-CC827WXB2EV5N003IT3Y89AOJ.pcm /Users/mecid/Desktop/OKUL\ /projeler/NEXUS/NEXUSStudyPad/.build/Phase2HotfixRelease/ModuleCache.noindex/IOSurface-1XCC6C1ZOXBGZT73TBRCIN6VK.pcm /Users/mecid/Desktop/OKUL\ /projeler/NEXUS/NEXUSStudyPad/.build/Phase2HotfixRelease/ModuleCache.noindex/OpenGLES-873SUMF7Y4HNZZOOABAMVLD4H.pcm /Users/mecid/Desktop/OKUL\ /projeler/NEXUS/NEXUSStudyPad/.build/Phase2HotfixRelease/ModuleCache.noindex/Dispatch-3D8HFAV1RWFK8F3LU99R6W8EA.pcm /Users/mecid/Desktop/OKUL\ /projeler/NEXUS/NEXUSStudyPad/.build/Phase2HotfixRelease/ModuleCache.noindex/_Builtin_stdatomic-AI1F85B0IA5V8LOMLTP67FS4F.pcm /Users/mecid/Desktop/OKUL\ /projeler/NEXUS/NEXUSStudyPad/.build/Phase2HotfixRelease/ModuleCache.noindex/_Builtin_tgmath-52FPGJQ8X0QO64QD9E6IX6TXP.pcm /Users/mecid/Desktop/OKUL\ /projeler/NEXUS/NEXUSStudyPad/.build/Phase2HotfixRelease/ModuleCache.noindex/_Builtin_inttypes-EEPB9HDXHFTCBEZVAA0RVM7AG.pcm /Users/mecid/Desktop/OKUL\ /projeler/NEXUS/NEXUSStudyPad/.build/Phase2HotfixRelease/ModuleCache.noindex/Foundation-6E9B5L30KGCQOULXTQB5HJJWF.pcm /Users/mecid/Desktop/OKUL\ /projeler/NEXUS/NEXUSStudyPad/.build/Phase2HotfixRelease/ModuleCache.noindex/CoreMIDI-5BZUZX67FHG6TJ5C07SNYO2.pcm /Users/mecid/Desktop/OKUL\ /projeler/NEXUS/NEXUSStudyPad/.build/Phase2HotfixRelease/ModuleCache.noindex/UIUtilities-4ICEVMXRI1LC3LZMIK2S2UFQI.pcm /Users/mecid/Desktop/OKUL\ /projeler/NEXUS/NEXUSStudyPad/.build/Phase2HotfixRelease/ModuleCache.noindex/CoreAudioTypes-A5MF16GWZA5INPPR3O2ORYX9X.pcm /Users/mecid/Desktop/OKUL\ /projeler/NEXUS/NEXUSStudyPad/.build/Phase2HotfixRelease/ModuleCache.noindex/_Builtin_stdint-4I5E2TLB6075QAOYVZM2CCG9Y.pcm /Users/mecid/Desktop/OKUL\ /projeler/NEXUS/NEXUSStudyPad/.build/Phase2HotfixRelease/ModuleCache.noindex/_AvailabilityInternal-9VENV695EEAL5NWZTQLW7MERI.pcm /Users/mecid/Desktop/OKUL\ /projeler/NEXUS/NEXUSStudyPad/.build/Phase2HotfixRelease/ModuleCache.noindex/PDFKit-3V17JYRCNBKBUA7SI73ABFZ6Z.pcm /Users/mecid/Desktop/OKUL\ /projeler/NEXUS/NEXUSStudyPad/.build/Phase2HotfixRelease/ModuleCache.noindex/ObjectiveC-984DL6ZAXPRTKZ6RZ8GO5OMR1.pcm /Users/mecid/Desktop/OKUL\ /projeler/NEXUS/NEXUSStudyPad/.build/Phase2HotfixRelease/ModuleCache.noindex/OSLog-B5DNT6PEJEE087VUVZG3SOPS0.pcm /Users/mecid/Desktop/OKUL\ /projeler/NEXUS/NEXUSStudyPad/.build/Phase2HotfixRelease/ModuleCache.noindex/CoreImage-E39YMRPQCN2BMGFXUAN6FKQ40.pcm /Users/mecid/Desktop/OKUL\ /projeler/NEXUS/NEXUSStudyPad/.build/Phase2HotfixRelease/ModuleCache.noindex/Symbols-9AMZLSP9YJKNDP9KYXPG1QOHU.pcm /Users/mecid/Desktop/OKUL\ /projeler/NEXUS/NEXUSStudyPad/.build/Phase2HotfixRelease/ModuleCache.noindex/UniformTypeIdentifiers-20WRFSBPC2GL1QV0VONXGVHE7.pcm /Users/mecid/Desktop/OKUL\ /projeler/NEXUS/NEXUSStudyPad/.build/Phase2HotfixRelease/ModuleCache.noindex/ImageIO-DN7JE4ZCUXRQOSVAVSY8JGVR3.pcm /Users/mecid/Desktop/OKUL\ /projeler/NEXUS/NEXUSStudyPad/.build/Phase2HotfixRelease/ModuleCache.noindex/_Builtin_stdarg-20AFOXTXDXLPRRDYLUXDTESW2.pcm /Users/mecid/Desktop/OKUL\ /projeler/NEXUS/NEXUSStudyPad/.build/Phase2HotfixRelease/ModuleCache.noindex/Spatial-ERYPRY2ONJXC1BS3AQUIDULJB.pcm /Users/mecid/Desktop/OKUL\ /projeler/NEXUS/NEXUSStudyPad/.build/Phase2HotfixRelease/ModuleCache.noindex/Accessibility-BR6EF2B5FZ6IAURE5T5Y6B6VK.pcm /Users/mecid/Desktop/OKUL\ /projeler/NEXUS/NEXUSStudyPad/.build/Phase2HotfixRelease/ModuleCache.noindex/dnssd-1FGFH0U3BVHQVEFM77KHTDSLH.pcm /Users/mecid/Desktop/OKUL\ /projeler/NEXUS/NEXUSStudyPad/.build/Phase2HotfixRelease/ModuleCache.noindex/Darwin-3FCEXI9G878UJN70ZFD00C3SD.pcm /Users/mecid/Desktop/OKUL\ /projeler/NEXUS/NEXUSStudyPad/.build/Phase2HotfixRelease/ModuleCache.noindex/ptrauth-4QEGG3UGMULF0S78OMO79GXMG.pcm /Users/mecid/Desktop/OKUL\ /projeler/NEXUS/NEXUSStudyPad/.build/Phase2HotfixRelease/ModuleCache.noindex/PencilKit-11U90N4XZ04D2FPP41TWC8BWI.pcm /Users/mecid/Desktop/OKUL\ /projeler/NEXUS/NEXUSStudyPad/.build/Phase2HotfixRelease/Build/Intermediates.noindex/NEXUSStudyPad.build/Release-iphonesimulator/NEXUSStudyPad.build/Objects-normal/arm64/NEXUSStudyPad-dependencies-2.json (in target 'NEXUSStudyPad' from project 'NEXUSStudyPad')
CompileSwift normal arm64 (in target 'NEXUSStudyPad' from project 'NEXUSStudyPad')
    cd /Users/mecid/Desktop/OKUL\ /projeler/NEXUS/NEXUSStudyPad
    

SwiftDriverJobDiscovery normal x86_64 Compiling NEXUSStudyPadApp.swift, RootView.swift, PencilCanvasView.swift, TerminalStates.swift, AppRoute.swift, PadDesignSystem.swift, CourseViews.swift, DocumentViews.swift, PDFKitViews.swift, HomeView.swift, HomeViewModel.swift, LectureViews.swift, NoteViews.swift, TaskViews.swift, TransferView.swift, StudyModels.swift, PersistenceController.swift, AudioRecordingService.swift, DocumentImportService.swift, StudyPadTransferService.swift, GeneratedAssetSymbols.swift (in target 'NEXUSStudyPad' from project 'NEXUSStudyPad')

SwiftDriver\ Compilation\ Requirements NEXUSStudyPad normal x86_64 com.apple.xcode.tools.swift.compiler (in target 'NEXUSStudyPad' from project 'NEXUSStudyPad')
    cd /Users/mecid/Desktop/OKUL\ /projeler/NEXUS/NEXUSStudyPad
    builtin-Swift-Compilation-Requirements -- /Applications/Xcode.app/Contents/Developer/Toolchains/XcodeDefault.xctoolchain/usr/bin/swiftc -module-name NEXUSStudyPad -O -whole-module-optimization @/Users/mecid/Desktop/OKUL\ /projeler/NEXUS/NEXUSStudyPad/.build/Phase2HotfixRelease/Build/Intermediates.noindex/NEXUSStudyPad.build/Release-iphonesimulator/NEXUSStudyPad.build/Objects-normal/x86_64/NEXUSStudyPad.SwiftFileList -strict-concurrency\=targeted -enable-bare-slash-regex -enable-experimental-feature DebugDescriptionMacro -sdk /Applications/Xcode.app/Contents/Developer/Platforms/iPhoneSimulator.platform/Developer/SDKs/iPhoneSimulator26.5.sdk -target x86_64-apple-ios17.0-simulator -g -module-cache-path /Users/mecid/Desktop/OKUL\ /projeler/NEXUS/NEXUSStudyPad/.build/Phase2HotfixRelease/ModuleCache.noindex -Xfrontend -serialize-debugging-options -swift-version 5 -I /Users/mecid/Desktop/OKUL\ /projeler/NEXUS/NEXUSStudyPad/.build/Phase2HotfixRelease/Build/Products/Release-iphonesimulator -F /Users/mecid/Desktop/OKUL\ /projeler/NEXUS/NEXUSStudyPad/.build/Phase2HotfixRelease/Build/Products/Release-iphonesimulator -emit-localized-strings -emit-localized-strings-path /Users/mecid/Desktop/OKUL\ /projeler/NEXUS/NEXUSStudyPad/.build/Phase2HotfixRelease/Build/Intermediates.noindex/NEXUSStudyPad.build/Release-iphonesimulator/NEXUSStudyPad.build/Objects-normal/x86_64 -c -num-threads 11 -Xcc -ivfsstatcache -Xcc /Users/mecid/Desktop/OKUL\ /projeler/NEXUS/NEXUSStudyPad/.build/Phase2HotfixRelease/SDKStatCaches.noindex/iphonesimulator26.5-23F81a-6cfe768891a92b912361537c460fe42b.sdkstatcache -output-file-map /Users/mecid/Desktop/OKUL\ /projeler/NEXUS/NEXUSStudyPad/.build/Phase2HotfixRelease/Build/Intermediates.noindex/NEXUSStudyPad.build/Release-iphonesimulator/NEXUSStudyPad.build/Objects-normal/x86_64/NEXUSStudyPad-OutputFileMap.json -use-frontend-parseable-output -save-temps -no-color-diagnostics -explicit-module-build -module-cache-path /Users/mecid/Desktop/OKUL\ /projeler/NEXUS/NEXUSStudyPad/.build/Phase2HotfixRelease/Build/Intermediates.noindex/SwiftExplicitPrecompiledModules -clang-scanner-module-cache-path /Users/mecid/Desktop/OKUL\ /projeler/NEXUS/NEXUSStudyPad/.build/Phase2HotfixRelease/ModuleCache.noindex -sdk-module-cache-path /Users/mecid/Desktop/OKUL\ /projeler/NEXUS/NEXUSStudyPad/.build/Phase2HotfixRelease/ModuleCache.noindex -serialize-diagnostics -emit-dependencies -emit-module -emit-module-path /Users/mecid/Desktop/OKUL\ /projeler/NEXUS/NEXUSStudyPad/.build/Phase2HotfixRelease/Build/Intermediates.noindex/NEXUSStudyPad.build/Release-iphonesimulator/NEXUSStudyPad.build/Objects-normal/x86_64/NEXUSStudyPad.swiftmodule -validate-clang-modules-once -clang-build-session-file /Users/mecid/Desktop/OKUL\ /projeler/NEXUS/NEXUSStudyPad/.build/Phase2HotfixRelease/ModuleCache.noindex/Session.modulevalidation -Xcc -I/Users/mecid/Desktop/OKUL\ /projeler/NEXUS/NEXUSStudyPad/.build/Phase2HotfixRelease/Build/Intermediates.noindex/NEXUSStudyPad.build/Release-iphonesimulator/NEXUSStudyPad.build/swift-overrides.hmap -emit-const-values -Xfrontend -const-gather-protocols-file -Xfrontend /Users/mecid/Desktop/OKUL\ /projeler/NEXUS/NEXUSStudyPad/.build/Phase2HotfixRelease/Build/Intermediates.noindex/NEXUSStudyPad.build/Release-iphonesimulator/NEXUSStudyPad.build/Objects-normal/x86_64/NEXUSStudyPad_const_extract_protocols.json -Xcc -iquote -Xcc /Users/mecid/Desktop/OKUL\ /projeler/NEXUS/NEXUSStudyPad/.build/Phase2HotfixRelease/Build/Intermediates.noindex/NEXUSStudyPad.build/Release-iphonesimulator/NEXUSStudyPad.build/NEXUSStudyPad-generated-files.hmap -Xcc -I/Users/mecid/Desktop/OKUL\ /projeler/NEXUS/NEXUSStudyPad/.build/Phase2HotfixRelease/Build/Intermediates.noindex/NEXUSStudyPad.build/Release-iphonesimulator/NEXUSStudyPad.build/NEXUSStudyPad-own-target-headers.hmap -Xcc -I/Users/mecid/Desktop/OKUL\ /projeler/NEXUS/NEXUSStudyPad/.build/Phase2HotfixRelease/Build/Intermediates.noindex/NEXUSStudyPad.build/Release-iphonesimulator/NEXUSStudyPad.build/NEXUSStudyPad-all-target-headers.hmap -Xcc -iquote -Xcc /Users/mecid/Desktop/OKUL\ /projeler/NEXUS/NEXUSStudyPad/.build/Phase2HotfixRelease/Build/Intermediates.noindex/NEXUSStudyPad.build/Release-iphonesimulator/NEXUSStudyPad.build/NEXUSStudyPad-project-headers.hmap -Xcc -I/Users/mecid/Desktop/OKUL\ /projeler/NEXUS/NEXUSStudyPad/.build/Phase2HotfixRelease/Build/Products/Release-iphonesimulator/include -Xcc -I/Users/mecid/Desktop/OKUL\ /projeler/NEXUS/NEXUSStudyPad/.build/Phase2HotfixRelease/Build/Intermediates.noindex/NEXUSStudyPad.build/Release-iphonesimulator/NEXUSStudyPad.build/DerivedSources-normal/x86_64 -Xcc -I/Users/mecid/Desktop/OKUL\ /projeler/NEXUS/NEXUSStudyPad/.build/Phase2HotfixRelease/Build/Intermediates.noindex/NEXUSStudyPad.build/Release-iphonesimulator/NEXUSStudyPad.build/DerivedSources/x86_64 -Xcc -I/Users/mecid/Desktop/OKUL\ /projeler/NEXUS/NEXUSStudyPad/.build/Phase2HotfixRelease/Build/Intermediates.noindex/NEXUSStudyPad.build/Release-iphonesimulator/NEXUSStudyPad.build/DerivedSources -emit-objc-header -emit-objc-header-path /Users/mecid/Desktop/OKUL\ /projeler/NEXUS/NEXUSStudyPad/.build/Phase2HotfixRelease/Build/Intermediates.noindex/NEXUSStudyPad.build/Release-iphonesimulator/NEXUSStudyPad.build/Objects-normal/x86_64/NEXUSStudyPad-Swift.h -working-directory /Users/mecid/Desktop/OKUL\ /projeler/NEXUS/NEXUSStudyPad -no-emit-module-separately-wmo

Copy /Users/mecid/Desktop/OKUL\ /projeler/NEXUS/NEXUSStudyPad/.build/Phase2HotfixRelease/Build/Products/Release-iphonesimulator/NEXUSStudyPad.swiftmodule/x86_64-apple-ios-simulator.swiftdoc /Users/mecid/Desktop/OKUL\ /projeler/NEXUS/NEXUSStudyPad/.build/Phase2HotfixRelease/Build/Intermediates.noindex/NEXUSStudyPad.build/Release-iphonesimulator/NEXUSStudyPad.build/Objects-normal/x86_64/NEXUSStudyPad.swiftdoc (in target 'NEXUSStudyPad' from project 'NEXUSStudyPad')
    cd /Users/mecid/Desktop/OKUL\ /projeler/NEXUS/NEXUSStudyPad
    builtin-copy -exclude .DS_Store -exclude CVS -exclude .svn -exclude .git -exclude .hg -strip-unsigned-binaries -strip-deterministic -strip-tool /Applications/Xcode.app/Contents/Developer/Toolchains/XcodeDefault.xctoolchain/usr/bin/strip -resolve-src-symlinks -rename /Users/mecid/Desktop/OKUL\ /projeler/NEXUS/NEXUSStudyPad/.build/Phase2HotfixRelease/Build/Intermediates.noindex/NEXUSStudyPad.build/Release-iphonesimulator/NEXUSStudyPad.build/Objects-normal/x86_64/NEXUSStudyPad.swiftdoc /Users/mecid/Desktop/OKUL\ /projeler/NEXUS/NEXUSStudyPad/.build/Phase2HotfixRelease/Build/Products/Release-iphonesimulator/NEXUSStudyPad.swiftmodule/x86_64-apple-ios-simulator.swiftdoc

Copy /Users/mecid/Desktop/OKUL\ /projeler/NEXUS/NEXUSStudyPad/.build/Phase2HotfixRelease/Build/Products/Release-iphonesimulator/NEXUSStudyPad.swiftmodule/x86_64-apple-ios-simulator.abi.json /Users/mecid/Desktop/OKUL\ /projeler/NEXUS/NEXUSStudyPad/.build/Phase2HotfixRelease/Build/Intermediates.noindex/NEXUSStudyPad.build/Release-iphonesimulator/NEXUSStudyPad.build/Objects-normal/x86_64/NEXUSStudyPad.abi.json (in target 'NEXUSStudyPad' from project 'NEXUSStudyPad')
    cd /Users/mecid/Desktop/OKUL\ /projeler/NEXUS/NEXUSStudyPad
    builtin-copy -exclude .DS_Store -exclude CVS -exclude .svn -exclude .git -exclude .hg -strip-unsigned-binaries -strip-deterministic -strip-tool /Applications/Xcode.app/Contents/Developer/Toolchains/XcodeDefault.xctoolchain/usr/bin/strip -resolve-src-symlinks -rename /Users/mecid/Desktop/OKUL\ /projeler/NEXUS/NEXUSStudyPad/.build/Phase2HotfixRelease/Build/Intermediates.noindex/NEXUSStudyPad.build/Release-iphonesimulator/NEXUSStudyPad.build/Objects-normal/x86_64/NEXUSStudyPad.abi.json /Users/mecid/Desktop/OKUL\ /projeler/NEXUS/NEXUSStudyPad/.build/Phase2HotfixRelease/Build/Products/Release-iphonesimulator/NEXUSStudyPad.swiftmodule/x86_64-apple-ios-simulator.abi.json

Copy /Users/mecid/Desktop/OKUL\ /projeler/NEXUS/NEXUSStudyPad/.build/Phase2HotfixRelease/Build/Products/Release-iphonesimulator/NEXUSStudyPad.swiftmodule/x86_64-apple-ios-simulator.swiftmodule /Users/mecid/Desktop/OKUL\ /projeler/NEXUS/NEXUSStudyPad/.build/Phase2HotfixRelease/Build/Intermediates.noindex/NEXUSStudyPad.build/Release-iphonesimulator/NEXUSStudyPad.build/Objects-normal/x86_64/NEXUSStudyPad.swiftmodule (in target 'NEXUSStudyPad' from project 'NEXUSStudyPad')
    cd /Users/mecid/Desktop/OKUL\ /projeler/NEXUS/NEXUSStudyPad
    builtin-copy -exclude .DS_Store -exclude CVS -exclude .svn -exclude .git -exclude .hg -strip-unsigned-binaries -strip-deterministic -strip-tool /Applications/Xcode.app/Contents/Developer/Toolchains/XcodeDefault.xctoolchain/usr/bin/strip -resolve-src-symlinks -rename /Users/mecid/Desktop/OKUL\ /projeler/NEXUS/NEXUSStudyPad/.build/Phase2HotfixRelease/Build/Intermediates.noindex/NEXUSStudyPad.build/Release-iphonesimulator/NEXUSStudyPad.build/Objects-normal/x86_64/NEXUSStudyPad.swiftmodule /Users/mecid/Desktop/OKUL\ /projeler/NEXUS/NEXUSStudyPad/.build/Phase2HotfixRelease/Build/Products/Release-iphonesimulator/NEXUSStudyPad.swiftmodule/x86_64-apple-ios-simulator.swiftmodule

Copy /Users/mecid/Desktop/OKUL\ /projeler/NEXUS/NEXUSStudyPad/.build/Phase2HotfixRelease/Build/Products/Release-iphonesimulator/NEXUSStudyPad.swiftmodule/Project/x86_64-apple-ios-simulator.swiftsourceinfo /Users/mecid/Desktop/OKUL\ /projeler/NEXUS/NEXUSStudyPad/.build/Phase2HotfixRelease/Build/Intermediates.noindex/NEXUSStudyPad.build/Release-iphonesimulator/NEXUSStudyPad.build/Objects-normal/x86_64/NEXUSStudyPad.swiftsourceinfo (in target 'NEXUSStudyPad' from project 'NEXUSStudyPad')
    cd /Users/mecid/Desktop/OKUL\ /projeler/NEXUS/NEXUSStudyPad
    builtin-copy -exclude .DS_Store -exclude CVS -exclude .svn -exclude .git -exclude .hg -strip-unsigned-binaries -strip-deterministic -strip-tool /Applications/Xcode.app/Contents/Developer/Toolchains/XcodeDefault.xctoolchain/usr/bin/strip -resolve-src-symlinks -rename /Users/mecid/Desktop/OKUL\ /projeler/NEXUS/NEXUSStudyPad/.build/Phase2HotfixRelease/Build/Intermediates.noindex/NEXUSStudyPad.build/Release-iphonesimulator/NEXUSStudyPad.build/Objects-normal/x86_64/NEXUSStudyPad.swiftsourceinfo /Users/mecid/Desktop/OKUL\ /projeler/NEXUS/NEXUSStudyPad/.build/Phase2HotfixRelease/Build/Products/Release-iphonesimulator/NEXUSStudyPad.swiftmodule/Project/x86_64-apple-ios-simulator.swiftsourceinfo

SwiftDriverJobDiscovery normal arm64 Compiling NEXUSStudyPadApp.swift, RootView.swift, PencilCanvasView.swift, TerminalStates.swift, AppRoute.swift, PadDesignSystem.swift, CourseViews.swift, DocumentViews.swift, PDFKitViews.swift, HomeView.swift, HomeViewModel.swift, LectureViews.swift, NoteViews.swift, TaskViews.swift, TransferView.swift, StudyModels.swift, PersistenceController.swift, AudioRecordingService.swift, DocumentImportService.swift, StudyPadTransferService.swift, GeneratedAssetSymbols.swift (in target 'NEXUSStudyPad' from project 'NEXUSStudyPad')

SwiftDriver\ Compilation\ Requirements NEXUSStudyPad normal arm64 com.apple.xcode.tools.swift.compiler (in target 'NEXUSStudyPad' from project 'NEXUSStudyPad')
    cd /Users/mecid/Desktop/OKUL\ /projeler/NEXUS/NEXUSStudyPad
    builtin-Swift-Compilation-Requirements -- /Applications/Xcode.app/Contents/Developer/Toolchains/XcodeDefault.xctoolchain/usr/bin/swiftc -module-name NEXUSStudyPad -O -whole-module-optimization @/Users/mecid/Desktop/OKUL\ /projeler/NEXUS/NEXUSStudyPad/.build/Phase2HotfixRelease/Build/Intermediates.noindex/NEXUSStudyPad.build/Release-iphonesimulator/NEXUSStudyPad.build/Objects-normal/arm64/NEXUSStudyPad.SwiftFileList -strict-concurrency\=targeted -enable-bare-slash-regex -enable-experimental-feature DebugDescriptionMacro -sdk /Applications/Xcode.app/Contents/Developer/Platforms/iPhoneSimulator.platform/Developer/SDKs/iPhoneSimulator26.5.sdk -target arm64-apple-ios17.0-simulator -g -module-cache-path /Users/mecid/Desktop/OKUL\ /projeler/NEXUS/NEXUSStudyPad/.build/Phase2HotfixRelease/ModuleCache.noindex -Xfrontend -serialize-debugging-options -swift-version 5 -I /Users/mecid/Desktop/OKUL\ /projeler/NEXUS/NEXUSStudyPad/.build/Phase2HotfixRelease/Build/Products/Release-iphonesimulator -F /Users/mecid/Desktop/OKUL\ /projeler/NEXUS/NEXUSStudyPad/.build/Phase2HotfixRelease/Build/Products/Release-iphonesimulator -emit-localized-strings -emit-localized-strings-path /Users/mecid/Desktop/OKUL\ /projeler/NEXUS/NEXUSStudyPad/.build/Phase2HotfixRelease/Build/Intermediates.noindex/NEXUSStudyPad.build/Release-iphonesimulator/NEXUSStudyPad.build/Objects-normal/arm64 -c -num-threads 11 -Xcc -ivfsstatcache -Xcc /Users/mecid/Desktop/OKUL\ /projeler/NEXUS/NEXUSStudyPad/.build/Phase2HotfixRelease/SDKStatCaches.noindex/iphonesimulator26.5-23F81a-6cfe768891a92b912361537c460fe42b.sdkstatcache -output-file-map /Users/mecid/Desktop/OKUL\ /projeler/NEXUS/NEXUSStudyPad/.build/Phase2HotfixRelease/Build/Intermediates.noindex/NEXUSStudyPad.build/Release-iphonesimulator/NEXUSStudyPad.build/Objects-normal/arm64/NEXUSStudyPad-OutputFileMap.json -use-frontend-parseable-output -save-temps -no-color-diagnostics -explicit-module-build -module-cache-path /Users/mecid/Desktop/OKUL\ /projeler/NEXUS/NEXUSStudyPad/.build/Phase2HotfixRelease/Build/Intermediates.noindex/SwiftExplicitPrecompiledModules -clang-scanner-module-cache-path /Users/mecid/Desktop/OKUL\ /projeler/NEXUS/NEXUSStudyPad/.build/Phase2HotfixRelease/ModuleCache.noindex -sdk-module-cache-path /Users/mecid/Desktop/OKUL\ /projeler/NEXUS/NEXUSStudyPad/.build/Phase2HotfixRelease/ModuleCache.noindex -serialize-diagnostics -emit-dependencies -emit-module -emit-module-path /Users/mecid/Desktop/OKUL\ /projeler/NEXUS/NEXUSStudyPad/.build/Phase2HotfixRelease/Build/Intermediates.noindex/NEXUSStudyPad.build/Release-iphonesimulator/NEXUSStudyPad.build/Objects-normal/arm64/NEXUSStudyPad.swiftmodule -validate-clang-modules-once -clang-build-session-file /Users/mecid/Desktop/OKUL\ /projeler/NEXUS/NEXUSStudyPad/.build/Phase2HotfixRelease/ModuleCache.noindex/Session.modulevalidation -Xcc -I/Users/mecid/Desktop/OKUL\ /projeler/NEXUS/NEXUSStudyPad/.build/Phase2HotfixRelease/Build/Intermediates.noindex/NEXUSStudyPad.build/Release-iphonesimulator/NEXUSStudyPad.build/swift-overrides.hmap -emit-const-values -Xfrontend -const-gather-protocols-file -Xfrontend /Users/mecid/Desktop/OKUL\ /projeler/NEXUS/NEXUSStudyPad/.build/Phase2HotfixRelease/Build/Intermediates.noindex/NEXUSStudyPad.build/Release-iphonesimulator/NEXUSStudyPad.build/Objects-normal/arm64/NEXUSStudyPad_const_extract_protocols.json -Xcc -iquote -Xcc /Users/mecid/Desktop/OKUL\ /projeler/NEXUS/NEXUSStudyPad/.build/Phase2HotfixRelease/Build/Intermediates.noindex/NEXUSStudyPad.build/Release-iphonesimulator/NEXUSStudyPad.build/NEXUSStudyPad-generated-files.hmap -Xcc -I/Users/mecid/Desktop/OKUL\ /projeler/NEXUS/NEXUSStudyPad/.build/Phase2HotfixRelease/Build/Intermediates.noindex/NEXUSStudyPad.build/Release-iphonesimulator/NEXUSStudyPad.build/NEXUSStudyPad-own-target-headers.hmap -Xcc -I/Users/mecid/Desktop/OKUL\ /projeler/NEXUS/NEXUSStudyPad/.build/Phase2HotfixRelease/Build/Intermediates.noindex/NEXUSStudyPad.build/Release-iphonesimulator/NEXUSStudyPad.build/NEXUSStudyPad-all-target-headers.hmap -Xcc -iquote -Xcc /Users/mecid/Desktop/OKUL\ /projeler/NEXUS/NEXUSStudyPad/.build/Phase2HotfixRelease/Build/Intermediates.noindex/NEXUSStudyPad.build/Release-iphonesimulator/NEXUSStudyPad.build/NEXUSStudyPad-project-headers.hmap -Xcc -I/Users/mecid/Desktop/OKUL\ /projeler/NEXUS/NEXUSStudyPad/.build/Phase2HotfixRelease/Build/Products/Release-iphonesimulator/include -Xcc -I/Users/mecid/Desktop/OKUL\ /projeler/NEXUS/NEXUSStudyPad/.build/Phase2HotfixRelease/Build/Intermediates.noindex/NEXUSStudyPad.build/Release-iphonesimulator/NEXUSStudyPad.build/DerivedSources-normal/arm64 -Xcc -I/Users/mecid/Desktop/OKUL\ /projeler/NEXUS/NEXUSStudyPad/.build/Phase2HotfixRelease/Build/Intermediates.noindex/NEXUSStudyPad.build/Release-iphonesimulator/NEXUSStudyPad.build/DerivedSources/arm64 -Xcc -I/Users/mecid/Desktop/OKUL\ /projeler/NEXUS/NEXUSStudyPad/.build/Phase2HotfixRelease/Build/Intermediates.noindex/NEXUSStudyPad.build/Release-iphonesimulator/NEXUSStudyPad.build/DerivedSources -emit-objc-header -emit-objc-header-path /Users/mecid/Desktop/OKUL\ /projeler/NEXUS/NEXUSStudyPad/.build/Phase2HotfixRelease/Build/Intermediates.noindex/NEXUSStudyPad.build/Release-iphonesimulator/NEXUSStudyPad.build/Objects-normal/arm64/NEXUSStudyPad-Swift.h -working-directory /Users/mecid/Desktop/OKUL\ /projeler/NEXUS/NEXUSStudyPad -no-emit-module-separately-wmo

SwiftMergeGeneratedHeaders /Users/mecid/Desktop/OKUL\ /projeler/NEXUS/NEXUSStudyPad/.build/Phase2HotfixRelease/Build/Intermediates.noindex/NEXUSStudyPad.build/Release-iphonesimulator/NEXUSStudyPad.build/DerivedSources/NEXUSStudyPad-Swift.h /Users/mecid/Desktop/OKUL\ /projeler/NEXUS/NEXUSStudyPad/.build/Phase2HotfixRelease/Build/Intermediates.noindex/NEXUSStudyPad.build/Release-iphonesimulator/NEXUSStudyPad.build/Objects-normal/arm64/NEXUSStudyPad-Swift.h /Users/mecid/Desktop/OKUL\ /projeler/NEXUS/NEXUSStudyPad/.build/Phase2HotfixRelease/Build/Intermediates.noindex/NEXUSStudyPad.build/Release-iphonesimulator/NEXUSStudyPad.build/Objects-normal/x86_64/NEXUSStudyPad-Swift.h (in target 'NEXUSStudyPad' from project 'NEXUSStudyPad')
    cd /Users/mecid/Desktop/OKUL\ /projeler/NEXUS/NEXUSStudyPad
    builtin-swiftHeaderTool -arch arm64 /Users/mecid/Desktop/OKUL\ /projeler/NEXUS/NEXUSStudyPad/.build/Phase2HotfixRelease/Build/Intermediates.noindex/NEXUSStudyPad.build/Release-iphonesimulator/NEXUSStudyPad.build/Objects-normal/arm64/NEXUSStudyPad-Swift.h -arch x86_64 /Users/mecid/Desktop/OKUL\ /projeler/NEXUS/NEXUSStudyPad/.build/Phase2HotfixRelease/Build/Intermediates.noindex/NEXUSStudyPad.build/Release-iphonesimulator/NEXUSStudyPad.build/Objects-normal/x86_64/NEXUSStudyPad-Swift.h -o /Users/mecid/Desktop/OKUL\ /projeler/NEXUS/NEXUSStudyPad/.build/Phase2HotfixRelease/Build/Intermediates.noindex/NEXUSStudyPad.build/Release-iphonesimulator/NEXUSStudyPad.build/DerivedSources/NEXUSStudyPad-Swift.h

Copy /Users/mecid/Desktop/OKUL\ /projeler/NEXUS/NEXUSStudyPad/.build/Phase2HotfixRelease/Build/Products/Release-iphonesimulator/NEXUSStudyPad.swiftmodule/arm64-apple-ios-simulator.abi.json /Users/mecid/Desktop/OKUL\ /projeler/NEXUS/NEXUSStudyPad/.build/Phase2HotfixRelease/Build/Intermediates.noindex/NEXUSStudyPad.build/Release-iphonesimulator/NEXUSStudyPad.build/Objects-normal/arm64/NEXUSStudyPad.abi.json (in target 'NEXUSStudyPad' from project 'NEXUSStudyPad')
    cd /Users/mecid/Desktop/OKUL\ /projeler/NEXUS/NEXUSStudyPad
    builtin-copy -exclude .DS_Store -exclude CVS -exclude .svn -exclude .git -exclude .hg -strip-unsigned-binaries -strip-deterministic -strip-tool /Applications/Xcode.app/Contents/Developer/Toolchains/XcodeDefault.xctoolchain/usr/bin/strip -resolve-src-symlinks -rename /Users/mecid/Desktop/OKUL\ /projeler/NEXUS/NEXUSStudyPad/.build/Phase2HotfixRelease/Build/Intermediates.noindex/NEXUSStudyPad.build/Release-iphonesimulator/NEXUSStudyPad.build/Objects-normal/arm64/NEXUSStudyPad.abi.json /Users/mecid/Desktop/OKUL\ /projeler/NEXUS/NEXUSStudyPad/.build/Phase2HotfixRelease/Build/Products/Release-iphonesimulator/NEXUSStudyPad.swiftmodule/arm64-apple-ios-simulator.abi.json

Copy /Users/mecid/Desktop/OKUL\ /projeler/NEXUS/NEXUSStudyPad/.build/Phase2HotfixRelease/Build/Products/Release-iphonesimulator/NEXUSStudyPad.swiftmodule/arm64-apple-ios-simulator.swiftdoc /Users/mecid/Desktop/OKUL\ /projeler/NEXUS/NEXUSStudyPad/.build/Phase2HotfixRelease/Build/Intermediates.noindex/NEXUSStudyPad.build/Release-iphonesimulator/NEXUSStudyPad.build/Objects-normal/arm64/NEXUSStudyPad.swiftdoc (in target 'NEXUSStudyPad' from project 'NEXUSStudyPad')
    cd /Users/mecid/Desktop/OKUL\ /projeler/NEXUS/NEXUSStudyPad
    builtin-copy -exclude .DS_Store -exclude CVS -exclude .svn -exclude .git -exclude .hg -strip-unsigned-binaries -strip-deterministic -strip-tool /Applications/Xcode.app/Contents/Developer/Toolchains/XcodeDefault.xctoolchain/usr/bin/strip -resolve-src-symlinks -rename /Users/mecid/Desktop/OKUL\ /projeler/NEXUS/NEXUSStudyPad/.build/Phase2HotfixRelease/Build/Intermediates.noindex/NEXUSStudyPad.build/Release-iphonesimulator/NEXUSStudyPad.build/Objects-normal/arm64/NEXUSStudyPad.swiftdoc /Users/mecid/Desktop/OKUL\ /projeler/NEXUS/NEXUSStudyPad/.build/Phase2HotfixRelease/Build/Products/Release-iphonesimulator/NEXUSStudyPad.swiftmodule/arm64-apple-ios-simulator.swiftdoc

Copy /Users/mecid/Desktop/OKUL\ /projeler/NEXUS/NEXUSStudyPad/.build/Phase2HotfixRelease/Build/Products/Release-iphonesimulator/NEXUSStudyPad.swiftmodule/arm64-apple-ios-simulator.swiftmodule /Users/mecid/Desktop/OKUL\ /projeler/NEXUS/NEXUSStudyPad/.build/Phase2HotfixRelease/Build/Intermediates.noindex/NEXUSStudyPad.build/Release-iphonesimulator/NEXUSStudyPad.build/Objects-normal/arm64/NEXUSStudyPad.swiftmodule (in target 'NEXUSStudyPad' from project 'NEXUSStudyPad')
    cd /Users/mecid/Desktop/OKUL\ /projeler/NEXUS/NEXUSStudyPad
    builtin-copy -exclude .DS_Store -exclude CVS -exclude .svn -exclude .git -exclude .hg -strip-unsigned-binaries -strip-deterministic -strip-tool /Applications/Xcode.app/Contents/Developer/Toolchains/XcodeDefault.xctoolchain/usr/bin/strip -resolve-src-symlinks -rename /Users/mecid/Desktop/OKUL\ /projeler/NEXUS/NEXUSStudyPad/.build/Phase2HotfixRelease/Build/Intermediates.noindex/NEXUSStudyPad.build/Release-iphonesimulator/NEXUSStudyPad.build/Objects-normal/arm64/NEXUSStudyPad.swiftmodule /Users/mecid/Desktop/OKUL\ /projeler/NEXUS/NEXUSStudyPad/.build/Phase2HotfixRelease/Build/Products/Release-iphonesimulator/NEXUSStudyPad.swiftmodule/arm64-apple-ios-simulator.swiftmodule

Copy /Users/mecid/Desktop/OKUL\ /projeler/NEXUS/NEXUSStudyPad/.build/Phase2HotfixRelease/Build/Products/Release-iphonesimulator/NEXUSStudyPad.swiftmodule/Project/arm64-apple-ios-simulator.swiftsourceinfo /Users/mecid/Desktop/OKUL\ /projeler/NEXUS/NEXUSStudyPad/.build/Phase2HotfixRelease/Build/Intermediates.noindex/NEXUSStudyPad.build/Release-iphonesimulator/NEXUSStudyPad.build/Objects-normal/arm64/NEXUSStudyPad.swiftsourceinfo (in target 'NEXUSStudyPad' from project 'NEXUSStudyPad')
    cd /Users/mecid/Desktop/OKUL\ /projeler/NEXUS/NEXUSStudyPad
    builtin-copy -exclude .DS_Store -exclude CVS -exclude .svn -exclude .git -exclude .hg -strip-unsigned-binaries -strip-deterministic -strip-tool /Applications/Xcode.app/Contents/Developer/Toolchains/XcodeDefault.xctoolchain/usr/bin/strip -resolve-src-symlinks -rename /Users/mecid/Desktop/OKUL\ /projeler/NEXUS/NEXUSStudyPad/.build/Phase2HotfixRelease/Build/Intermediates.noindex/NEXUSStudyPad.build/Release-iphonesimulator/NEXUSStudyPad.build/Objects-normal/arm64/NEXUSStudyPad.swiftsourceinfo /Users/mecid/Desktop/OKUL\ /projeler/NEXUS/NEXUSStudyPad/.build/Phase2HotfixRelease/Build/Products/Release-iphonesimulator/NEXUSStudyPad.swiftmodule/Project/arm64-apple-ios-simulator.swiftsourceinfo

Ld /Users/mecid/Desktop/OKUL\ /projeler/NEXUS/NEXUSStudyPad/.build/Phase2HotfixRelease/Build/Intermediates.noindex/NEXUSStudyPad.build/Release-iphonesimulator/NEXUSStudyPad.build/Objects-normal/arm64/Binary/NEXUSStudyPad normal arm64 (in target 'NEXUSStudyPad' from project 'NEXUSStudyPad')
    cd /Users/mecid/Desktop/OKUL\ /projeler/NEXUS/NEXUSStudyPad
    /Applications/Xcode.app/Contents/Developer/Toolchains/XcodeDefault.xctoolchain/usr/bin/clang -Xlinker -reproducible -target arm64-apple-ios17.0-simulator -isysroot /Applications/Xcode.app/Contents/Developer/Platforms/iPhoneSimulator.platform/Developer/SDKs/iPhoneSimulator26.5.sdk -Os -L/Users/mecid/Desktop/OKUL\ /projeler/NEXUS/NEXUSStudyPad/.build/Phase2HotfixRelease/Build/Intermediates.noindex/EagerLinkingTBDs/Release-iphonesimulator -L/Users/mecid/Desktop/OKUL\ /projeler/NEXUS/NEXUSStudyPad/.build/Phase2HotfixRelease/Build/Products/Release-iphonesimulator -F/Users/mecid/Desktop/OKUL\ /projeler/NEXUS/NEXUSStudyPad/.build/Phase2HotfixRelease/Build/Intermediates.noindex/EagerLinkingTBDs/Release-iphonesimulator -F/Users/mecid/Desktop/OKUL\ /projeler/NEXUS/NEXUSStudyPad/.build/Phase2HotfixRelease/Build/Products/Release-iphonesimulator -filelist /Users/mecid/Desktop/OKUL\ /projeler/NEXUS/NEXUSStudyPad/.build/Phase2HotfixRelease/Build/Intermediates.noindex/NEXUSStudyPad.build/Release-iphonesimulator/NEXUSStudyPad.build/Objects-normal/arm64/NEXUSStudyPad.LinkFileList -Xlinker -rpath -Xlinker /usr/lib/swift -Xlinker -rpath -Xlinker @executable_path/Frameworks -Xlinker -dead_strip -Xlinker -object_path_lto -Xlinker /Users/mecid/Desktop/OKUL\ /projeler/NEXUS/NEXUSStudyPad/.build/Phase2HotfixRelease/Build/Intermediates.noindex/NEXUSStudyPad.build/Release-iphonesimulator/NEXUSStudyPad.build/Objects-normal/arm64/NEXUSStudyPad_lto.o -Xlinker -objc_abi_version -Xlinker 2 -Xlinker -dependency_info -Xlinker /Users/mecid/Desktop/OKUL\ /projeler/NEXUS/NEXUSStudyPad/.build/Phase2HotfixRelease/Build/Intermediates.noindex/NEXUSStudyPad.build/Release-iphonesimulator/NEXUSStudyPad.build/Objects-normal/arm64/NEXUSStudyPad_dependency_info.dat -fobjc-link-runtime -L/Applications/Xcode.app/Contents/Developer/Toolchains/XcodeDefault.xctoolchain/usr/lib/swift/iphonesimulator -L/usr/lib/swift -Xlinker -add_ast_path -Xlinker /Users/mecid/Desktop/OKUL\ /projeler/NEXUS/NEXUSStudyPad/.build/Phase2HotfixRelease/Build/Intermediates.noindex/NEXUSStudyPad.build/Release-iphonesimulator/NEXUSStudyPad.build/Objects-normal/arm64/NEXUSStudyPad.swiftmodule @/Users/mecid/Desktop/OKUL\ /projeler/NEXUS/NEXUSStudyPad/.build/Phase2HotfixRelease/Build/Intermediates.noindex/NEXUSStudyPad.build/Release-iphonesimulator/NEXUSStudyPad.build/Objects-normal/arm64/NEXUSStudyPad-linker-args.resp -o /Users/mecid/Desktop/OKUL\ /projeler/NEXUS/NEXUSStudyPad/.build/Phase2HotfixRelease/Build/Intermediates.noindex/NEXUSStudyPad.build/Release-iphonesimulator/NEXUSStudyPad.build/Objects-normal/arm64/Binary/NEXUSStudyPad

Ld /Users/mecid/Desktop/OKUL\ /projeler/NEXUS/NEXUSStudyPad/.build/Phase2HotfixRelease/Build/Intermediates.noindex/NEXUSStudyPad.build/Release-iphonesimulator/NEXUSStudyPad.build/Objects-normal/x86_64/Binary/NEXUSStudyPad normal x86_64 (in target 'NEXUSStudyPad' from project 'NEXUSStudyPad')
    cd /Users/mecid/Desktop/OKUL\ /projeler/NEXUS/NEXUSStudyPad
    /Applications/Xcode.app/Contents/Developer/Toolchains/XcodeDefault.xctoolchain/usr/bin/clang -Xlinker -reproducible -target x86_64-apple-ios17.0-simulator -isysroot /Applications/Xcode.app/Contents/Developer/Platforms/iPhoneSimulator.platform/Developer/SDKs/iPhoneSimulator26.5.sdk -Os -L/Users/mecid/Desktop/OKUL\ /projeler/NEXUS/NEXUSStudyPad/.build/Phase2HotfixRelease/Build/Intermediates.noindex/EagerLinkingTBDs/Release-iphonesimulator -L/Users/mecid/Desktop/OKUL\ /projeler/NEXUS/NEXUSStudyPad/.build/Phase2HotfixRelease/Build/Products/Release-iphonesimulator -F/Users/mecid/Desktop/OKUL\ /projeler/NEXUS/NEXUSStudyPad/.build/Phase2HotfixRelease/Build/Intermediates.noindex/EagerLinkingTBDs/Release-iphonesimulator -F/Users/mecid/Desktop/OKUL\ /projeler/NEXUS/NEXUSStudyPad/.build/Phase2HotfixRelease/Build/Products/Release-iphonesimulator -filelist /Users/mecid/Desktop/OKUL\ /projeler/NEXUS/NEXUSStudyPad/.build/Phase2HotfixRelease/Build/Intermediates.noindex/NEXUSStudyPad.build/Release-iphonesimulator/NEXUSStudyPad.build/Objects-normal/x86_64/NEXUSStudyPad.LinkFileList -Xlinker -rpath -Xlinker /usr/lib/swift -Xlinker -rpath -Xlinker @executable_path/Frameworks -Xlinker -dead_strip -Xlinker -object_path_lto -Xlinker /Users/mecid/Desktop/OKUL\ /projeler/NEXUS/NEXUSStudyPad/.build/Phase2HotfixRelease/Build/Intermediates.noindex/NEXUSStudyPad.build/Release-iphonesimulator/NEXUSStudyPad.build/Objects-normal/x86_64/NEXUSStudyPad_lto.o -Xlinker -objc_abi_version -Xlinker 2 -Xlinker -dependency_info -Xlinker /Users/mecid/Desktop/OKUL\ /projeler/NEXUS/NEXUSStudyPad/.build/Phase2HotfixRelease/Build/Intermediates.noindex/NEXUSStudyPad.build/Release-iphonesimulator/NEXUSStudyPad.build/Objects-normal/x86_64/NEXUSStudyPad_dependency_info.dat -fobjc-link-runtime -L/Applications/Xcode.app/Contents/Developer/Toolchains/XcodeDefault.xctoolchain/usr/lib/swift/iphonesimulator -L/usr/lib/swift -Xlinker -add_ast_path -Xlinker /Users/mecid/Desktop/OKUL\ /projeler/NEXUS/NEXUSStudyPad/.build/Phase2HotfixRelease/Build/Intermediates.noindex/NEXUSStudyPad.build/Release-iphonesimulator/NEXUSStudyPad.build/Objects-normal/x86_64/NEXUSStudyPad.swiftmodule @/Users/mecid/Desktop/OKUL\ /projeler/NEXUS/NEXUSStudyPad/.build/Phase2HotfixRelease/Build/Intermediates.noindex/NEXUSStudyPad.build/Release-iphonesimulator/NEXUSStudyPad.build/Objects-normal/x86_64/NEXUSStudyPad-linker-args.resp -o /Users/mecid/Desktop/OKUL\ /projeler/NEXUS/NEXUSStudyPad/.build/Phase2HotfixRelease/Build/Intermediates.noindex/NEXUSStudyPad.build/Release-iphonesimulator/NEXUSStudyPad.build/Objects-normal/x86_64/Binary/NEXUSStudyPad

CreateUniversalBinary /Users/mecid/Desktop/OKUL\ /projeler/NEXUS/NEXUSStudyPad/.build/Phase2HotfixRelease/Build/Products/Release-iphonesimulator/NEXUSStudyPad.app/NEXUSStudyPad normal arm64\ x86_64 (in target 'NEXUSStudyPad' from project 'NEXUSStudyPad')
    cd /Users/mecid/Desktop/OKUL\ /projeler/NEXUS/NEXUSStudyPad
    /Applications/Xcode.app/Contents/Developer/Toolchains/XcodeDefault.xctoolchain/usr/bin/lipo -create /Users/mecid/Desktop/OKUL\ /projeler/NEXUS/NEXUSStudyPad/.build/Phase2HotfixRelease/Build/Intermediates.noindex/NEXUSStudyPad.build/Release-iphonesimulator/NEXUSStudyPad.build/Objects-normal/arm64/Binary/NEXUSStudyPad /Users/mecid/Desktop/OKUL\ /projeler/NEXUS/NEXUSStudyPad/.build/Phase2HotfixRelease/Build/Intermediates.noindex/NEXUSStudyPad.build/Release-iphonesimulator/NEXUSStudyPad.build/Objects-normal/x86_64/Binary/NEXUSStudyPad -output /Users/mecid/Desktop/OKUL\ /projeler/NEXUS/NEXUSStudyPad/.build/Phase2HotfixRelease/Build/Products/Release-iphonesimulator/NEXUSStudyPad.app/NEXUSStudyPad

CopySwiftLibs /Users/mecid/Desktop/OKUL\ /projeler/NEXUS/NEXUSStudyPad/.build/Phase2HotfixRelease/Build/Products/Release-iphonesimulator/NEXUSStudyPad.app (in target 'NEXUSStudyPad' from project 'NEXUSStudyPad')
    cd /Users/mecid/Desktop/OKUL\ /projeler/NEXUS/NEXUSStudyPad
    builtin-swiftStdLibTool --copy --verbose --scan-executable /Users/mecid/Desktop/OKUL\ /projeler/NEXUS/NEXUSStudyPad/.build/Phase2HotfixRelease/Build/Products/Release-iphonesimulator/NEXUSStudyPad.app/NEXUSStudyPad --scan-folder /Users/mecid/Desktop/OKUL\ /projeler/NEXUS/NEXUSStudyPad/.build/Phase2HotfixRelease/Build/Products/Release-iphonesimulator/NEXUSStudyPad.app/Frameworks --scan-folder /Users/mecid/Desktop/OKUL\ /projeler/NEXUS/NEXUSStudyPad/.build/Phase2HotfixRelease/Build/Products/Release-iphonesimulator/NEXUSStudyPad.app/PlugIns --scan-folder /Users/mecid/Desktop/OKUL\ /projeler/NEXUS/NEXUSStudyPad/.build/Phase2HotfixRelease/Build/Products/Release-iphonesimulator/NEXUSStudyPad.app/SystemExtensions --scan-folder /Users/mecid/Desktop/OKUL\ /projeler/NEXUS/NEXUSStudyPad/.build/Phase2HotfixRelease/Build/Products/Release-iphonesimulator/NEXUSStudyPad.app/Extensions --platform iphonesimulator --toolchain /Applications/Xcode.app/Contents/Developer/Toolchains/XcodeDefault.xctoolchain --destination /Users/mecid/Desktop/OKUL\ /projeler/NEXUS/NEXUSStudyPad/.build/Phase2HotfixRelease/Build/Products/Release-iphonesimulator/NEXUSStudyPad.app/Frameworks --strip-bitcode --strip-bitcode-tool /Applications/Xcode.app/Contents/Developer/Toolchains/XcodeDefault.xctoolchain/usr/bin/bitcode_strip --emit-dependency-info /Users/mecid/Desktop/OKUL\ /projeler/NEXUS/NEXUSStudyPad/.build/Phase2HotfixRelease/Build/Intermediates.noindex/NEXUSStudyPad.build/Release-iphonesimulator/NEXUSStudyPad.build/SwiftStdLibToolInputDependencies.dep --filter-for-swift-os --back-deploy-swift-span
Ignoring --strip-bitcode because --sign was not passed

ExtractAppIntentsMetadata (in target 'NEXUSStudyPad' from project 'NEXUSStudyPad')
    cd /Users/mecid/Desktop/OKUL\ /projeler/NEXUS/NEXUSStudyPad
    /Applications/Xcode.app/Contents/Developer/Toolchains/XcodeDefault.xctoolchain/usr/bin/appintentsmetadataprocessor --toolchain-dir /Applications/Xcode.app/Contents/Developer/Toolchains/XcodeDefault.xctoolchain --module-name NEXUSStudyPad --sdk-root /Applications/Xcode.app/Contents/Developer/Platforms/iPhoneSimulator.platform/Developer/SDKs/iPhoneSimulator26.5.sdk --xcode-version 17F113 --platform-family iOS --deployment-target 17.0 --bundle-identifier com.nexus.studypad --output /Users/mecid/Desktop/OKUL\ /projeler/NEXUS/NEXUSStudyPad/.build/Phase2HotfixRelease/Build/Products/Release-iphonesimulator/NEXUSStudyPad.app --target-triple arm64-apple-ios17.0-simulator --target-triple x86_64-apple-ios17.0-simulator --binary-file /Users/mecid/Desktop/OKUL\ /projeler/NEXUS/NEXUSStudyPad/.build/Phase2HotfixRelease/Build/Products/Release-iphonesimulator/NEXUSStudyPad.app/NEXUSStudyPad --dependency-file /Users/mecid/Desktop/OKUL\ /projeler/NEXUS/NEXUSStudyPad/.build/Phase2HotfixRelease/Build/Intermediates.noindex/NEXUSStudyPad.build/Release-iphonesimulator/NEXUSStudyPad.build/Objects-normal/arm64/NEXUSStudyPad_dependency_info.dat --dependency-file /Users/mecid/Desktop/OKUL\ /projeler/NEXUS/NEXUSStudyPad/.build/Phase2HotfixRelease/Build/Intermediates.noindex/NEXUSStudyPad.build/Release-iphonesimulator/NEXUSStudyPad.build/Objects-normal/x86_64/NEXUSStudyPad_dependency_info.dat --stringsdata-file /Users/mecid/Desktop/OKUL\ /projeler/NEXUS/NEXUSStudyPad/.build/Phase2HotfixRelease/Build/Intermediates.noindex/NEXUSStudyPad.build/Release-iphonesimulator/NEXUSStudyPad.build/Objects-normal/arm64/ExtractedAppShortcutsMetadata.stringsdata --stringsdata-file /Users/mecid/Desktop/OKUL\ /projeler/NEXUS/NEXUSStudyPad/.build/Phase2HotfixRelease/Build/Intermediates.noindex/NEXUSStudyPad.build/Release-iphonesimulator/NEXUSStudyPad.build/Objects-normal/x86_64/ExtractedAppShortcutsMetadata.stringsdata --source-file-list /Users/mecid/Desktop/OKUL\ /projeler/NEXUS/NEXUSStudyPad/.build/Phase2HotfixRelease/Build/Intermediates.noindex/NEXUSStudyPad.build/Release-iphonesimulator/NEXUSStudyPad.build/Objects-normal/arm64/NEXUSStudyPad.SwiftFileList --source-file-list /Users/mecid/Desktop/OKUL\ /projeler/NEXUS/NEXUSStudyPad/.build/Phase2HotfixRelease/Build/Intermediates.noindex/NEXUSStudyPad.build/Release-iphonesimulator/NEXUSStudyPad.build/Objects-normal/x86_64/NEXUSStudyPad.SwiftFileList --metadata-file-list /Users/mecid/Desktop/OKUL\ /projeler/NEXUS/NEXUSStudyPad/.build/Phase2HotfixRelease/Build/Intermediates.noindex/NEXUSStudyPad.build/Release-iphonesimulator/NEXUSStudyPad.build/NEXUSStudyPad.DependencyMetadataFileList --static-metadata-file-list /Users/mecid/Desktop/OKUL\ /projeler/NEXUS/NEXUSStudyPad/.build/Phase2HotfixRelease/Build/Intermediates.noindex/NEXUSStudyPad.build/Release-iphonesimulator/NEXUSStudyPad.build/NEXUSStudyPad.DependencyStaticMetadataFileList --swift-const-vals-list /Users/mecid/Desktop/OKUL\ /projeler/NEXUS/NEXUSStudyPad/.build/Phase2HotfixRelease/Build/Intermediates.noindex/NEXUSStudyPad.build/Release-iphonesimulator/NEXUSStudyPad.build/Objects-normal/arm64/NEXUSStudyPad.SwiftConstValuesFileList --swift-const-vals-list /Users/mecid/Desktop/OKUL\ /projeler/NEXUS/NEXUSStudyPad/.build/Phase2HotfixRelease/Build/Intermediates.noindex/NEXUSStudyPad.build/Release-iphonesimulator/NEXUSStudyPad.build/Objects-normal/x86_64/NEXUSStudyPad.SwiftConstValuesFileList --compile-time-extraction --deployment-aware-processing --validate-assistant-intents --no-app-shortcuts-localization
2026-08-30 01:30:36.571 appintentsmetadataprocessor[62814:923961] Starting appintentsmetadataprocessor export
2026-08-30 01:30:36.572 appintentsmetadataprocessor[62814:923961] warning: Metadata extraction skipped. No AppIntents.framework dependency found.

GenerateDSYMFile /Users/mecid/Desktop/OKUL\ /projeler/NEXUS/NEXUSStudyPad/.build/Phase2HotfixRelease/Build/Products/Release-iphonesimulator/NEXUSStudyPad.app.dSYM /Users/mecid/Desktop/OKUL\ /projeler/NEXUS/NEXUSStudyPad/.build/Phase2HotfixRelease/Build/Products/Release-iphonesimulator/NEXUSStudyPad.app/NEXUSStudyPad (in target 'NEXUSStudyPad' from project 'NEXUSStudyPad')
    cd /Users/mecid/Desktop/OKUL\ /projeler/NEXUS/NEXUSStudyPad
    /Applications/Xcode.app/Contents/Developer/Toolchains/XcodeDefault.xctoolchain/usr/bin/dsymutil /Users/mecid/Desktop/OKUL\ /projeler/NEXUS/NEXUSStudyPad/.build/Phase2HotfixRelease/Build/Products/Release-iphonesimulator/NEXUSStudyPad.app/NEXUSStudyPad -o /Users/mecid/Desktop/OKUL\ /projeler/NEXUS/NEXUSStudyPad/.build/Phase2HotfixRelease/Build/Products/Release-iphonesimulator/NEXUSStudyPad.app.dSYM

AppIntentsSSUTraining (in target 'NEXUSStudyPad' from project 'NEXUSStudyPad')
    cd /Users/mecid/Desktop/OKUL\ /projeler/NEXUS/NEXUSStudyPad
    /Applications/Xcode.app/Contents/Developer/Toolchains/XcodeDefault.xctoolchain/usr/bin/appintentsnltrainingprocessor --infoplist-path /Users/mecid/Desktop/OKUL\ /projeler/NEXUS/NEXUSStudyPad/.build/Phase2HotfixRelease/Build/Products/Release-iphonesimulator/NEXUSStudyPad.app/Info.plist --temp-dir-path /Users/mecid/Desktop/OKUL\ /projeler/NEXUS/NEXUSStudyPad/.build/Phase2HotfixRelease/Build/Intermediates.noindex/NEXUSStudyPad.build/Release-iphonesimulator/NEXUSStudyPad.build/ssu --bundle-id com.nexus.studypad --product-path /Users/mecid/Desktop/OKUL\ /projeler/NEXUS/NEXUSStudyPad/.build/Phase2HotfixRelease/Build/Products/Release-iphonesimulator/NEXUSStudyPad.app --extracted-metadata-path /Users/mecid/Desktop/OKUL\ /projeler/NEXUS/NEXUSStudyPad/.build/Phase2HotfixRelease/Build/Products/Release-iphonesimulator/NEXUSStudyPad.app/Metadata.appintents --metadata-file-list /Users/mecid/Desktop/OKUL\ /projeler/NEXUS/NEXUSStudyPad/.build/Phase2HotfixRelease/Build/Intermediates.noindex/NEXUSStudyPad.build/Release-iphonesimulator/NEXUSStudyPad.build/NEXUSStudyPad.DependencyMetadataFileList --source-file /Users/mecid/Desktop/OKUL\ /projeler/NEXUS/NEXUSStudyPad/.build/Phase2HotfixRelease/Build/Products/Release-iphonesimulator/NEXUSStudyPad.app/Info.plist --archive-ssu-assets
2026-08-30 01:30:36.592 appintentsnltrainingprocessor[62816:923966] Parsing options for appintentsnltrainingprocessor
2026-08-30 01:30:36.592 appintentsnltrainingprocessor[62816:923966] Starting AppIntents SSU YAML Generation
2026-08-30 01:30:36.592 appintentsnltrainingprocessor[62816:923966] No AppShortcuts found - Skipping.

RegisterExecutionPolicyException /Users/mecid/Desktop/OKUL\ /projeler/NEXUS/NEXUSStudyPad/.build/Phase2HotfixRelease/Build/Products/Release-iphonesimulator/NEXUSStudyPad.app (in target 'NEXUSStudyPad' from project 'NEXUSStudyPad')
    cd /Users/mecid/Desktop/OKUL\ /projeler/NEXUS/NEXUSStudyPad
    builtin-RegisterExecutionPolicyException /Users/mecid/Desktop/OKUL\ /projeler/NEXUS/NEXUSStudyPad/.build/Phase2HotfixRelease/Build/Products/Release-iphonesimulator/NEXUSStudyPad.app

Validate /Users/mecid/Desktop/OKUL\ /projeler/NEXUS/NEXUSStudyPad/.build/Phase2HotfixRelease/Build/Products/Release-iphonesimulator/NEXUSStudyPad.app (in target 'NEXUSStudyPad' from project 'NEXUSStudyPad')
    cd /Users/mecid/Desktop/OKUL\ /projeler/NEXUS/NEXUSStudyPad
    builtin-validationUtility /Users/mecid/Desktop/OKUL\ /projeler/NEXUS/NEXUSStudyPad/.build/Phase2HotfixRelease/Build/Products/Release-iphonesimulator/NEXUSStudyPad.app -validate-for-store -shallow-bundle -infoplist-subpath Info.plist

Touch /Users/mecid/Desktop/OKUL\ /projeler/NEXUS/NEXUSStudyPad/.build/Phase2HotfixRelease/Build/Products/Release-iphonesimulator/NEXUSStudyPad.app (in target 'NEXUSStudyPad' from project 'NEXUSStudyPad')
    cd /Users/mecid/Desktop/OKUL\ /projeler/NEXUS/NEXUSStudyPad
    /usr/bin/touch -c /Users/mecid/Desktop/OKUL\ /projeler/NEXUS/NEXUSStudyPad/.build/Phase2HotfixRelease/Build/Products/Release-iphonesimulator/NEXUSStudyPad.app

** BUILD SUCCEEDED **

